<?xml version="1.0" encoding="UTF-8"?>
<ACT xmlns:xsi="http://www.w3.org/2001/XMLSchema-instance" xsi:noNamespaceSchemaLocation="http://formex.publications.europa.eu/schema/formex-06.02.3-20250123.xd" NNC="YES"><BIB.INSTANCE><DOCUMENT.REF FILE="L_202502532EN.doc.fmx.xml"><COLL>L</COLL><NO.DOC FORMAT="YN" TYPE="OJ"><COM>EU</COM><YEAR>2025</YEAR><NO.CURRENT>2532</NO.CURRENT></NO.DOC><LG.OJ>EN</LG.OJ><PAGE.FIRST>1</PAGE.FIRST><PAGE.SEQ>1</PAGE.SEQ><VOLUME.REF>01</VOLUME.REF></DOCUMENT.REF><DATE ISO="20251216">20251216</DATE><LG.DOC>EN</LG.DOC><NO.SEQ>0001</NO.SEQ><PAGE.FIRST>1</PAGE.FIRST><PAGE.SEQ>1</PAGE.SEQ><PAGE.LAST>3</PAGE.LAST><PAGE.TOTAL>3</PAGE.TOTAL><NO.DOC FORMAT="YN" TYPE="OJ"><COM>EU</COM><YEAR>2025</YEAR><NO.CURRENT>2532</NO.CURRENT></NO.DOC></BIB.INSTANCE><TITLE><TI><P><HT TYPE="UC">Commission Implementing Regulation</HT> (EU) 2025/2532</P><P>of <DATE ISO="20251216">16 December 2025</DATE></P><P>laying down rules for the application of Regulation (EU) No 910/2014 of the European Parliament and of the Council as regards reference standards and specifications for qualified electronic archiving services</P></TI></TITLE><PREAMBLE><PREAMBLE.INIT>THE EUROPEAN COMMISSION,</PREAMBLE.INIT><GR.VISA><VISA>Having regard to the Treaty on the Functioning of the European Union,</VISA><VISA>Having regard to Regulation (EU) No 910/2014 of the European Parliament and of the Council of <DATE ISO="20140723">23 July 2014</DATE> on electronic identification and trust services for electronic transactions in the internal market and repealing Directive 1999/93/EC<NOTE TYPE="FOOTNOTE" NUMBERING.CONTINUED="YES" NOTE.ID="E0001" NUMBERING="ARAB"><P><REF.DOC.OJ NO.OJ="257" DATE.PUB="20140828" PAGE.FIRST="73" COLL="L">OJ L 257, 28.8.2014, p. 73</REF.DOC.OJ>, ELI: <LINK URI="http://data.europa.eu/eli/reg/2014/910/oj">http://data.europa.eu/eli/reg/2014/910/oj</LINK>.</P></NOTE>, and in particular Article 45j(2) thereof,</VISA></GR.VISA><GR.CONSID><GR.CONSID.INIT>Whereas:</GR.CONSID.INIT><CONSID><NP><NO.P>(1)</NO.P><TXT>By Regulation (EU) 2024/1183 of the European Parliament and of the Council<NOTE TYPE="FOOTNOTE" NUMBERING.CONTINUED="YES" NOTE.ID="E0002" NUMBERING="ARAB"><P>Regulation (EU) 2024/1183 of the European Parliament and of the Council of <DATE ISO="20240411">11 April 2024</DATE> amending Regulation (EU) No 910/2014 as regards establishing the European Digital Identity Framework (<REF.DOC COLL="L" DATE.PUB="20240430" NO.DOC="1183" URI="http://data.europa.eu/eli/reg/2024/1183/oj" CONTEXT="EUR-LEX">OJ L, 2024/1183, 30.4.2024, ELI: http://data.europa.eu/eli/reg/2024/1183/oj</REF.DOC>).</P></NOTE>, a list of new trust services and qualified trust services, including the qualified electronic archiving service, was introduced in Regulation (EU) No 910/2014. The Commission is to establish a list of reference standards and, where necessary, establish specifications for such services.</TXT></NP></CONSID><CONSID><NP><NO.P>(2)</NO.P><TXT>Electronic archiving is a service for the receipt, storage, retrieval and deletion of electronic data and electronic documents to ensure their durability and legibility as well as to preserve their integrity, confidentiality and proof of origin throughout the preservation period. Qualified electronic archiving services play a crucial role in the digital business environment by promoting the transition from traditional paper-based processes to electronic equivalents. To ensure that electronic data and electronic documents preserve the presumption of their integrity and of their origin for the duration of the preservation period by the qualified trust service provider, and to achieve a high level of transparency and confidence among all participants in the information lifecycle, it is necessary to establish a common set of specifications for qualified electronic archiving services.</TXT></NP></CONSID><CONSID><NP><NO.P>(3)</NO.P><TXT>To increase the evidentiary value, security and trustworthiness of qualified electronic archiving services, where electronic signatures, electronic seals or electronic time stamps are used to create, sign, seal or attest the date and time of, for example, archiving evidences, evidence records, records of events, records of the correct implementation of procedures, or archiving confirmation reports, qualified trust services should be used.</TXT></NP></CONSID><CONSID><NP><NO.P>(4)</NO.P><TXT>The presumption of compliance laid down in Article 45j(2) of Regulation (EU) No 910/2014 should only apply where qualified electronic archiving services comply with the requirements set out in this Regulation. The reference standards for qualified electronic archiving services should reflect established practices and be widely recognised within the relevant sectors. They should be adapted to include additional controls ensuring the security and trustworthiness of the qualified electronic archiving services.</TXT></NP></CONSID><CONSID><NP><NO.P>(5)</NO.P><TXT>If a trust service provider adheres to the requirements set out in this Regulation, supervisory bodies should presume compliance with the relevant requirements of Regulation (EU) No 910/2014 and duly consider such presumption for granting or confirming the qualified status of the trust service. However, a qualified trust services provider may still rely on other practices to demonstrate compliance with the requirements of Regulation (EU) No 910/2014.</TXT></NP></CONSID><CONSID><NP><NO.P>(6)</NO.P><TXT>In order to preserve the integrity and proof of origin of electronic data and electronic documents containing one or more qualified electronic signatures or seals, qualified electronic archiving services should use procedures and technologies capable of extending the trustworthiness of those electronic signatures and seals beyond the technological validity period, at least throughout the preservation period.</TXT></NP></CONSID><?PAGE NO="2"?><CONSID><NP><NO.P>(7)</NO.P><TXT>The Commission regularly assesses new technologies, practices, standards or technical specifications. In accordance with recital 75 of Regulation (EU) 2024/1183, the Commission should review and, if necessary, update this Regulation, to keep it in line with global developments, new technologies, practices, standards or technical specifications and to follow the best practices on the internal market.</TXT></NP></CONSID><CONSID><NP><NO.P>(8)</NO.P><TXT>Regulation (EU) 2016/679 of the European Parliament and of the Council<NOTE TYPE="FOOTNOTE" NUMBERING.CONTINUED="YES" NOTE.ID="E0003" NUMBERING="ARAB"><P>Regulation (EU) 2016/679 of the European Parliament and of the Council of <DATE ISO="20160427">27 April 2016</DATE> on the protection of natural persons with regard to the processing of personal data and on the free movement of such data, and repealing Directive 95/46/EC (General Data Protection Regulation) (<REF.DOC.OJ NO.OJ="119" DATE.PUB="20160504" PAGE.FIRST="1" COLL="L">OJ L 119, 4.5.2016, p. 1</REF.DOC.OJ>, ELI: <LINK URI="http://data.europa.eu/eli/reg/2016/679/oj">http://data.europa.eu/eli/reg/2016/679/oj</LINK>).</P></NOTE> and, where relevant, Directive 2002/58/EC of the European Parliament and of the Council<NOTE TYPE="FOOTNOTE" NUMBERING.CONTINUED="YES" NOTE.ID="E0004" NUMBERING="ARAB"><P>Directive 2002/58/EC of the European Parliament and of the Council of <DATE ISO="20020712">12 July 2002</DATE> concerning the processing of personal data and the protection of privacy in the electronic communications sector (Directive on privacy and electronic communications) (<REF.DOC.OJ NO.OJ="201" DATE.PUB="20020731" PAGE.FIRST="37" COLL="L">OJ L 201, 31.7.2002, p. 37</REF.DOC.OJ>, ELI: <LINK URI="http://data.europa.eu/eli/dir/2002/58/oj">http://data.europa.eu/eli/dir/2002/58/oj</LINK>).</P></NOTE> apply to the personal data processing activities under this Regulation.</TXT></NP></CONSID><CONSID><NP><NO.P>(9)</NO.P><TXT>The European Data Protection Supervisor was consulted in accordance with Article 42(1) of Regulation (EU) 2018/1725 of the European Parliament and of the Council<NOTE TYPE="FOOTNOTE" NUMBERING.CONTINUED="YES" NOTE.ID="E0005" NUMBERING="ARAB"><P>Regulation (EU) 2018/1725 of the European Parliament and of the Council of <DATE ISO="20181023">23 October 2018</DATE> on the protection of natural persons with regard to the processing of personal data by the Union institutions, bodies, offices and agencies and on the free movement of such data, and repealing Regulation (EC) No 45/2001 and Decision No 1247/2002/EC (<REF.DOC.OJ NO.OJ="295" DATE.PUB="20181121" PAGE.FIRST="39" COLL="L">OJ L 295, 21.11.2018, p. 39</REF.DOC.OJ>, ELI: <LINK URI="http://data.europa.eu/eli/reg/2018/1725/oj">http://data.europa.eu/eli/reg/2018/1725/oj</LINK>).</P></NOTE> and delivered its opinion on <DATE ISO="20251021">21 October 2025</DATE><NOTE TYPE="FOOTNOTE" NUMBERING.CONTINUED="YES" NOTE.ID="E0006" NUMBERING="ARAB"><P><LINK URI="https://www.edps.europa.eu/data-protection/our-work/publications/formal-comments/2025-10-21-edps-regulation-rules-application-regulation-eu-no-9102014-regards-reference-standards-and-specifications-qualified-electronic_en">EDPS Formal comments on the draft Implementing Regulation laying down rules for the application of Regulation (EU) No 910/2014 as regards reference standards and specifications for qualified electronic archiving services.</LINK></P></NOTE>.</TXT></NP></CONSID><CONSID><NP><NO.P>(10)</NO.P><TXT>The measures provided for in this Regulation are in accordance with the opinion of the committee established by Article 48 of Regulation (EU) No 910/2014,</TXT></NP></CONSID></GR.CONSID><PREAMBLE.FINAL>HAS ADOPTED THIS REGULATION:</PREAMBLE.FINAL></PREAMBLE><ENACTING.TERMS><ARTICLE IDENTIFIER="001"><TI.ART>Article 1</TI.ART><STI.ART>Electronic archiving of documents bearing a qualified electronic signature or a qualified electronic seal</STI.ART><PARAG IDENTIFIER="001.001"><NO.PARAG>1.</NO.PARAG><ALINEA>When archiving electronic data or electronic documents that contain qualified electronic signatures or qualified electronic seals, providers of qualified electronic archiving services shall ensure that the trustworthiness of those qualified electronic signatures or qualified electronic seals is maintained, including beyond their technological validity period, and that the integrity and the accuracy of the origin of the qualified electronic signatures and seals is maintained, at least until the end of the legal or contractual preservation period.</ALINEA></PARAG><PARAG IDENTIFIER="001.002"><NO.PARAG>2.</NO.PARAG><ALINEA>For the purposes of paragraph 1, providers of qualified electronic archiving services may rely on a qualified preservation service for qualified electronic signatures or on a qualified preservation service for qualified electronic seals.</ALINEA></PARAG></ARTICLE><ARTICLE IDENTIFIER="002"><TI.ART>Article 2</TI.ART><STI.ART>Reference standards and specifications for the provision of qualified electronic archiving services</STI.ART><ALINEA>The reference standards and specifications referred to in Article 45j(2) of Regulation (EU) No 910/2014 are set out in the Annex to this Regulation.</ALINEA></ARTICLE><?PAGE NO="3"?><ARTICLE IDENTIFIER="003"><TI.ART>Article 3</TI.ART><STI.ART>Entry into force</STI.ART><ALINEA>This Regulation shall enter into force on the twentieth day following that of its publication in the <HT TYPE="ITALIC">Official Journal of the European Union</HT>.</ALINEA></ARTICLE></ENACTING.TERMS><FINAL><P>This Regulation shall be binding in its entirety and directly applicable in all Member States.</P><SIGNATURE><PL.DATE><P>Done at Brussels, <DATE ISO="20251216">16 December 2025</DATE>.</P></PL.DATE><SIGNATORY><P><HT TYPE="ITALIC">For the Commission</HT></P><P><HT TYPE="ITALIC">The President</HT></P><P>Ursula <HT TYPE="UC">von der Leyen</HT></P></SIGNATORY></SIGNATURE></FINAL></ACT>
