<?xml version="1.0" encoding="UTF-8"?>
<ANNEX xmlns:xsi="http://www.w3.org/2001/XMLSchema-instance" xsi:noNamespaceSchemaLocation="http://formex.publications.europa.eu/schema/formex-06.02.3-20250123.xd" NNC="YES"><BIB.INSTANCE><DOCUMENT.REF FILE="L_202502532EN.doc.fmx.xml"><COLL>L</COLL><NO.DOC FORMAT="YN" TYPE="OJ"><COM>EU</COM><YEAR>2025</YEAR><NO.CURRENT>2532</NO.CURRENT></NO.DOC><LG.OJ>EN</LG.OJ><PAGE.FIRST>1</PAGE.FIRST><PAGE.SEQ>1</PAGE.SEQ><VOLUME.REF>01</VOLUME.REF></DOCUMENT.REF><DATE ISO="20251216">20251216</DATE><LG.DOC>EN</LG.DOC><NO.SEQ>0001.0001</NO.SEQ><PAGE.FIRST>4</PAGE.FIRST><PAGE.SEQ>1</PAGE.SEQ><PAGE.LAST>6</PAGE.LAST><PAGE.TOTAL>3</PAGE.TOTAL></BIB.INSTANCE><TITLE><TI><P>ANNEX</P></TI><STI><P>List of reference standards and specifications for qualified electronic archiving services</P></STI></TITLE><CONTENTS><P>CEN/TS 18170:2025 (<QUOT.START CODE="2018" ID="QS0001" REF.END="QE0001"/>CEN/TS 18170<QUOT.END CODE="2019" ID="QE0001" REF.START="QS0001"/>) applies with the following adaptations:</P><LIST TYPE="alpha"><ITEM><NP><NO.P>(a)</NO.P><TXT>Normative references (clause 2)</TXT><P><LIST TYPE="DASH"><ITEM><P>ETSI EN <FT TYPE="NUMBER">319401</FT> V3.1.1 (2024-06), Electronic Signatures and Trust Infrastructures (ESI); General Policy Requirements for Trust Service Providers</P></ITEM><ITEM><P>ETSI EN <FT TYPE="NUMBER">319421</FT> V1.3.1 (2025-07), Electronic Signatures and Infrastructures (ESI); Policy and Security Requirements for Trust Service Providers issuing Time-Stamps</P></ITEM><ITEM><P>ISO 14721:2025, Space Data System Practices – Reference model for an open archival information system (OAIS)</P></ITEM><ITEM><P>ACM-ECCG, European Cybersecurity Certification Group, Sub-group on Cryptography: <QUOT.START CODE="2018" ID="QS0002" REF.END="QE0002"/>Agreed Cryptographic Mechanisms<QUOT.END CODE="2019" ID="QE0002" REF.START="QS0002"/> published by the European Union Agency for Cybersecurity (<QUOT.START CODE="2018" ID="QS0003" REF.END="QE0003"/>ENISA<QUOT.END CODE="2019" ID="QE0003" REF.START="QS0003"/>).</P></ITEM><ITEM><P>CIR (EU) 2024/482, Commission Implementing Regulation (EU) 2024/482<NOTE TYPE="FOOTNOTE" NUMBERING.CONTINUED="YES" NOTE.ID="E0001" NUMBERING="ARAB"><P>Commission Implementing Regulation (EU) 2024/482 of <DATE ISO="20240131">31 January 2024</DATE> laying down rules for the application of Regulation (EU) 2019/881 of the European Parliament and of the Council as regards the adoption of the European Common Criteria-based cybersecurity certification scheme (EUCC) (<REF.DOC COLL="L" DATE.PUB="20240207" NO.DOC="482" URI="http://data.europa.eu/eli/reg_impl/2024/482/oj" CONTEXT="EUR-LEX">OJ L, 2024/482, 7.2.2024, ELI: http://data.europa.eu/eli/reg_impl/2024/482/oj</REF.DOC>).</P></NOTE>.</P></ITEM><ITEM><P>CIR (EU) 2024/3144, Commission Implementing Regulation (EU) 2024/3144<NOTE TYPE="FOOTNOTE" NUMBERING.CONTINUED="YES" NOTE.ID="E0002" NUMBERING="ARAB"><P>Commission Implementing Regulation (EU) 2024/3144 of <DATE ISO="20241218">18 December 2024</DATE> amending Implementing Regulation (EU) 2024/482 as regards applicable international standards and correcting that Implementing Regulation (<REF.DOC COLL="L" DATE.PUB="20241219" NO.DOC="3144" URI="http://data.europa.eu/eli/reg_impl/2024/3144/oj" CONTEXT="EUR-LEX">OJ L, 2024/3144, 19.12.2024, ELI: http://data.europa.eu/eli/reg_impl/2024/3144/oj</REF.DOC>).</P></NOTE>.</P></ITEM><ITEM><P>ISO/IEC 15408:2022 (parts 1 to 5), <QUOT.START CODE="2018" ID="QS0004" REF.END="QE0004"/>Information security, cybersecurity and privacy protection – Evaluation criteria for IT security<QUOT.END CODE="2019" ID="QE0004" REF.START="QS0004"/>.</P></ITEM><ITEM><P>FIPS PUB 140-3 (2019), <QUOT.START CODE="0022" ID="QS0005" REF.END="QE0005"/>Security Requirements for Cryptographic Modules<QUOT.END CODE="0022" ID="QE0005" REF.START="QS0005"/>.</P></ITEM></LIST></P></NP></ITEM><ITEM><NP><NO.P>(b)</NO.P><TXT>Policy and practice statement (clause 6.1)</TXT><P><LIST TYPE="DASH"><ITEM><P>The requirements of CEN/TS 18170, clause 6.1 shall apply.</P></ITEM><ITEM><P>The requirements of ETSI EN <FT TYPE="NUMBER">319401</FT>, clause 5 shall apply.</P></ITEM><ITEM><P>The EATSP shall establish procedures to notify the supervisory body of any changes in the provision of the electronic archiving trust service and on the intention to cease those activities, in accordance with business requirements and relevant laws and regulations, including in accordance with the requirements of the implementing acts adopted pursuant to Article 24(5) of Regulation (EU) No 910/2014 [i.2].</P></ITEM><ITEM><P>The EATSP shall notify the competent supervisory body at least:</P><P><LIST TYPE="DASH"><ITEM><P>one month before implementing any change;</P></ITEM><ITEM><P>three months before the planned cessation of a trust service provision.</P></ITEM></LIST></P></ITEM></LIST></P></NP></ITEM><ITEM><NP><NO.P>(c)</NO.P><TXT>Terms and Conditions (clause 6.2)</TXT><P><LIST TYPE="DASH"><ITEM><P>The requirements of CEN/TS 18170, clause 6.2 shall apply.</P></ITEM><ITEM><P>Subscribers and parties relying on the electronic archiving trust service shall be informed, in a clear, comprehensive and easily accessible manner, in a publicly accessible space and individually, of precise terms and conditions, before entering into a contractual relationship.</P></ITEM></LIST></P></NP></ITEM><?PAGE NO="5"?><ITEM><NP><NO.P>(d)</NO.P><TXT>Human resources (clause 7.3)</TXT><P><LIST TYPE="DASH"><ITEM><P>The requirements of CEN/TS 18170, clause 7.3 shall apply.</P></ITEM><ITEM><P>EATSP’s personnel in trusted roles, and if applicable its subcontractors in trusted roles, shall be able to fulfil the requirement of <QUOT.START CODE="2018" ID="QS0006" REF.END="QE0006"/>expert knowledge, experience and qualifications<QUOT.END CODE="2019" ID="QE0006" REF.START="QS0006"/> through formal training and credentials, or actual experience, or a combination of the two. This shall include regular updates (at least every 12 months) on new threats and current security practices.</P></ITEM></LIST></P></NP></ITEM><ITEM><NP><NO.P>(e)</NO.P><TXT>Cryptographic controls and monitoring (clause 7.6)</TXT><P><LIST TYPE="DASH"><ITEM><P>The archiving system must guarantee the confidentiality of data and documents through the lifecycle of the archive from its deposit to its elimination.</P></ITEM><ITEM><P>The requirements specified in ETSI EN <FT TYPE="NUMBER">319401</FT>, sub-clause 7.5 <QUOT.START CODE="201C" ID="QS0007" REF.END="QE0007"/>Cryptographic controls<QUOT.END CODE="201D" ID="QE0007" REF.START="QS0007"/> shall apply.</P></ITEM><ITEM><P>The origin of the data to be archived in the electronic archiving system shall be established by the EATSP If they use electronic signatures or electronic seals to do so, those electronic signatures or electronic seals shall be qualified.</P></ITEM><ITEM><P>When EATSP digitally signs (part of) a digital object or record, the EATSP private signing key shall be held and used within either a qualified electronic signature or seal creation device or a secure cryptographic device which is a trustworthy system certified in accordance with:</P><P><LIST TYPE="alpha"><ITEM><NP><NO.P>(a)</NO.P><TXT>Common Criteria for Information Technology Security Evaluation, as set out in ISO/IEC 15408 or in Common Criteria for Information Technology Security Evaluation, version CC:2022, Parts 1 through 5, published by the participants of the Arrangement on the Recognition of Common Criteria Certificates in the field of IT Security, and certified to EAL 4 or higher; or</TXT></NP></ITEM><ITEM><NP><NO.P>(b)</NO.P><TXT>the European Common Criteria-based cybersecurity certification scheme (CIR (EU) 2024/482, CIR (EU) 2024/3144) and certified to EAL 4 or higher; or</TXT></NP></ITEM><ITEM><NP><NO.P>(c)</NO.P><TXT>until <DATE ISO="20301231">31.12.2030</DATE>, FIPS PUB 140-3 level 3.</TXT></NP></ITEM></LIST></P></ITEM><ITEM><P>This certification shall be to a security target or protection profile, or to a module design and security documentation, which meets the requirements of the present document, based on a risk analysis and taking into account physical and other non-technical security measures.</P></ITEM><ITEM><P>If the secure cryptographic device benefits from an EUCC certification (IR (EU) 2024/482, CIR (EU) 2024/3144), then this device shall be configured and used in accordance with that certification.</P></ITEM><ITEM><P>The EATSP shall monitor the strength of cryptographic algorithm that was and are used. In case, one of the used algorithms or parameters is thought to become not suitable as defined in the risk management, the EATSP shall either update the related archiving policy or create a new archiving profile to handle the AIPs and define and perform appropriate measures.</P></ITEM><ITEM><P>The evaluation of the cryptographic algorithms and their use by the EATSP shall be compliant with the Agreed Cryptographic Mechanisms endorsed by the European Cybersecurity Certification Group and published by ENISA (ACM-ECCG).</P></ITEM><ITEM><P>Technical components of the EATS shall authenticate each other based on cryptographic techniques before communicating.</P></ITEM></LIST></P></NP></ITEM><ITEM><NP><NO.P>(f)</NO.P><TXT>Network (clause 7.9)</TXT><P><LIST TYPE="DASH"><ITEM><P>The requirements specified in ETSI EN <FT TYPE="NUMBER">319401</FT>, sub-clause 7.8 <QUOT.START CODE="201C" ID="QS0008" REF.END="QE0008"/>Network security<QUOT.END CODE="201D" ID="QE0008" REF.START="QS0008"/> shall apply.</P></ITEM><ITEM><P>The vulnerability scan requested by REQ-7.8-13 of ETSI EN <FT TYPE="NUMBER">319401</FT> shall be performed at least once per quarter.</P></ITEM><?PAGE NO="6"?><ITEM><P>The penetration test requested by REQ-7.8-17X of ETSI EN <FT TYPE="NUMBER">319401</FT> shall be performed at least once per year.</P></ITEM><ITEM><P>Firewalls shall be configured to prevent all protocols and accesses not required for the operation of the EATSP.</P></ITEM></LIST></P></NP></ITEM><ITEM><NP><NO.P>(g)</NO.P><TXT>Collection of evidence (clause 7.11)</TXT><P><LIST TYPE="DASH"><ITEM><P>The requirements specified in ETSI EN <FT TYPE="NUMBER">319401</FT>, sub-clause 7.10 <QUOT.START CODE="201C" ID="QS0009" REF.END="QE0009"/>Collection of evidence<QUOT.END CODE="201D" ID="QE0009" REF.START="QS0009"/> shall apply, including for critical and non-critical events (see subclause 13.2)</P></ITEM></LIST></P></NP></ITEM><ITEM><NP><NO.P>(h)</NO.P><TXT>EATSP termination and termination plan (clause 7.13)</TXT><P><LIST TYPE="DASH"><ITEM><P>The requirements of CEN/TS 18170, clause 7.13) shall apply.</P></ITEM><ITEM><P>The EATSP’s termination plan shall comply with the requirements set out in the implementing acts adopted pursuant to Article 24(5) of Regulation (EU) No 910/2014.</P></ITEM></LIST></P></NP></ITEM><ITEM><NP><NO.P>(i)</NO.P><TXT>Reliable time of events (clause 13.3.1)</TXT><P><LIST TYPE="DASH"><ITEM><P>The requirements of CEN/TS 18170, clause 13.3.1) shall apply.</P></ITEM><ITEM><P>When using timestamps the EATSP shall use a qualified timestamp.</P></ITEM></LIST></P></NP></ITEM></LIST></CONTENTS></ANNEX>
