<?xml version="1.0" encoding="UTF-8"?>
<ANNEX xmlns:xsi="http://www.w3.org/2001/XMLSchema-instance" xsi:noNamespaceSchemaLocation="http://formex.publications.europa.eu/schema/formex-06.02.3-20250123.xd" NNC="YES"><BIB.INSTANCE><DOCUMENT.REF FILE="L_202502162EN.doc.fmx.xml"><COLL>L</COLL><NO.DOC FORMAT="YN" TYPE="OJ"><COM>EU</COM><YEAR>2025</YEAR><NO.CURRENT>2162</NO.CURRENT></NO.DOC><LG.OJ>EN</LG.OJ><PAGE.FIRST>1</PAGE.FIRST><PAGE.SEQ>1</PAGE.SEQ><VOLUME.REF>01</VOLUME.REF></DOCUMENT.REF><DATE ISO="20251027">20251027</DATE><LG.DOC>EN</LG.DOC><NO.SEQ>0001.0001</NO.SEQ><PAGE.FIRST>10</PAGE.FIRST><PAGE.SEQ>1</PAGE.SEQ><PAGE.LAST>10</PAGE.LAST><PAGE.TOTAL>1</PAGE.TOTAL></BIB.INSTANCE><TITLE><TI><P>ANNEX I</P></TI></TITLE><CONTENTS><GR.SEQ LEVEL="1"><TITLE><TI><P><HT TYPE="BOLD">Reference standards for the subcontracting of conformity assessment activities</HT></P></TI></TITLE><LIST TYPE="ARAB"><ITEM><NP><NO.P>(1)</NO.P><TXT>EN ISO/IEC 17025:2017 for testing activities;</TXT></NP></ITEM><ITEM><NP><NO.P>(2)</NO.P><TXT>EN ISO/IEC 17021-1:2015 for audit activities of management systems;</TXT></NP></ITEM><ITEM><NP><NO.P>(3)</NO.P><TXT>EN ISO/IEC 17020:2012 for inspection activities;</TXT></NP></ITEM><ITEM><NP><NO.P>(4)</NO.P><TXT>EN ISO/IEC 17065:2012 for conformity assessments activities.</TXT></NP></ITEM></LIST></GR.SEQ></CONTENTS></ANNEX>
