<?xml version="1.0" encoding="UTF-8"?>
<DOC xmlns:xsi="http://www.w3.org/2001/XMLSchema-instance" xsi:noNamespaceSchemaLocation="http://formex.publications.europa.eu/schema/formex-06.02.3-20250123.xd"><BIB.DOC><PROD.ID>20251020024</PROD.ID><FIN.ID>618906</FIN.ID><NO.DOC FORMAT="YN" TYPE="OJ"><COM>EU</COM><YEAR>2025</YEAR><NO.CURRENT>2162</NO.CURRENT></NO.DOC><DURAB TYPE="DUR"/><AUTHOR>COM</AUTHOR><NO.ELI ID="http://data.europa.eu/eli/reg_impl/2025/2162/oj">ELI:http://data.europa.eu/eli/reg_impl/2025/2162/oj</NO.ELI></BIB.DOC><PUBLICATION.REF FILE="L_202502162EN.toc.fmx.xml"><COLL>L</COLL><NO.DOC FORMAT="YN" TYPE="OJ"><COM>EU</COM><YEAR>2025</YEAR><NO.CURRENT>2162</NO.CURRENT></NO.DOC><DATE ISO="20251028">20251028</DATE><LG.OJ>EN</LG.OJ><VOLUME.REF>01</VOLUME.REF></PUBLICATION.REF><FMX><DOC.MAIN.PUB NO.SEQ="0001" SYNOPTISM="D0001"><LG.DOC>EN</LG.DOC><LEGAL.VALUE>REG_IMPL</LEGAL.VALUE><DATE ISO="20251027">20251027</DATE><PAGE.FIRST>1</PAGE.FIRST><PAGE.LAST>9</PAGE.LAST><PAGE.TOTAL>9</PAGE.TOTAL><PAGE.SEQ>1</PAGE.SEQ><REF.PHYS FILE="L_202502162EN.000101.fmx.xml" TYPE="DOC.XML"/></DOC.MAIN.PUB><DOC.SUB.PUB NO.SEQ="0001.0001" SYNOPTISM="D0001.0001" TYPE="ANNEX" IN.SUMMARY="NO"><PAGE.FIRST>10</PAGE.FIRST><PAGE.LAST>10</PAGE.LAST><PAGE.TOTAL>1</PAGE.TOTAL><PAGE.SEQ>1</PAGE.SEQ><REF.PHYS FILE="L_202502162EN.001001.fmx.xml" TYPE="DOC.XML"/></DOC.SUB.PUB><DOC.SUB.PUB NO.SEQ="0001.0002" SYNOPTISM="D0001.0002" TYPE="ANNEX" IN.SUMMARY="NO"><PAGE.FIRST>11</PAGE.FIRST><PAGE.LAST>12</PAGE.LAST><PAGE.TOTAL>2</PAGE.TOTAL><PAGE.SEQ>1</PAGE.SEQ><REF.PHYS FILE="L_202502162EN.001101.fmx.xml" TYPE="DOC.XML"/></DOC.SUB.PUB><DOC.SUB.PUB NO.SEQ="0001.0003" SYNOPTISM="D0001.0003" TYPE="ANNEX" IN.SUMMARY="NO"><PAGE.FIRST>13</PAGE.FIRST><PAGE.LAST>17</PAGE.LAST><PAGE.TOTAL>5</PAGE.TOTAL><PAGE.SEQ>1</PAGE.SEQ><REF.PHYS FILE="L_202502162EN.001301.fmx.xml" TYPE="DOC.XML"/></DOC.SUB.PUB></FMX><PAPER><VOLUME.PAPER><ITEM.VOLUME REF.NO.SEQ="0001"><TITLE REF.TITLE="T0001"/><ITEM.REF>1</ITEM.REF></ITEM.VOLUME></VOLUME.PAPER></PAPER><PDF><ITEM.VOLUME REF.NO.SEQ="0001"><TITLE ID.TITLE="T0001"><TI><P>Commission Implementing Regulation (EU) 2025/2162 of <DATE ISO="20251027">27 October 2025</DATE> laying down rules for the application of Regulation (EU) No 910/2014 of the European Parliament and the Council as regards the accreditation of conformity assessment bodies performing the assessment of qualified trust service providers and the qualified trust services they provide, the conformity assessment report and the conformity assessment scheme</P></TI></TITLE><ITEM.REF REF.PDF="L_202502162EN.pdf">1</ITEM.REF></ITEM.VOLUME></PDF></DOC>
