<?xml version="1.0" encoding="UTF-8"?>
<ANNEX xmlns:xsi="http://www.w3.org/2001/XMLSchema-instance" xsi:noNamespaceSchemaLocation="http://formex.publications.europa.eu/schema/formex-06.02.3-20250123.xd" NNC="YES"><BIB.INSTANCE><DOCUMENT.REF FILE="L_202502162EN.doc.fmx.xml"><COLL>L</COLL><NO.DOC FORMAT="YN" TYPE="OJ"><COM>EU</COM><YEAR>2025</YEAR><NO.CURRENT>2162</NO.CURRENT></NO.DOC><LG.OJ>EN</LG.OJ><PAGE.FIRST>1</PAGE.FIRST><PAGE.SEQ>1</PAGE.SEQ><VOLUME.REF>01</VOLUME.REF></DOCUMENT.REF><DATE ISO="20251027">20251027</DATE><LG.DOC>EN</LG.DOC><NO.SEQ>0001.0003</NO.SEQ><PAGE.FIRST>13</PAGE.FIRST><PAGE.SEQ>1</PAGE.SEQ><PAGE.LAST>17</PAGE.LAST><PAGE.TOTAL>5</PAGE.TOTAL></BIB.INSTANCE><TITLE><TI><P>ANNEX III</P></TI></TITLE><CONTENTS><GR.SEQ LEVEL="1"><TITLE><TI><P><HT TYPE="BOLD">Specifications for conformity assessment reports</HT></P></TI></TITLE><P>The conformity assessment report as referred to in Article 7(1) shall</P><LIST TYPE="ARAB"><ITEM><NP><NO.P>(1)</NO.P><TXT>be accompanied by a clear certification decision in accordance with clause 7.6 of standard ETSI EN 319403-1 v2.3.1 (<QUOT.START CODE="2018" ID="QS0001" REF.END="QE0001"/>ETSI EN 319403-1<QUOT.END CODE="2019" ID="QE0001" REF.START="QS0001"/>), confirming, whether the assessed trust service provider and the assessed qualified trust services it provides or aims to provide meet the requirements laid down in Regulation (EU) No 910/2014 and in Article 21 of Directive (EU) 2022/2555;</TXT></NP></ITEM><ITEM><NP><NO.P>(2)</NO.P><TXT>specify the name of the qualified trust service provider and, where applicable, its registration number, as stated in the official records, its official postal address, and its electronic address as well as, where applicable, the same information for all subsidiaries, affiliated legal entities, contractors and subcontractors that are operating trust service components in the scope of the provision of the qualified trust services by the qualified trust service provider;</TXT></NP></ITEM><ITEM><NP><NO.P>(3)</NO.P><TXT>include a detailed description of the scope of the assessment of the qualified trust service provider, including the specific qualified trust services covered by the assessment;</TXT></NP></ITEM><ITEM><NP><NO.P>(4)</NO.P><TXT>contain sufficient evidence to demonstrate that the qualified trust service provider and the qualified trust services it provides fulfil the requirements laid down in Regulation (EU) No 910/2014 and in Article 21 of Directive (EU) 2022/2555;</TXT></NP></ITEM><ITEM><NP><NO.P>(5)</NO.P><TXT>specify the name of the conformity assessment body, and, where applicable its registration number, as stated in the official records, its registered postal address, and its electronic address;</TXT></NP></ITEM><ITEM><NP><NO.P>(6)</NO.P><TXT>specify the following:</TXT><P><LIST TYPE="alpha"><ITEM><NP><NO.P>(a)</NO.P><TXT>the name and country of the national accreditation body having accredited the conformity assessment body;</TXT></NP></ITEM><ITEM><NP><NO.P>(b)</NO.P><TXT>the names of the natural persons involved by the conformity assessment body in performing the conformity assessment and their respective role in that assessment;</TXT></NP></ITEM><ITEM><NP><NO.P>(c)</NO.P><TXT>the link to the official website of the national accreditation body and containing the accreditation certificate issued by the national accreditation body to the conformity assessment body;</TXT></NP></ITEM><ITEM><NP><NO.P>(d)</NO.P><TXT>where applicable, the digital accreditation symbol;</TXT></NP></ITEM><ITEM><NP><NO.P>(e)</NO.P><TXT>the conformity assessment scheme for which the conformity assessment body has been accredited in accordance with Article 2(1);</TXT></NP></ITEM><ITEM><NP><NO.P>(f)</NO.P><TXT>conformity assessment enquiries of the conformity assessment conducted, the rationale behind their selection, and the methodology employed, including sampling methodology and test procedures;</TXT></NP></ITEM><ITEM><NP><NO.P>(g)</NO.P><TXT>the accredited conformity assessment scheme and relevant documents or a link to the location from where that conformity assessment scheme and relevant documents are available;</TXT></NP></ITEM></LIST></P></NP></ITEM><ITEM><NP><NO.P>(7)</NO.P><TXT>contain at least one qualified electronic signature, where the report is provided in an electronic form, or handwritten signature, where provided paper-based, identifying the name and title of the responsible person or persons that authorised to adopt the certification decision on behalf of the conformity assessment body;</TXT></NP></ITEM><ITEM><NP><NO.P>(8)</NO.P><TXT>concern one qualified trust service provider;</TXT></NP></ITEM><ITEM><NP><NO.P>(9)</NO.P><TXT>identify, in accordance with clause 5.5.3 of standard ETSI TS 119612 v.2.4.1, the service digital identities per type of qualified trust service for which it confirms the conformity with the requirements laid down in Regulation (EU) No 910/2014 and in Article 21 of Directive (EU) 2022/2555, providing the following information:</TXT><P><LIST TYPE="alpha"><ITEM><NP><NO.P>(a)</NO.P><TXT>when the qualified trust service is not public key infrastructure technology based, an identifier expressed as a URI that uniquely identifies the qualified trust service;</TXT></NP></ITEM><ITEM><NP><NO.P>(b)</NO.P><TXT>when the qualified trust service is based on public key infrastructure technology, at least the following:</TXT><P><LIST TYPE="DASH"><ITEM><P>the Subject Key Identifier as defined in IETF RFC 5280;</P></ITEM><ITEM><P>the Base64 PEM representation of the associated X.509v3 digital certificate;</P></ITEM><?PAGE NO="14"?><ITEM><P>where applicable, an indication whether specific sets or subsets of end-entity certificates issued by or under the service digital identity are excluded from or specifically included in the certification decision and on the basis of which criteria they may be identified;</P></ITEM><ITEM><P>an indication whether the service digital identity relates to an end-entity or a certification authority, clarifying whether it is an issuing, intermediate or root certificate;</P></ITEM><ITEM><P>a description on how the service digital identity is used in the context of the corresponding qualified trust service;</P></ITEM></LIST></P></NP></ITEM></LIST></P></NP></ITEM><ITEM><NP><NO.P>(10)</NO.P><TXT>provide, where applicable, a detailed description of the public key infrastructure functional hierarchy, per type of qualified trust service and for all service digital identities identified in accordance with point 11, including at least:</TXT><P><LIST TYPE="alpha"><ITEM><NP><NO.P>(a)</NO.P><TXT>the illustration of the public key infrastructure hierarchy identifying the root certification authorities, the intermediate certification authorities, the issuing certification authorities and the certification paths between them;</TXT></NP></ITEM><ITEM><NP><NO.P>(b)</NO.P><TXT>the identification of each certification authority illustrated in point (a) through the Subject Key Identifier as defined in IETF RFC 5280;</TXT></NP></ITEM><ITEM><NP><NO.P>(c)</NO.P><TXT>for each of the issuing certification authorities identified in accordance with point (b), the list of the different policy sets of certificates that each certification authority is issuing, together with for each set:</TXT><P><LIST TYPE="DASH"><ITEM><P>criteria that unambiguously identify the certificates of the set, being either a list of certificate policy identifiers to match with the content of the certificate policy certificate extension as defined in IETF RFC 5280 or other criteria as set out in implementing acts adopted pursuant to Article 22(5) of Regulation (EU) No 910/2014;</P></ITEM><ITEM><P>an indication of whether the certificates of the set are either qualified or non-qualified;</P></ITEM><ITEM><P>an indication of whether the certificates of the set are either for electronic signatures, or for electronic seals, or for web site authentication or for none of those purposes and, in the latter case, for which other purposes their use is intended;</P></ITEM><ITEM><P>an indication of whether the private key corresponding to the public key certified in the certificates of the sets resides in a local or remote qualified signature or seal creation device;</P></ITEM></LIST></P></NP></ITEM></LIST></P></NP></ITEM><ITEM><NP><NO.P>(11)</NO.P><TXT>include, in accordance with point 2</TXT><P><LIST TYPE="alpha"><ITEM><NP><NO.P>(a)</NO.P><TXT>an exhaustive list of third parties, including subcontractors, which provide qualified trust service components or service components by indicating their name, as identified in point 2, together with the location of the sites where the corresponding component services are operated;</TXT></NP></ITEM><ITEM><NP><NO.P>(b)</NO.P><TXT>an indication whether those third parties and sites have been subject to the conformity assessment and to which extent;</TXT></NP></ITEM></LIST></P></NP></ITEM><ITEM><NP><NO.P>(12)</NO.P><TXT>describe, where appropriate, the content of the entry to be included, or to be updated, in the relevant national trusted list, in accordance with the result of the assessment;</TXT></NP></ITEM><ITEM><NP><NO.P>(13)</NO.P><TXT>include an exhaustive list of public and qualified trust service providers’ internal documents, which are properly identified including versioning, which have been part of the scope of the conformity assessment, including at least the following documentation as referred to in point 8, for which a copy shall be either provided together with the conformity assessment report or made otherwise available to the competent supervisory body on its request:</TXT><P><LIST TYPE="alpha"><ITEM><NP><NO.P>(a)</NO.P><TXT>the declaration of the practices used by the qualified trust service provider to provide the qualified trust services;</TXT></NP></ITEM><ITEM><NP><NO.P>(b)</NO.P><TXT>the set of rules that indicates the applicability of the qualified trust services to a particular community or class of application with common security requirements (<QUOT.START CODE="2018" ID="QS0002" REF.END="QE0002"/>qualified trust service policies<QUOT.END CODE="2019" ID="QE0002" REF.START="QS0002"/>);</TXT></NP></ITEM><?PAGE NO="15"?><ITEM><NP><NO.P>(c)</NO.P><TXT>the terms and conditions related to subscriber agreements;</TXT></NP></ITEM><ITEM><NP><NO.P>(d)</NO.P><TXT>the termination plan of the qualified trust services;</TXT></NP></ITEM><ITEM><NP><NO.P>(e)</NO.P><TXT>the documentation which is related to the assessment of risks and which aims to demonstrate that the requirements of Article 24(2), points (fa) and (fb) of Regulation (EU) No 910/2014 and Article 21 of Directive (EU) 2022/2555 have been fulfilled;</TXT></NP></ITEM><ITEM><NP><NO.P>(f)</NO.P><TXT>the security breaches notification plan which aims to demonstrate that the requirements of Article 24(2), points (fa) and (fb) of Regulation (EU) No 910/2014 and Article 21 of Directive (EU) 2022/2555 have been fulfilled;</TXT></NP></ITEM><ITEM><NP><NO.P>(g)</NO.P><TXT>the list of all internal documents supporting the effective implementation of the practices declared and used by the qualified trust service provider to provide the qualified trust services;</TXT></NP></ITEM><ITEM><NP><NO.P>(h)</NO.P><TXT>the memorandum and articles of incorporation or statutes of the qualified trust service provider, in accordance with the applicable national laws, together with the following elements:</TXT><P><LIST TYPE="DASH"><ITEM><P>statement of business activities not relating to the provision of trust services;</P></ITEM><ITEM><P>organisational chart;</P></ITEM><ITEM><P>ownership structure information;</P></ITEM><ITEM><P>where applicable and available, report of the accounts of the accounts auditor for the previous two accounting years, or from the date of its incorporation until the date of signing the conformity assessment report, whichever period is shorter;</P></ITEM></LIST></P></NP></ITEM><ITEM><NP><NO.P>(i)</NO.P><TXT>evidence that the qualified trust service provider, in accordance with applicable national laws, maintains sufficient financial resources and, where applicable, has obtained appropriate liability insurance with regard to the provision of the qualified trust services;</TXT></NP></ITEM><ITEM><NP><NO.P>(j)</NO.P><TXT>the list of standards with which the operations are claimed to be compliant;</TXT></NP></ITEM><ITEM><NP><NO.P>(k)</NO.P><TXT>the list of standards with which the operations are audited, evaluated, certified, or assessed to be compliant, together with details about the underlying audit, evaluation, certification or assessment scheme, as applicable;</TXT></NP></ITEM><ITEM><NP><NO.P>(l)</NO.P><TXT>the list of qualified electronic signature creation devices or qualified electronic seal creation devices and their certification related information when the qualified trust service provider delivers or makes available such devices to its users;</TXT></NP></ITEM><ITEM><NP><NO.P>(m)</NO.P><TXT>the list of devices used by the qualified trust service provider as trustworthy system or product, including hardware security modules or secure cryptographic devices, to protect its own keys, and information related to their certification, when the qualified trust service provider uses such devices to secure the processes supporting the qualified trust services it provides;</TXT></NP></ITEM></LIST></P></NP></ITEM><ITEM><NP><NO.P>(14)</NO.P><TXT>contain an assessment of the fulfilment of the requirements that apply to the relevant qualified trust services pursuant to Regulation (EU) No 910/2014, and, where applicable, as set out in the implementing and delegated acts that apply to that qualified trust service as adopted in accordance with:</TXT><P><LIST TYPE="DASH"><ITEM><P>Article 24(1c) of Regulation (EU) No 910/2014 with respect to the verification of the identity and attributes of persons to whom the qualified certificate or the qualified electronic attestation is to be issued;</P></ITEM><ITEM><P>Article 24(5) of Regulation (EU) No 910/2014 with respect to the requirements for qualified trust service providers providing qualified trust services;</P></ITEM><ITEM><P>Article 28(6) of Regulation (EU) No 910/2014 with respect to the issuance of qualified certificates for electronic signatures;</P></ITEM><ITEM><P>Article 38(6) of Regulation (EU) No 910/2014 with respect to the issuance of qualified certificates for electronic seals;</P></ITEM><ITEM><P>Article 45(2) of Regulation (EU) No 910/2014 with respect to the issuance of qualified certificates for website authentication;</P></ITEM><?PAGE NO="16"?><ITEM><P>Article 33(2) of Regulation (EU) No 910/2014 with respect to the qualified validation service for qualified electronic signatures;</P></ITEM><ITEM><P>Article 33(2) and Article 40 of Regulation (EU) No 910/2014 with respect to the qualified validation service for qualified electronic seals,</P></ITEM><ITEM><P>Article 34(2) of Regulation (EU) No 910/2014 with respect to the qualified preservation service for qualified electronic signatures;</P></ITEM><ITEM><P>Article 34(2) and Article 40 of Regulation (EU) No 910/2014 with respect to the qualified preservation service for qualified electronic seals;</P></ITEM><ITEM><P>Article 42(2) of Regulation (EU) No 910/2014 with respect to the creation of qualified electronic timestamps;</P></ITEM><ITEM><P>Article 44(2) of Regulation (EU) No 910/2014 with respect to the provision of qualified electronic registered delivery services;</P></ITEM><ITEM><P>Article 29a(2) of Regulation (EU) No 910/2014 with respect to the qualified service for the management of remote qualified electronic signature creation devices;</P></ITEM><ITEM><P>Article 29a(2) and Article 39a of Regulation (EU) No 910/2014 with respect to the qualified service for the management of remote qualified electronic seal creation devices;</P></ITEM><ITEM><P>Article 45j(2) of Regulation (EU) No 910/2014 with respect to the provision of qualified electronic archiving services</P></ITEM><ITEM><P>Article 45d(5) of Regulation (EU) No 910/2014 with respect to the issuance of qualified electronic attestation of attributes;</P></ITEM><ITEM><P>Article 45l(3) of Regulation (EU) No 910/2014 with respect to the recording of electronic data in a qualified electronic ledger;</P></ITEM></LIST></P></NP></ITEM><ITEM><NP><NO.P>(15)</NO.P><TXT>contains an assessment of the fulfilment of the requirements that apply to qualified trust service provider and to the relevant qualified trust services pursuant to Article 21 of Directive (EU) 2022/2555, and under the implementing acts that apply to that qualified trust service as adopted in accordance with of Article 21(5) of that Directive;</TXT></NP></ITEM><ITEM><NP><NO.P>(16)</NO.P><TXT>contains a statement declaring, where applicable, the absence of any non-conformities, irrespective of their level of criticality; where any non-conformity is identified in the report, the report shall provide a plan of corrective actions and their timescale, provided by the qualified trust service provider and agreed by the conformity assessment body, together with the description of the planned evaluation tasks the conformity assessment body shall undertake to evaluate that those non-conformities have been corrected;</TXT></NP></ITEM><ITEM><NP><NO.P>(17)</NO.P><TXT>contains, where appropriate and necessary, an indication of opportunities for improvement concerning the fulfilment by the qualified trust service provider and the qualified trust services it provides of relevant requirements;</TXT></NP></ITEM><ITEM><NP><NO.P>(18)</NO.P><TXT>identify, for each stage of the conformity assessment, including documentation audit, implementation assessment and onsite inspections, the period in relation to which the assessment has been conducted and the time taken by the conformity assessment body in person-days to conduct the assessment;</TXT></NP></ITEM><ITEM><NP><NO.P>(19)</NO.P><TXT>identify in the corresponding specific requirement report the detailed conformity assessment controls and control objectives that have been conducted during the assessment or include a reference to separately available assessment reports in which such information is included, provided that such separated assessment reports are:</TXT><P><LIST TYPE="alpha"><ITEM><NP><NO.P>(a)</NO.P><TXT>issued by conformity assessment bodies accredited in accordance with Regulation (EU) No 910/2014;</TXT></NP></ITEM><ITEM><NP><NO.P>(b)</NO.P><TXT>endorsed by the conformity assessment bodies issuing the conformity assessment report;</TXT></NP></ITEM></LIST></P></NP></ITEM><ITEM><NP><NO.P>(20)</NO.P><TXT>include the scope, the description, and the results of a significant set of tests or production samples and their assessment for all relevant and applicable types of outputs from the assessed qualified trust services;</TXT></NP></ITEM><?PAGE NO="17"?><ITEM><NP><NO.P>(21)</NO.P><TXT>indicate the following deadlines:</TXT><P><LIST TYPE="alpha"><ITEM><NP><NO.P>(a)</NO.P><TXT>the deadline within which the next surveillance conformity assessment must be conducted;</TXT></NP></ITEM><ITEM><NP><NO.P>(b)</NO.P><TXT>the deadline within which the next conformity assessment must be conducted in accordance with Article 20(1) of Regulation (EU) No 910/2014;</TXT></NP></ITEM></LIST></P></NP></ITEM><ITEM><NP><NO.P>(22)</NO.P><TXT>contain an explicit declaration stating that the certification documents, including the conformity assessment report, are also intended for the use by the competent national supervisory body.</TXT></NP></ITEM></LIST></GR.SEQ></CONTENTS></ANNEX>
