<?xml version="1.0" encoding="UTF-8"?>
<ANNEX xmlns:xsi="http://www.w3.org/2001/XMLSchema-instance" xsi:noNamespaceSchemaLocation="http://formex.publications.europa.eu/schema/formex-06.02.3-20250123.xd" NNC="YES"><BIB.INSTANCE><DOCUMENT.REF FILE="L_202502162EN.doc.fmx.xml"><COLL>L</COLL><NO.DOC FORMAT="YN" TYPE="OJ"><COM>EU</COM><YEAR>2025</YEAR><NO.CURRENT>2162</NO.CURRENT></NO.DOC><LG.OJ>EN</LG.OJ><PAGE.FIRST>1</PAGE.FIRST><PAGE.SEQ>1</PAGE.SEQ><VOLUME.REF>01</VOLUME.REF></DOCUMENT.REF><DATE ISO="20251027">20251027</DATE><LG.DOC>EN</LG.DOC><NO.SEQ>0001.0002</NO.SEQ><PAGE.FIRST>11</PAGE.FIRST><PAGE.SEQ>1</PAGE.SEQ><PAGE.LAST>12</PAGE.LAST><PAGE.TOTAL>2</PAGE.TOTAL></BIB.INSTANCE><TITLE><TI><P>ANNEX II</P></TI></TITLE><CONTENTS><GR.SEQ LEVEL="1"><TITLE><TI><P><HT TYPE="BOLD">Reference standards for conformity assessment schemes</HT></P></TI></TITLE><P>The standards referred to in Article 6(3) are ETSI TS <FT TYPE="NUMBER">119612</FT> v2.4.1 and the following:</P><TBL COLS="2" NO.SEQ="0001"><CORPUS><ROW TYPE="HEADER"><CELL COL="1" TYPE="HEADER">Qualified Trust Service</CELL><CELL COL="2" TYPE="HEADER">Relevant standards</CELL></ROW><ROW><CELL COL="1">The issuance of qualified certificates for electronic signatures</CELL><CELL COL="2"><LIST TYPE="DASH"><ITEM><P>ETSI EN <FT TYPE="NUMBER">319411</FT>-2</P></ITEM><ITEM><P>ETSI EN <FT TYPE="NUMBER">301549</FT></P></ITEM><ITEM><P>ETSI EN <FT TYPE="NUMBER">319412</FT>-1</P></ITEM><ITEM><P>ETSI EN <FT TYPE="NUMBER">319412</FT>-2</P></ITEM><ITEM><P>ETSI EN <FT TYPE="NUMBER">319412</FT>-5</P></ITEM><ITEM><P>ETSI TS <FT TYPE="NUMBER">119461</FT></P></ITEM><ITEM><P>ETSI EN <FT TYPE="NUMBER">319401</FT></P></ITEM></LIST></CELL></ROW><ROW><CELL COL="1">The issuance of qualified certificates for electronic seals</CELL><CELL COL="2"><LIST TYPE="DASH"><ITEM><P>ETSI EN <FT TYPE="NUMBER">319411</FT>-2</P></ITEM><ITEM><P>ETSI TS <FT TYPE="NUMBER">119495</FT></P></ITEM><ITEM><P>ETSI EN <FT TYPE="NUMBER">301549</FT></P></ITEM><ITEM><P>ETSI EN <FT TYPE="NUMBER">319412</FT>-1</P></ITEM><ITEM><P>ETSI EN <FT TYPE="NUMBER">319412</FT>-2</P></ITEM><ITEM><P>ETSI EN <FT TYPE="NUMBER">319412</FT>-3</P></ITEM><ITEM><P>ETSI EN <FT TYPE="NUMBER">319412</FT>-5</P></ITEM><ITEM><P>ETSI TS <FT TYPE="NUMBER">119461</FT></P></ITEM><ITEM><P>ETSI EN <FT TYPE="NUMBER">319401</FT></P></ITEM></LIST></CELL></ROW><ROW><CELL COL="1">The issuance of qualified certificates for website authentication</CELL><CELL COL="2"><LIST TYPE="DASH"><ITEM><P>ETSI EN <FT TYPE="NUMBER">319411</FT>-2</P></ITEM><ITEM><P>ETSI TS <FT TYPE="NUMBER">119411</FT>-5</P></ITEM><ITEM><P>ETSI TS <FT TYPE="NUMBER">119495</FT></P></ITEM><ITEM><P>ETSI EN <FT TYPE="NUMBER">301549</FT></P></ITEM><ITEM><P>ETSI EN <FT TYPE="NUMBER">319412</FT>-1</P></ITEM><ITEM><P>ETSI EN <FT TYPE="NUMBER">319412</FT>-4</P></ITEM><ITEM><P>ETSI EN <FT TYPE="NUMBER">319412</FT>-5</P></ITEM><ITEM><P>ETSI TS <FT TYPE="NUMBER">119461</FT></P></ITEM><ITEM><P>ETSI EN <FT TYPE="NUMBER">319401</FT></P></ITEM></LIST></CELL></ROW><ROW><CELL COL="1">The qualified validation service for qualified electronic signatures</CELL><CELL COL="2"><LIST TYPE="DASH"><ITEM><P>ETSI TS <FT TYPE="NUMBER">119441</FT></P></ITEM><ITEM><P>ETSI TS <FT TYPE="NUMBER">119442</FT></P></ITEM><ITEM><P>ETSI EN <FT TYPE="NUMBER">319102</FT>-1</P></ITEM><ITEM><P>ETSI TS <FT TYPE="NUMBER">119102</FT>-2</P></ITEM><ITEM><P>ETSI TS <FT TYPE="NUMBER">119172</FT>-4</P></ITEM><ITEM><P>ETSI EN <FT TYPE="NUMBER">301549</FT></P></ITEM><ITEM><P>ETSI EN <FT TYPE="NUMBER">319401</FT></P></ITEM></LIST></CELL></ROW><ROW><CELL COL="1">The qualified validation service for qualified electronic seals</CELL><CELL COL="2"><LIST TYPE="DASH"><ITEM><P>ETSI TS <FT TYPE="NUMBER">119441</FT></P></ITEM><ITEM><P>ETSI TS <FT TYPE="NUMBER">119442</FT></P></ITEM><ITEM><P>ETSI EN <FT TYPE="NUMBER">319102</FT>-1</P></ITEM><ITEM><P>ETSI TS <FT TYPE="NUMBER">119102</FT>-2</P></ITEM><ITEM><P>ETSI TS <FT TYPE="NUMBER">119172</FT>-4</P></ITEM><ITEM><P>ETSI EN <FT TYPE="NUMBER">301549</FT></P></ITEM><ITEM><P>ETSI EN <FT TYPE="NUMBER">310401</FT></P></ITEM></LIST></CELL></ROW><ROW><CELL COL="1">The qualified preservation service for qualified electronic signatures</CELL><CELL COL="2"><LIST TYPE="DASH"><ITEM><P>ETSI TS <FT TYPE="NUMBER">119511</FT></P></ITEM><ITEM><P>ETSI TS <FT TYPE="NUMBER">119172</FT>-4</P></ITEM><ITEM><P>ETSI TS <FT TYPE="NUMBER">119512</FT></P></ITEM><ITEM><P>ETSI EN <FT TYPE="NUMBER">301549</FT></P></ITEM><ITEM><P>ETSI EN <FT TYPE="NUMBER">310401</FT></P></ITEM></LIST></CELL></ROW><ROW><CELL COL="1">The qualified preservation service for qualified electronic seals</CELL><CELL COL="2"><LIST TYPE="DASH"><ITEM><P>ETSI TS <FT TYPE="NUMBER">119511</FT></P></ITEM><ITEM><P>ETSI TS <FT TYPE="NUMBER">119172</FT>-4</P></ITEM><ITEM><P>ETSI TS <FT TYPE="NUMBER">119512</FT></P></ITEM><ITEM><P>ETSI EN <FT TYPE="NUMBER">301549</FT></P></ITEM><ITEM><P>ETSI EN <FT TYPE="NUMBER">319401</FT></P></ITEM></LIST></CELL></ROW><ROW><CELL COL="1">The creation of qualified electronic time stamps</CELL><CELL COL="2"><LIST TYPE="DASH"><ITEM><P>ETSI EN <FT TYPE="NUMBER">319421</FT></P></ITEM><ITEM><P>ETSI EN <FT TYPE="NUMBER">319422</FT></P></ITEM><ITEM><P>ETSI EN <FT TYPE="NUMBER">301549</FT></P></ITEM><ITEM><P>ETSI EN <FT TYPE="NUMBER">319401</FT></P></ITEM></LIST></CELL></ROW><?PAGE NO="12"?><ROW><CELL COL="1">The provision of qualified electronic registered delivery services</CELL><CELL COL="2"><LIST TYPE="DASH"><ITEM><P>ETSI EN <FT TYPE="NUMBER">319521</FT></P></ITEM><ITEM><P>ETSI EN <FT TYPE="NUMBER">319522</FT></P></ITEM><ITEM><P>ETSI EN <FT TYPE="NUMBER">319531</FT></P></ITEM><ITEM><P>ETSI EN <FT TYPE="NUMBER">319532</FT></P></ITEM><ITEM><P>ETSI EN <FT TYPE="NUMBER">301549</FT></P></ITEM><ITEM><P>ETSI TS <FT TYPE="NUMBER">119461</FT></P></ITEM><ITEM><P>ETSI EN <FT TYPE="NUMBER">319401</FT></P></ITEM></LIST></CELL></ROW><ROW><CELL COL="1">The qualified service for the management of remote qualified electronic signature creation devices</CELL><CELL COL="2"><LIST TYPE="DASH"><ITEM><P>ETSI TS <FT TYPE="NUMBER">119431</FT>-1</P></ITEM><ITEM><P>ETSI EN <FT TYPE="NUMBER">301549</FT></P></ITEM><ITEM><P>ETSI TS <FT TYPE="NUMBER">119461</FT></P></ITEM><ITEM><P>ETSI EN <FT TYPE="NUMBER">319401</FT></P></ITEM></LIST></CELL></ROW><ROW><CELL COL="1">The qualified service for the management of remote qualified electronic seal creation devices</CELL><CELL COL="2"><LIST TYPE="DASH"><ITEM><P>ETSI TS <FT TYPE="NUMBER">119431</FT>-1</P></ITEM><ITEM><P>ETSI EN <FT TYPE="NUMBER">301549</FT></P></ITEM><ITEM><P>ETSI TS <FT TYPE="NUMBER">119461</FT></P></ITEM><ITEM><P>ETSI EN <FT TYPE="NUMBER">319401</FT></P></ITEM></LIST></CELL></ROW><ROW><CELL COL="1">The provision of qualified electronic archiving services</CELL><CELL COL="2"><LIST TYPE="DASH"><ITEM><P>ISO 14641</P></ITEM><ITEM><P>ISO 14721</P></ITEM><ITEM><P>CEN/TS 18170</P></ITEM><ITEM><P>ETSI TS <FT TYPE="NUMBER">301549</FT></P></ITEM><ITEM><P>ETSI EN <FT TYPE="NUMBER">319401</FT></P></ITEM><ITEM><P>ETSI EN <FT TYPE="NUMBER">119511</FT></P></ITEM></LIST></CELL></ROW><ROW><CELL COL="1">The issuance of qualified electronic attestations of attributes</CELL><CELL COL="2"><LIST TYPE="DASH"><ITEM><P>ETSI TS <FT TYPE="NUMBER">119471</FT></P></ITEM><ITEM><P>ETSI EN <FT TYPE="NUMBER">301549</FT></P></ITEM><ITEM><P>ETSI TS <FT TYPE="NUMBER">119461</FT></P></ITEM><ITEM><P>ETSI EN <FT TYPE="NUMBER">319401</FT></P></ITEM></LIST></CELL></ROW><ROW><CELL COL="1">The recording of electronic data in a qualified electronic ledger</CELL><CELL COL="2"><LIST TYPE="DASH"><ITEM><P>ETSI EN <FT TYPE="NUMBER">319401</FT></P></ITEM><ITEM><P>ETSI EN <FT TYPE="NUMBER">301549</FT></P></ITEM><ITEM><P>CEN/TS 18170</P></ITEM><ITEM><P>ISO 23257</P></ITEM><ITEM><P>ISO/TS 23635</P></ITEM><ITEM><P>ETSI EN <FT TYPE="NUMBER">319122</FT>-1</P></ITEM><ITEM><P>ETSI EN <FT TYPE="NUMBER">319132</FT>-1</P></ITEM><ITEM><P>ETSI EN <FT TYPE="NUMBER">319182</FT>-1</P></ITEM></LIST></CELL></ROW></CORPUS></TBL></GR.SEQ></CONTENTS></ANNEX>
