<?xml version="1.0" encoding="UTF-8"?>
<ACT xmlns:xsi="http://www.w3.org/2001/XMLSchema-instance" xsi:noNamespaceSchemaLocation="http://formex.publications.europa.eu/schema/formex-06.02.3-20250123.xd" NNC="YES"><BIB.INSTANCE><DOCUMENT.REF FILE="L_202500846EN.doc.fmx.xml"><COLL>L</COLL><NO.DOC FORMAT="YN" TYPE="OJ"><COM>EU</COM><YEAR>2025</YEAR><NO.CURRENT>846</NO.CURRENT></NO.DOC><LG.OJ>EN</LG.OJ><PAGE.FIRST>1</PAGE.FIRST><PAGE.SEQ>1</PAGE.SEQ><VOLUME.REF>01</VOLUME.REF></DOCUMENT.REF><DATE ISO="20250506">20250506</DATE><LG.DOC>EN</LG.DOC><NO.SEQ>0001</NO.SEQ><PAGE.FIRST>1</PAGE.FIRST><PAGE.SEQ>1</PAGE.SEQ><PAGE.LAST>6</PAGE.LAST><PAGE.TOTAL>6</PAGE.TOTAL><NO.DOC FORMAT="YN" TYPE="OJ"><COM>EU</COM><YEAR>2025</YEAR><NO.CURRENT>846</NO.CURRENT></NO.DOC></BIB.INSTANCE><TITLE><TI><P><HT TYPE="UC">Commission Implementing Regulation</HT> (EU) 2025/846</P><P>of <DATE ISO="20250506">6 May 2025</DATE></P><P>laying down rules for the application of Regulation (EU) No 910/2014 of the European Parliament and of the Council as regards cross-border identity matching of natural persons</P></TI></TITLE><PREAMBLE><PREAMBLE.INIT>THE EUROPEAN COMMISSION,</PREAMBLE.INIT><GR.VISA><VISA>Having regard to the Treaty on the Functioning of the European Union,</VISA><VISA>Having regard to Regulation (EU) No 910/2014 of the European Parliament and of the Council of <DATE ISO="20140723">23 July 2014</DATE> on electronic identification and trust services for electronic transactions in the internal market and repealing Directive 1999/93/EC<NOTE NOTE.ID="E0001" NUMBERING="ARAB" NUMBERING.CONTINUED="YES" TYPE="FOOTNOTE"><P><REF.DOC.OJ COLL="L" DATE.PUB="20140828" NO.OJ="257" PAGE.FIRST="73">OJ L 257, 28.8.2014, p. 73</REF.DOC.OJ>, ELI: <LINK URI="http://data.europa.eu/eli/reg/2014/910/oj">http://data.europa.eu/eli/reg/2014/910/oj</LINK>.</P></NOTE>, and in particular Article 11a(3) thereof,</VISA></GR.VISA><GR.CONSID><GR.CONSID.INIT>Whereas:</GR.CONSID.INIT><CONSID><NP><NO.P>(1)</NO.P><TXT>Regulation (EU) No 910/2014 requires that European Digital Identity Wallets (<QUOT.START CODE="2018" ID="QS0001" REF.END="QE0001"/>wallets<QUOT.END CODE="2019" ID="QE0001" REF.START="QS0001"/>) and notified electronic identification means are available as an option for authentication to gain access to online cross-border public services provided by Member States. In such cross-border authentication cases, records containing information pertaining to the user of the wallet or the user of notified electronic identification means are sometimes already available to the relying party through the relying party’s own register or an external register, and, often in the form of a user account. In these instances, certain information pertaining to the user, obtained from the wallets or from the notified electronic identification means, may be matched by or on behalf of that relying party. For example, this could be accomplished by using a centralised solution operated by a public sector body, against the information already held by that relying party or by a register relied upon by the relying party, indicatively a population register or a database with user account information.</TXT></NP></CONSID><CONSID><NP><NO.P>(2)</NO.P><TXT>The Commission regularly assesses new technologies, practices, standards and technical specifications. To ensure the highest level of harmonisation among Member States for the development and certification of the wallets, the technical specifications set out in this Regulation rely on the work carried out under Commission Recommendation (EU) 2021/946<NOTE NOTE.ID="E0002" NUMBERING="ARAB" NUMBERING.CONTINUED="YES" TYPE="FOOTNOTE"><P>Commission Recommendation (EU) 2021/946 of <DATE ISO="20210603">3 June 2021</DATE> on a common Union Toolbox for a coordinated approach towards a European Digital Identity Framework (<REF.DOC.OJ COLL="L" DATE.PUB="20210614" NO.OJ="210" PAGE.FIRST="51">OJ L 210, 14.6.2021, p. 51</REF.DOC.OJ>, ELI: <LINK URI="http://data.europa.eu/eli/reco/2021/946/oj">http://data.europa.eu/eli/reco/2021/946/oj</LINK>).</P></NOTE> and in particular the Architecture and Reference Framework which is part of it. In accordance with recital 75 of Regulation (EU) 2024/1183 of the European Parliament and of the Council<NOTE NOTE.ID="E0003" NUMBERING="ARAB" NUMBERING.CONTINUED="YES" TYPE="FOOTNOTE"><P>Regulation (EU) 2024/1183 of the European Parliament and of the Council of <DATE ISO="20240411">11 April 2024</DATE> amending Regulation (EU) No 910/2014 as regards establishing the European Digital Identity Framework (<REF.DOC COLL="L" CONTEXT="EUR-LEX" DATE.PUB="20240430" NO.DOC="1183" URI="http://data.europa.eu/eli/reg/2024/1183/oj">OJ L, 2024/1183, 30.4.2024, ELI: http://data.europa.eu/eli/reg/2024/1183/oj</REF.DOC>).</P></NOTE>, the Commission should review and, if necessary, update this Regulation, to keep it in line with global developments, the Architecture and Reference Framework and to follow the best practices on the internal market.</TXT></NP></CONSID><CONSID><NP><NO.P>(3)</NO.P><TXT>To ensure that the identity matching process functions in a reliable manner across all Member States, Member States acting as relying parties, should perform the initial identity matching when a natural person first requests to get granted access to a service operated by the relying party, based on either the minimum dataset as laid out in Commission Implementing Regulation (EU) 2015/1501<NOTE NOTE.ID="E0004" NUMBERING="ARAB" NUMBERING.CONTINUED="YES" TYPE="FOOTNOTE"><P>Commission Implementing Regulation (EU) 2015/1501 of <DATE ISO="20150908">8 September 2015</DATE> on the interoperability framework pursuant to Article 12(8) of Regulation (EU) No 910/2014 of the European Parliament and of the Council on electronic identification and trust services for electronic transactions in the internal market (<REF.DOC.OJ COLL="L" DATE.PUB="20150909" NO.OJ="235" PAGE.FIRST="1">OJ L 235, 9.9.2015, p. 1</REF.DOC.OJ>, ELI: <LINK URI="http://data.europa.eu/eli/reg_impl/2015/1501/oj">http://data.europa.eu/eli/reg_impl/2015/1501/oj</LINK>).</P></NOTE> or the person identification dataset laid out in<?PAGE NO="2"?> Commission Implementing Regulation (EU) 2024/2977<NOTE NOTE.ID="E0005" NUMBERING="ARAB" NUMBERING.CONTINUED="YES" TYPE="FOOTNOTE"><P>Commission Implementing Regulation (EU) 2024/2977 of <DATE ISO="20241128">28 November 2024</DATE> laying down rules for the application of Regulation (EU) No 910/2014 of the European Parliament and of the Council as regards person identification data and electronic attestations of attributes issued to European Digital Identity Wallets (<REF.DOC COLL="L" CONTEXT="EUR-LEX" DATE.PUB="20241204" NO.DOC="2977" URI="http://data.europa.eu/eli/reg_impl/2024/2977/oj">OJ L, 2024/2977, 4.12.2024, ELI: http://data.europa.eu/eli/reg_impl/2024/2977/oj</REF.DOC>).</P></NOTE>. While this Regulation focuses on Member States acting as relying parties, Regulation (EU) No 910/2014 leaves it for Member States to decide if the identity matching system is also made available to private relying parties. Where Member States foresee identity matching for relying parties which are not public sector bodies, they should apply as far as possible the mechanisms and procedures laid down in this Regulation.</TXT></NP></CONSID><CONSID><NP><NO.P>(4)</NO.P><TXT>For the purpose of cross-border identity matching when using the wallets, the information used for unequivocal identity matching should be the mandatory data identifiers of the person identification dataset set out in Section 1 of the Annex to Implementing Regulation (EU) 2024/2977, together with any optional data needed to ensure that the set of person identification data is unique.</TXT></NP></CONSID><CONSID><NP><NO.P>(5)</NO.P><TXT>For the purpose of cross-border identity matching when using notified electronic identification means, the information used for unequivocal identity matching should be the mandatory attributes of the minimum dataset for a natural person as set out in Section 1 of the Annex to Implementing Regulation (EU) 2015/1501. The reference to the mandatory attributes of the minimum dataset for a natural person should be understood in the context of Implementing Regulation (EU) 2015/1501, which describes an attribute as a component of the minimum set of person identification data, as opposed to the definition of attributes laid down in Article 3, point (43), of Regulation (EU) No 910/2014 as amended by Regulation (EU) 2024/1183.</TXT></NP></CONSID><CONSID><NP><NO.P>(6)</NO.P><TXT>Due to the dependence on pre-existing information used by the relying party to ensure unequivocal identity matching, the identity matching process might not be successful in all instances. To provide an appropriate degree of flexibility for relying parties, Member States may put in place complementary processes that achieve an equivalent level of confidence in the outcome of the identity matching process.</TXT></NP></CONSID><CONSID><NP><NO.P>(7)</NO.P><TXT>Where the identity matching process is deemed successful as per the provisions of this Regulation, the relying party or the party acting on its behalf, or a register relied upon by relying parties or the centralised system should ensure that the user is informed about the successful registration, including by displaying the user’s name or pseudonym and, where appropriate, among others, about the available options for storing the result of the identity matching process. Those options may include storing an association in a register operated by the relying party and/or in a register relied upon by the relying party and/or issuance of a dedicated electronic attestation of attributes containing an association that can be reused in the future and/or using alternative options provided by the relying party or the party acting on behalf of the relying party. Where applicable, the user should have the choice between options and the retention time should be under the control of the user to ensure that users can reuse completed identity matching processes in the future.</TXT></NP></CONSID><CONSID><NP><NO.P>(8)</NO.P><TXT>To enhance transparency and user control, when the user could not be successfully matched, the user should be provided with clear reasons why the match was unsuccessful. In addition, the user should be informed about any potential next steps. This should include the information that was used in the identity matching process and any discrepancies that were found, providing clear explanations and instructions to the users on possible remedies and complementary processes.</TXT></NP></CONSID><CONSID><NP><NO.P>(9)</NO.P><TXT>To make appropriate recourse mechanisms available whenever identity matching is performed, relying parties or the parties acting on their behalf or registers relied upon by relying parties should keep appropriate logs concerning the identity matching process, the information used for matching and any other supporting documentation provided by the natural person as well as the outcome of the identity matching process. These logs should be retained for a minimum of 6 months and a maximum of 12 months to enable the registration and processing of complaints by users. The retention time could be extended if required by Union or national law.</TXT></NP></CONSID><?PAGE NO="3"?><CONSID><NP><NO.P>(10)</NO.P><TXT>To avoid wallet users needing to perform the identity matching process repeatedly, Member States may require that identity matching systems be capable of issuing an electronic attestation of attributes with a link between the wallet user and a register in which that user is registered as a known user. Alternatively, Member States may store an association as a reference to a register that is accessible to the relying party or other assisting measures.</TXT></NP></CONSID><CONSID><NP><NO.P>(11)</NO.P><TXT>To ensure that the wallets to be provided in line with the requirements of Article 5a(1) of Regulation (EU) No 910/2014, and the notified electronic identification schemes to benefit from the advantages of having operational identity matching systems, a longer deadline of application of the respective provisions of this Regulation needs to be set. As regards wallets, each Member State should provide at least one wallet within 24 months as of the date of entry into force of the implementing acts referred to in Articles 5a(23) and 5c(6) of Regulation (EU) No 910/2014. Therefore, the application of the relevant provisions of this Regulation on identity matching based on wallets should coincide with the above timeframe. As regards notified electronic identification schemes, sufficient time should be given for the replacement of the functionalities for identity matching.</TXT></NP></CONSID><CONSID><NP><NO.P>(12)</NO.P><TXT>As use of the wallet is to be voluntary, Member States should provide alternative methods for users to gain access to the services they provide when acting as relying parties.</TXT></NP></CONSID><CONSID><NP><NO.P>(13)</NO.P><TXT>When attempting to authenticate towards an electronic service, a new user registration may be seamless and thereby appear to a user, visually and technically, the same as a returning visit to an electronic service. For that reason, a new user registration to an electronic service should, for the purpose of this Regulation, be seen as equivalent to a successful identity matching process.</TXT></NP></CONSID><CONSID><NP><NO.P>(14)</NO.P><TXT>Member States should ensure that the identity matching process functions seamlessly and that the user does not experience multiple session changes and repetitive steps even if the identity matching process is initially not successful and complementary processes are performed.</TXT></NP></CONSID><CONSID><NP><NO.P>(15)</NO.P><TXT>Member States have the freedom to design their user interfaces and notifications in a manner befitting their national context, taking into account the spirit of the requirements contained in this Regulation.</TXT></NP></CONSID><CONSID><NP><NO.P>(16)</NO.P><TXT>Regulation (EU) 2016/679 of the European Parliament and of the Council<NOTE NOTE.ID="E0006" NUMBERING="ARAB" NUMBERING.CONTINUED="YES" TYPE="FOOTNOTE"><P>Regulation (EU) 2016/679 of the European Parliament and of the Council of <DATE ISO="20160427">27 April 2016</DATE> on the protection of natural persons with regard to the processing of personal data and on the free movement of such data, and repealing Directive 95/46/EC (General Data Protection Regulation) (<REF.DOC.OJ COLL="L" DATE.PUB="20160504" NO.OJ="119" PAGE.FIRST="1">OJ L 119, 4.5.2016, p. 1</REF.DOC.OJ>, ELI: <LINK URI="http://data.europa.eu/eli/reg/2016/679/oj">http://data.europa.eu/eli/reg/2016/679/oj</LINK>).</P></NOTE> and, where relevant, Directive 2002/58/EC of the European Parliament and of the Council<NOTE NOTE.ID="E0007" NUMBERING="ARAB" NUMBERING.CONTINUED="YES" TYPE="FOOTNOTE"><P>Directive 2002/58/EC of the European Parliament and of the Council of <DATE ISO="20020712">12 July 2002</DATE> concerning the processing of personal data and the protection of privacy in the electronic communications sector (Directive on privacy and electronic communications) (<REF.DOC.OJ COLL="L" DATE.PUB="20020731" NO.OJ="201" PAGE.FIRST="37">OJ L 201, 31.7.2002, p. 37</REF.DOC.OJ>, ELI: <LINK URI="http://data.europa.eu/eli/dir/2002/58/oj">http://data.europa.eu/eli/dir/2002/58/oj</LINK>).</P></NOTE> apply to the personal data processing activities under this Regulation.</TXT></NP></CONSID><CONSID><NP><NO.P>(17)</NO.P><TXT>The European Data Protection Supervisor was consulted in accordance with Article 42(1) of Regulation (EU) 2018/1725 of the European Parliament and of the Council<NOTE NOTE.ID="E0008" NUMBERING="ARAB" NUMBERING.CONTINUED="YES" TYPE="FOOTNOTE"><P>Regulation (EU) 2018/1725 of the European Parliament and of the Council of <DATE ISO="20181023">23 October 2018</DATE> on the protection of natural persons with regard to the processing of personal data by the Union institutions, bodies, offices and agencies and on the free movement of such data, and repealing Regulation (EC) No 45/2001 and Decision No 1247/2002/EC (<REF.DOC.OJ COLL="L" DATE.PUB="20181121" NO.OJ="295" PAGE.FIRST="39">OJ L 295, 21.11.2018, p. 39</REF.DOC.OJ>, ELI: <LINK URI="http://data.europa.eu/eli/reg/2018/1725/oj">http://data.europa.eu/eli/reg/2018/1725/oj</LINK>).</P></NOTE> and delivered its opinion on <DATE ISO="20250131">31 January 2025</DATE>.</TXT></NP></CONSID><CONSID><NP><NO.P>(18)</NO.P><TXT>The measures provided for in this Regulation are in accordance with the opinion of the committee established by Article 48 of Regulation (EU) No 910/2014,</TXT></NP></CONSID></GR.CONSID><?PAGE NO="4"?><PREAMBLE.FINAL>HAS ADOPTED THIS REGULATION:</PREAMBLE.FINAL></PREAMBLE><ENACTING.TERMS><ARTICLE IDENTIFIER="001"><TI.ART>Article 1</TI.ART><STI.ART>Subject matter</STI.ART><ALINEA>This Regulation lays down rules for cross-border identity matching of natural persons by public sector bodies or by bodies acting on behalf of a public sector body, to be updated on a regular basis to keep in line with technology and standards developments and with the work carried out on the basis of Recommendation (EU) 2021/946, and in particular the Architecture and Reference Framework.</ALINEA></ARTICLE><ARTICLE IDENTIFIER="002"><TI.ART>Article 2</TI.ART><STI.ART>General requirements</STI.ART><PARAG IDENTIFIER="002.001"><NO.PARAG>1.</NO.PARAG><ALINEA>Where a public sector body acts as a relying party in the context of an online cross-border service offered by or on behalf of that public sector body, Member States shall ensure that the process set out in paragraph 2 is used to ensure unequivocal identity matching of natural persons.</ALINEA></PARAG><PARAG IDENTIFIER="002.002"><NO.PARAG>2.</NO.PARAG><ALINEA>Unequivocal identity matching shall be done by, or on behalf of, the relying party, or a register relied upon by relying parties, or a centralised system, by requesting, as applicable, receiving, and validating the authenticity of the information listed in paragraphs 3 or 4.</ALINEA></PARAG><PARAG IDENTIFIER="002.003"><NO.PARAG>3.</NO.PARAG><ALINEA>When reliance is on a wallet, the information to be used for unequivocal identity matching shall be the mandatory person identification data set out in Section 1 of the Annex to Implementing Regulation (EU) 2024/2977, together with any optional data that is needed to ensure that the presented dataset is unique including, where appropriate, additional information or complementary procedures.</ALINEA></PARAG><PARAG IDENTIFIER="002.004"><NO.PARAG>4.</NO.PARAG><ALINEA>When reliance is on a notified electronic identification scheme, the information to be used for unequivocal identity matching shall be the mandatory attributes of the minimum data set for a natural person set out in Section 1 of the Annex to Implementing Regulation (EU) 2015/1501 including, where appropriate, any additional information or complementary procedures.</ALINEA></PARAG><PARAG IDENTIFIER="002.005"><NO.PARAG>5.</NO.PARAG><ALINEA>When determining whether there is an unequivocal identity match, the relying party, or the party acting on its behalf, shall match the information provided by the user to those the relying party or a party acting on its behalf or a register relied upon by relying parties that has already registered.</ALINEA></PARAG><PARAG IDENTIFIER="002.006"><NO.PARAG>6.</NO.PARAG><ALINEA>The outcome of the process described in paragraph 5 shall, to the extent possible, not be affected by differences in transliteration, blank spaces, hyphenation, concatenation, and similar orthographic variations that are required under Union law or national law of the Member State.</ALINEA></PARAG><PARAG IDENTIFIER="002.007"><NO.PARAG>7.</NO.PARAG><ALINEA>Where the match is exact for the information referred to in paragraph 2 and relates to only one natural person or the outcome of the process leads to a new registration of the user that is equivalent in its function to a successful identity matching process, the identity matching process shall be deemed successful resulting in an unequivocal identity match. Where the match is not exact or relates to more than one natural person, or the party performing the identity matching cannot guarantee that the match is unequivocal, the identity matching process shall be deemed unsuccessful.</ALINEA></PARAG><PARAG IDENTIFIER="002.008"><NO.PARAG>8.</NO.PARAG><ALINEA>Member States may rely on centralised identity matching systems, operated by a public sector body established in that Member State, to ensure that notified electronic identification means or wallets from another Member State can be matched with existing registrations and records using online procedures.</ALINEA></PARAG><PARAG IDENTIFIER="002.009"><NO.PARAG>9.</NO.PARAG><ALINEA>Where Member States enable wallet-relying parties which are not public sector bodies to perform identity matching the mechanisms and procedures laid down in this Regulation shall apply, where applicable.</ALINEA></PARAG></ARTICLE><?PAGE NO="5"?><ARTICLE IDENTIFIER="003"><TI.ART>Article 3</TI.ART><STI.ART>Obligations of relying parties where the identity matching process is successful</STI.ART><PARAG IDENTIFIER="003.001"><NO.PARAG>1.</NO.PARAG><ALINEA>The first time a user performs the identity matching process and it is deemed successful pursuant to Article 2(7), the relying party or the party acting on its behalf, or a register relied upon by relying parties or the centralised system shall ensure that the user is informed of the fact that the user has been granted access to the service to which that they requested access to.</ALINEA></PARAG><PARAG IDENTIFIER="003.002"><NO.PARAG>2.</NO.PARAG><ALINEA><P>Where applicable, the user shall also be informed if he or she:</P><LIST TYPE="alpha"><ITEM><NP><NO.P>(a)</NO.P><TXT>has been registered as a new user;</TXT></NP></ITEM><ITEM><NP><NO.P>(b)</NO.P><TXT>has been successfully matched to a single existing user of the relying party or;</TXT></NP></ITEM><ITEM><NP><NO.P>(c)</NO.P><TXT>has been successfully matched to a single existing user in a register relied upon by the relying party or the party acting on its behalf;</TXT></NP></ITEM><ITEM><NP><NO.P>(d)</NO.P><TXT>can reuse completed identity matching processes in the future by choosing one of the following options including the retention time:</TXT><P><LIST TYPE="DASH"><ITEM><P>storage of an association in a register operated by the relying party or in a register relied upon by the relying party that can be reused in future access requests;</P></ITEM><ITEM><P>issuance of a dedicated electronic attestation of attributes containing an association that can be reused in future access requests;</P></ITEM><ITEM><P>alternative options provided by the relying party or the party acting on behalf of the relying party or the centralised system that can be reused in future access requests.</P></ITEM></LIST></P></NP></ITEM></LIST></ALINEA></PARAG></ARTICLE><ARTICLE IDENTIFIER="004"><TI.ART>Article 4</TI.ART><STI.ART>Obligations of relying parties where the identity matching process is not successful</STI.ART><PARAG IDENTIFIER="004.001"><NO.PARAG>1.</NO.PARAG><ALINEA><P>Where an identity matching process is deemed unsuccessful pursuant to Article 2(7), the relying party or the party acting on its behalf or the centralised system shall ensure that the user of a notified electronic identification means or of a wallet is informed if:</P><LIST TYPE="alpha"><ITEM><NP><NO.P>(a)</NO.P><TXT>the data made available was not successfully and unequivocally matched to any existing user of the relying party or in a register relied upon by the relying party or the party acting on its behalf;</TXT></NP></ITEM><ITEM><NP><NO.P>(b)</NO.P><TXT>other options for identity matching available to the user or other methods for gaining access to the service are available.</TXT></NP></ITEM></LIST></ALINEA></PARAG><PARAG IDENTIFIER="004.002"><NO.PARAG>2.</NO.PARAG><ALINEA><P>The options or other methods referred to in paragraph 1, point (b) may include:</P><LIST TYPE="alpha"><ITEM><NP><NO.P>(a)</NO.P><TXT>a different notified electronic identification means or a different wallet;</TXT></NP></ITEM><ITEM><NP><NO.P>(b)</NO.P><TXT>an update of information already registered with the relying party, the party acting on its behalf or a register relied upon by the relying party or the centralised identity matching system;</TXT></NP></ITEM><ITEM><NP><NO.P>(c)</NO.P><TXT>additional information provided by the relying party or a party acting on their behalf for identity matching or the centralised system.</TXT></NP></ITEM></LIST></ALINEA></PARAG><PARAG IDENTIFIER="004.003"><NO.PARAG>3.</NO.PARAG><ALINEA>Where the complementary methods result in a successful and unequivocal match or registration, the outcome shall follow the obligations set out in Article 3.</ALINEA></PARAG><PARAG IDENTIFIER="004.004"><NO.PARAG>4.</NO.PARAG><ALINEA>Where the relying party or the centralised system determines either initially or after unsuccessfully performing the complementary identity matching processes that the user has not previously been registered, the relying party or the centralised system may consider this user as a new user and where applicable, register the user in accordance with national law or administrative practices.</ALINEA></PARAG><?PAGE NO="6"?><PARAG IDENTIFIER="004.005"><NO.PARAG>5.</NO.PARAG><ALINEA>Where the complementary methods do not result in a successful and unequivocal match, the party performing the identity matching may assess if the user has no prior interaction or interactions with the relying party or a register relied upon by the relying party and therefore shall be considered as a new user.</ALINEA></PARAG><PARAG IDENTIFIER="004.006"><NO.PARAG>6.</NO.PARAG><ALINEA>Where there is a new user relying parties shall apply the process set out in Article 3. Relying parties may register new users in accordance with national law or administrative practices.</ALINEA></PARAG></ARTICLE><ARTICLE IDENTIFIER="005"><TI.ART>Article 5</TI.ART><STI.ART>Obligations of relying parties following the completion of the identity matching process</STI.ART><PARAG IDENTIFIER="005.001"><NO.PARAG>1.</NO.PARAG><ALINEA><P>Where an identity matching process as set out in Article 2 is completed, whether successfully or unsuccessfully, the relying party or the party acting on its behalf or the register relied upon by the relying party shall keep the logs relating to the identity matching process and its outcome, including where available, the following:</P><LIST TYPE="alpha"><ITEM><NP><NO.P>(a)</NO.P><TXT>the values provided by the user and the relying party that is used to perform the identity matching process;</TXT></NP></ITEM><ITEM><NP><NO.P>(b)</NO.P><TXT>the date and time of the identity matching process;</TXT></NP></ITEM><ITEM><NP><NO.P>(c)</NO.P><TXT>any relevant documentation provided as part of the complementary methods referred to in Article 4(1) and (2) necessary for dispute handling;</TXT></NP></ITEM><ITEM><NP><NO.P>(d)</NO.P><TXT>where applicable, any identifiers or account numbers used by the relying party, or a register relied upon by relying parties, or the party acting on its behalf, or the centralised identity matching system that relates to the natural person.</TXT></NP></ITEM></LIST></ALINEA></PARAG><PARAG IDENTIFIER="005.002"><NO.PARAG>2.</NO.PARAG><ALINEA>Relying parties or the parties acting on their behalf, shall consider security and privacy by design principles related to the logging of the information included in paragraph 1.</ALINEA></PARAG><PARAG IDENTIFIER="005.003"><NO.PARAG>3.</NO.PARAG><ALINEA>Relying parties or the parties acting on their behalf, shall retain the logs for a minimum of 6 months and a maximum of 12 months for security purposes. For other purposes, including enabling the registration and processing of user complaints, the retention time may be extended if required by Union or national law.</ALINEA></PARAG></ARTICLE><ARTICLE IDENTIFIER="006"><TI.ART>Article 6</TI.ART><STI.ART>Entry into force</STI.ART><ALINEA>This Regulation shall enter into force on the twentieth day following that of its publication in the <HT TYPE="ITALIC">Official Journal of the European Union</HT>.</ALINEA><ALINEA>It shall apply from <DATE ISO="20261224">24 December 2026</DATE>.</ALINEA></ARTICLE></ENACTING.TERMS><FINAL><P>This Regulation shall be binding in its entirety and directly applicable in all Member States.</P><SIGNATURE><PL.DATE><P>Done at Brussels, <DATE ISO="20250506">6 May 2025</DATE>.</P></PL.DATE><SIGNATORY><P><HT TYPE="ITALIC">For the Commission</HT></P><P><HT TYPE="ITALIC">The President</HT></P><P>Ursula <HT TYPE="UC">von der Leyen</HT></P></SIGNATORY></SIGNATURE></FINAL></ACT>
