<?xml version="1.0" encoding="UTF-8"?>
<ANNEX xmlns:xsi="http://www.w3.org/2001/XMLSchema-instance" xsi:noNamespaceSchemaLocation="http://formex.publications.europa.eu/schema/formex-06.02.3-20250123.xd" NNC="YES"><BIB.INSTANCE><DOCUMENT.REF FILE="L_202501569EN.doc.fmx.xml"><COLL>L</COLL><NO.DOC FORMAT="YN" TYPE="OJ"><COM>EU</COM><YEAR>2025</YEAR><NO.CURRENT>1569</NO.CURRENT></NO.DOC><LG.OJ>EN</LG.OJ><PAGE.FIRST>1</PAGE.FIRST><PAGE.SEQ>1</PAGE.SEQ><VOLUME.REF>01</VOLUME.REF></DOCUMENT.REF><DATE ISO="20250729">20250729</DATE><LG.DOC>EN</LG.DOC><NO.SEQ>0001.0003</NO.SEQ><PAGE.FIRST>13</PAGE.FIRST><PAGE.SEQ>1</PAGE.SEQ><PAGE.LAST>13</PAGE.LAST><PAGE.TOTAL>1</PAGE.TOTAL></BIB.INSTANCE><TITLE><TI><P>ANNEX III</P></TI><STI><P>Notifications referred to in Article 5</P></STI></TITLE><CONTENTS><P>Member States shall notify to the Commission at least:</P><LIST TYPE="ARAB"><ITEM><NP><NO.P>(1)</NO.P><TXT>the name of the public sector body, and where applicable, the registration number as used in official records; the Member State in which the public sector body is established; the Union or national law under which the public sector body is established as the responsible for the authentic source on the basis of which the electronic attestation of attributes is issued or is designated to act on behalf of the public sector body that is responsible for the authentic source;</TXT></NP></ITEM><ITEM><NP><NO.P>(2)</NO.P><TXT>the contact email and phone number of the public sector body;</TXT></NP></ITEM><ITEM><NP><NO.P>(3)</NO.P><TXT>the URL of the webpage for additional information about the public sector body;</TXT></NP></ITEM><ITEM><NP><NO.P>(4)</NO.P><TXT>conformity assessment report as specified Article 45f (3) of Regulation (EU) No 910/2014.</TXT></NP></ITEM></LIST></CONTENTS></ANNEX>
