<?xml version="1.0" encoding="UTF-8"?>
<ANNEX xmlns:xsi="http://www.w3.org/2001/XMLSchema-instance" xsi:noNamespaceSchemaLocation="http://formex.publications.europa.eu/schema/formex-06.02.3-20250123.xd" NNC="YES"><BIB.INSTANCE><DOCUMENT.REF FILE="L_202501569EN.doc.fmx.xml"><COLL>L</COLL><NO.DOC FORMAT="YN" TYPE="OJ"><COM>EU</COM><YEAR>2025</YEAR><NO.CURRENT>1569</NO.CURRENT></NO.DOC><LG.OJ>EN</LG.OJ><PAGE.FIRST>1</PAGE.FIRST><PAGE.SEQ>1</PAGE.SEQ><VOLUME.REF>01</VOLUME.REF></DOCUMENT.REF><DATE ISO="20250729">20250729</DATE><LG.DOC>EN</LG.DOC><NO.SEQ>0001.0002</NO.SEQ><PAGE.FIRST>12</PAGE.FIRST><PAGE.SEQ>1</PAGE.SEQ><PAGE.LAST>12</PAGE.LAST><PAGE.TOTAL>1</PAGE.TOTAL></BIB.INSTANCE><TITLE><TI><P>ANNEX II</P></TI><STI><P>Technical specifications for the issuance of qualified electronic attestations of attributes and electronic attestations of attributes issued by or on behalf of a public sector body responsible for an authentic source referred to in Article 3</P></STI></TITLE><CONTENTS><LIST TYPE="ARAB"><ITEM><NP><NO.P>(1)</NO.P><TXT>Providers of qualified electronic attestations of attributes and providers of electronic attestation of attributes issued by or on behalf of a public sector body responsible for an authentic source shall issue their attestations in a format according to one of the standards listed in Annex II of Commission Implementing Regulation (EU) 2024/2979<NOTE NOTE.ID="E0001" NUMBERING="ARAB" NUMBERING.CONTINUED="YES" TYPE="FOOTNOTE"><P>Commission Implementing Regulation (EU) 2024/2979 of <DATE ISO="20241128">28 November 2024</DATE> laying down rules for the application of Regulation (EU) No 910/2014 of the European Parliament and of the Council as regards the integrity and core functionalities of European Digital Identity Wallets (<REF.DOC COLL="L" CONTEXT="EUR-LEX" DATE.PUB="20241204" NO.DOC="2979" URI="http://data.europa.eu/eli/reg_impl/2024/2979/oj">OJ L, 2024/2979, 4.12.2024, ELI: http://data.europa.eu/eli/reg_impl/2024/2979/oj</REF.DOC>).</P></NOTE>.</TXT></NP></ITEM><ITEM><NP><NO.P>(2)</NO.P><TXT>For the issuance of attestations to natural or legal persons, providers of qualified electronic attestation of attributes and providers of electronic attestation of attributes issued by or on behalf of a public sector body responsible for an authentic source shall:</TXT><P><LIST TYPE="alpha"><ITEM><NP><NO.P>(a)</NO.P><TXT>where applicable, verify that the requester of the attestation has the right to act on behalf of the person that is the subject of the attestation;</TXT></NP></ITEM><ITEM><NP><NO.P>(b)</NO.P><TXT>where applicable, verify the identity of the authentic source used as a source for the attributes included in the attestation;</TXT></NP></ITEM><ITEM><NP><NO.P>(c)</NO.P><TXT>process only the minimum set of attributes necessary for the issuance and management of the attestation.</TXT></NP></ITEM></LIST></P></NP></ITEM><ITEM><NP><NO.P>(3)</NO.P><TXT>In addition, where the attestation is issued to a European Digital Identity Wallet, the attestation provider shall:</TXT><P><LIST TYPE="alpha"><ITEM><NP><NO.P>(a)</NO.P><TXT>authenticate to the wallet unit;</TXT></NP></ITEM><ITEM><NP><NO.P>(b)</NO.P><TXT>verify that the wallet unit is not revoked or suspended.</TXT></NP></ITEM></LIST></P></NP></ITEM></LIST></CONTENTS></ANNEX>
