<?xml version="1.0" encoding="UTF-8"?>
<ANNEX xmlns:xsi="http://www.w3.org/2001/XMLSchema-instance" xsi:noNamespaceSchemaLocation="http://formex.publications.europa.eu/schema/formex-06.02.3-20250123.xd" NNC="YES"><BIB.INSTANCE><DOCUMENT.REF FILE="L_202501569EN.doc.fmx.xml"><COLL>L</COLL><NO.DOC FORMAT="YN" TYPE="OJ"><COM>EU</COM><YEAR>2025</YEAR><NO.CURRENT>1569</NO.CURRENT></NO.DOC><LG.OJ>EN</LG.OJ><PAGE.FIRST>1</PAGE.FIRST><PAGE.SEQ>1</PAGE.SEQ><VOLUME.REF>01</VOLUME.REF></DOCUMENT.REF><DATE ISO="20250729">20250729</DATE><LG.DOC>EN</LG.DOC><NO.SEQ>0001.0001</NO.SEQ><PAGE.FIRST>11</PAGE.FIRST><PAGE.SEQ>1</PAGE.SEQ><PAGE.LAST>11</PAGE.LAST><PAGE.TOTAL>1</PAGE.TOTAL></BIB.INSTANCE><TITLE><TI><P>ANNEX I</P></TI><STI><P>List of reference standards and specifications referred to in Article 3</P></STI></TITLE><CONTENTS><P>Providers of qualified electronic attestations of attributes and providers of electronic attestation of attributes issued by or on behalf of a public sector body responsible for an authentic source shall issue their attestations to natural or legal persons according to the specifications for trust service providers established in standard ETSI EN 319 401 v3.1.1 (2024-06) (<QUOT.START CODE="2018" ID="QS0001" REF.END="QE0001"/>ETSI EN 319 401<QUOT.END CODE="2019" ID="QE0001" REF.START="QS0001"/>).</P></CONTENTS></ANNEX>
