<?xml version="1.0" encoding="UTF-8"?>
<ANNEX xmlns:xsi="http://www.w3.org/2001/XMLSchema-instance" xsi:noNamespaceSchemaLocation="http://formex.publications.europa.eu/schema/formex-06.02.3-20250123.xd" NNC="YES"><BIB.INSTANCE><DOCUMENT.REF FILE="L_202501946EN.doc.fmx.xml"><COLL>L</COLL><NO.DOC FORMAT="YN" TYPE="OJ"><COM>EU</COM><YEAR>2025</YEAR><NO.CURRENT>1946</NO.CURRENT></NO.DOC><LG.OJ>EN</LG.OJ><PAGE.FIRST>1</PAGE.FIRST><PAGE.SEQ>1</PAGE.SEQ><VOLUME.REF>01</VOLUME.REF></DOCUMENT.REF><DATE ISO="20250929">20250929</DATE><LG.DOC>EN</LG.DOC><NO.SEQ>0001.0001</NO.SEQ><PAGE.FIRST>3</PAGE.FIRST><PAGE.SEQ>1</PAGE.SEQ><PAGE.LAST>6</PAGE.LAST><PAGE.TOTAL>4</PAGE.TOTAL></BIB.INSTANCE><TITLE><TI><P>ANNEX</P></TI><STI><P>List of reference standards and specifications referred to in Article 2</P></STI></TITLE><CONTENTS><P>The standards ETSI TS <FT TYPE="NUMBER">119511</FT> V1.1.1 (2019-06) (<QUOT.START CODE="2018" ID="QS0001" REF.END="QE0001"/>ETSI TS <FT TYPE="NUMBER">119511</FT><QUOT.END CODE="2019" ID="QE0001" REF.START="QS0001"/>), and ETSI TS <FT TYPE="NUMBER">119172</FT>-4 V1.1.1 (2021-05) (<QUOT.START CODE="2018" ID="QS0002" REF.END="QE0002"/>ETSI TS <FT TYPE="NUMBER">119172</FT>-4<QUOT.END CODE="2019" ID="QE0002" REF.START="QS0002"/>) apply with the following adaptations:</P><LIST TYPE="ARAB"><ITEM><NP><NO.P>1.</NO.P><TXT>For ETSI TS <FT TYPE="NUMBER">119511</FT></TXT><P><LIST TYPE="ARAB"><ITEM><NP><NO.P>(1)</NO.P><TXT>2.1 Normative references:</TXT><P><LIST TYPE="DASH"><ITEM><P>[1] ETSI EN <FT TYPE="NUMBER">319401</FT> V3.1.1 (2024-06) <QUOT.START CODE="2018" ID="QS0003" REF.END="QE0003"/>Electronic Signatures and Infrastructures (ESI); General Policy Requirements for Trust Service Providers<QUOT.END CODE="2019" ID="QE0003" REF.START="QS0003"/>.</P></ITEM><ITEM><P>[2] ETSI TS <FT TYPE="NUMBER">119612</FT> (V2.3.1) <QUOT.START CODE="2018" ID="QS0004" REF.END="QE0004"/>Electronic Signatures and Infrastructures (ESI); Trusted Lists<QUOT.END CODE="2019" ID="QE0004" REF.START="QS0004"/>.</P></ITEM><ITEM><P>[5] FIPS PUB 140-3 (2019) <QUOT.START CODE="2018" ID="QS0005" REF.END="QE0005"/>Security Requirements for Cryptographic Modules<QUOT.END CODE="2019" ID="QE0005" REF.START="QS0005"/>.</P></ITEM><ITEM><P>[6] Commission Implementing Regulation (EU) 2024/482<NOTE TYPE="FOOTNOTE" NUMBERING.CONTINUED="YES" NOTE.ID="E0001" NUMBERING="ARAB"><P><REF.DOC COLL="L" DATE.PUB="20240207" NO.DOC="482" URI="http://data.europa.eu/eli/reg_impl/2024/482/oj" CONTEXT="EUR-LEX">OJ L, 2024/482, 7.2.2024, ELI: http://data.europa.eu/eli/reg_impl/2024/482/oj</REF.DOC>.</P></NOTE> laying down rules for the application of Regulation (EU) 2019/881 of the European Parliament and of the Council as regards the adoption of the European Common Criteria-based cybersecurity certification scheme (EUCC).</P></ITEM><ITEM><P>[7] Commission Implementing Regulation (EU) 2024/3144<NOTE TYPE="FOOTNOTE" NUMBERING.CONTINUED="YES" NOTE.ID="E0002" NUMBERING="ARAB"><P><REF.DOC COLL="L" DATE.PUB="20241219" NO.DOC="3144" URI="http://data.europa.eu/eli/reg_impl/2024/3144/oj" CONTEXT="EUR-LEX">OJ L, 2024/3144, 19.12.2024, ELI: http://data.europa.eu/eli/reg_impl/2024/3144/oj</REF.DOC>.</P></NOTE> amending Implementing Regulation (EU) 2024/482 as regards applicable international standards and correcting that Implementing Regulation.</P></ITEM><ITEM><P>[8] European Cybersecurity Certification Group, Sub-group on Cryptography: <QUOT.START CODE="2018" ID="QS0006" REF.END="QE0006"/>Agreed Cryptographic Mechanisms<QUOT.END CODE="2019" ID="QE0006" REF.START="QS0006"/> published by the European Union Agency for Cybersecurity (<QUOT.START CODE="2018" ID="QS0007" REF.END="QE0007"/>ENISA<QUOT.END CODE="2019" ID="QE0007" REF.START="QS0007"/>)<NOTE TYPE="FOOTNOTE" NUMBERING.CONTINUED="YES" NOTE.ID="E0003" NUMBERING="ARAB"><P><LINK URI="https://certification.enisa.europa.eu/publications/eucc-guidelines-cryptography_en">https://certification.enisa.europa.eu/publications/eucc-guidelines-cryptography_en</LINK>.</P></NOTE>.</P></ITEM><ITEM><P>[9] ETSI TS <FT TYPE="NUMBER">119172</FT>-4 V1.1.1 (2021-05) <QUOT.START CODE="2018" ID="QS0008" REF.END="QE0008"/>Electronic Signatures and Infrastructures (ESI); Signature Policies; Part 4: Signature applicability rules (validation policy) for European qualified electronic signatures/seals using trusted lists<QUOT.END CODE="2019" ID="QE0008" REF.START="QS0008"/>.</P></ITEM><ITEM><P>[10] ISO/IEC 15408:2022 (parts 1 to 5) <QUOT.START CODE="2018" ID="QS0009" REF.END="QE0009"/>Information security, cybersecurity and privacy protection – Evaluation criteria for IT security<QUOT.END CODE="2019" ID="QE0009" REF.START="QS0009"/></P></ITEM></LIST></P></NP></ITEM><ITEM><NP><NO.P>(2)</NO.P><TXT>3.1 Terms</TXT><P><LIST TYPE="DASH"><ITEM><P>secure cryptographic device: device which holds the user’s private key, protects this key against compromise and performs signing or decryption functions on behalf of the user.</P></ITEM></LIST></P></NP></ITEM><ITEM><NP><NO.P>(3)</NO.P><TXT>6.4 Preservation profiles</TXT><P><LIST TYPE="DASH"><ITEM><P>OVR-6.4-08A [WTS][WOS] The expected evidence duration shall be compliant with the Agreed Cryptographic Mechanisms endorsed by the European Cybersecurity Certification Group and published by ENISA[8].</P></ITEM><ITEM><P>NOTE 3 void.</P></ITEM></LIST></P></NP></ITEM><ITEM><NP><NO.P>(4)</NO.P><TXT>6.5 Preservation evidence policy</TXT><P><LIST TYPE="DASH"><ITEM><P>OVR-6.5-04A The cryptographic algorithms used shall be compliant with the Agreed Cryptographic Mechanisms endorsed by the European Cybersecurity Certification Group and published by ENISA[8].</P></ITEM><ITEM><P>NOTE 1 void.</P></ITEM></LIST></P></NP></ITEM><?PAGE NO="4"?><ITEM><NP><NO.P>(5)</NO.P><TXT>7.2 Human resources</TXT><P><LIST TYPE="DASH"><ITEM><P>OVR-7.2-02 PSP’s personnel in trusted roles, and if applicable its subcontractors in trusted roles, shall be able to fulfil the requirement of <QUOT.START CODE="2018" ID="QS0010" REF.END="QE0010"/>expert knowledge, experience and qualifications<QUOT.END CODE="2019" ID="QE0010" REF.START="QS0010"/> through formal training and credentials, or actual experience, or a combination of the two.</P></ITEM><ITEM><P>OVR-7.2-03 Compliance with OVR-7.2-02 shall include regular updates (at least every 12 months) on new threats and current security practices.</P></ITEM></LIST></P></NP></ITEM><ITEM><NP><NO.P>(6)</NO.P><TXT>7.5 Cryptographic controls</TXT><P><LIST TYPE="DASH"><ITEM><P>OVR-7.5-05 [CONDITIONAL] When PSP signs (part of) a preservation evidence, the PSP private signing key shall be held and used within a secure cryptographic device which is a trustworthy system certified in accordance with:</P><P><LIST TYPE="alpha"><ITEM><NP><NO.P>(a)</NO.P><TXT>Common Criteria for Information Technology Security Evaluation, as set out in ISO/IEC 15408 [10] or in Common Criteria for Information Technology Security Evaluation, version CC:2022, Parts 1 through 5, published by the participants of the Arrangement on the Recognition of Common Criteria Certificates in the field of IT Security, and certified to EAL 4 or higher; or</TXT></NP></ITEM><ITEM><NP><NO.P>(b)</NO.P><TXT>EUCC [6][7] and certified to EAL 4 or higher; or</TXT></NP></ITEM><ITEM><NP><NO.P>(c)</NO.P><TXT>until <DATE ISO="20301231">31.12.2030</DATE>, FIPS PUB 140-3 [5] level 3.</TXT></NP></ITEM></LIST></P><P>This certification shall be to a security target or protection profile, or to a module design and security documentation, which meets the requirements of the present document, based on a risk analysis and taking into account physical and other non-technical security measures.</P><P>If the secure cryptographic device benefits from an EUCC [6][7] certification, then this device shall be configured and used in accordance with that certification.</P></ITEM><ITEM><P>OVR-7.5-06 [CONDITIONAL] void.</P></ITEM><ITEM><P>OVR-7.5-07 [CONDITIONAL] When PSP signs (part of) a preservation evidence, any backup copies of the PSP private signing keys shall be protected to ensure its integrity and confidentiality by the secure cryptographic device before being stored outside that device.</P></ITEM><ITEM><P>OVR-7.5-08 A PSP’s private signing key shall only be exported and imported into a different secure cryptographic device where this export and import are implemented securely and in accordance with the certification of those devices.</P></ITEM></LIST></P></NP></ITEM><ITEM><NP><NO.P>(7)</NO.P><TXT>7.8 Network security</TXT><P><LIST TYPE="DASH"><ITEM><P>OVR-7.8-03 The vulnerability scan requested by REQ-7.8-13 of ETSI EN <FT TYPE="NUMBER">319401</FT> [1] shall be performed at least once per quarter.</P></ITEM><ITEM><P>OVR-7.8-04 The penetration test requested by REQ-7.8-17X of ETSI EN <FT TYPE="NUMBER">319401</FT> [1] shall be performed at least once per year.</P></ITEM><ITEM><P>OVR-7.8-05 Firewalls shall be configured to prevent all protocols and accesses not required for the operation of the PSP.</P></ITEM></LIST></P></NP></ITEM><ITEM><NP><NO.P>(8)</NO.P><TXT>7.14 Cryptographic monitoring</TXT><P><LIST TYPE="DASH"><ITEM><P>OVR-7.14-03A The evaluation of the cryptographic algorithms in OVR-7.14.01 and OVR-7.14.02 shall be compliant with the Agreed Cryptographic Mechanisms endorsed by the European Cybersecurity Certification Group and published by ENISA [8].</P></ITEM><ITEM><P>NOTE void.</P></ITEM></LIST></P></NP></ITEM><?PAGE NO="5"?><ITEM><NP><NO.P>(9)</NO.P><TXT>7.12 TSP termination and termination plans</TXT><P><LIST TYPE="DASH"><ITEM><P>OVR-7.12-01A The TSP’s termination plan shall comply with the requirements set out in the implementing acts adopted pursuant to Article 24(5) of Regulation (EU) No 910/2014 [i.2].</P></ITEM></LIST></P></NP></ITEM><ITEM><NP><NO.P>(10)</NO.P><TXT>7.17 Supply chain</TXT><P><LIST TYPE="DASH"><ITEM><P>OVR-7.17-01 The requirements specified in ETSI EN <FT TYPE="NUMBER">319401</FT> [1], clause 7.14 shall apply.</P></ITEM></LIST></P></NP></ITEM><ITEM><NP><NO.P>(11)</NO.P><TXT>Annex A (normative): Qualified preservation service for QES as defined by article 34 of the Regulation (EU) No 910/2014</TXT><P><LIST TYPE="DASH"><ITEM><P>OVR-A-02 [PDS][PDS+PGD]</P><P><LIST TYPE="alpha"><ITEM><NP><NO.P>(a)</NO.P><TXT>the preservation service shall preserve all information needed to check the qualified status of the electronic signature or seal that would not be publicly available until the end of the preservation period;</TXT></NP></ITEM><ITEM><NP><NO.P>(b)</NO.P><TXT>the preservation service shall ensure that, at any given time during the preservation period, the information preserved is such that, when provided as input to the process specified in clause 4.4 of ETSI TS <FT TYPE="NUMBER">119172</FT>-4 [9], the output of this process clearly determines whether or not the digital signature or seal was, at the time of its preservation, technically suitable to implement an EU qualified electronic signature or EU qualified electronic seal.</TXT></NP></ITEM></LIST></P></ITEM><ITEM><P>OVR-A-03 [PDS][PDS+PGD] Time-stamps used within the preservation evidence shall be qualified time-stamps in accordance with Regulation (EU) No 910/2014 [i.2].</P></ITEM></LIST></P></NP></ITEM></LIST></P></NP></ITEM><ITEM><NP><NO.P>2.</NO.P><TXT>For ETSI TS <FT TYPE="NUMBER">119172</FT>-4</TXT><P><LIST TYPE="ARAB"><ITEM><NP><NO.P>(1)</NO.P><TXT>2.1 Normative references:</TXT><P><LIST TYPE="DASH"><ITEM><P>[1] ETSI EN <FT TYPE="NUMBER">319102</FT>-1 V1.4.1 (2024-06) <QUOT.START CODE="2018" ID="QS0011" REF.END="QE0011"/>Electronic Signatures and Trust Infrastructures (ESI); Procedures for Creation and Validation of AdES Digital Signatures; Part 1: Creation and Validation<QUOT.END CODE="2019" ID="QE0011" REF.START="QS0011"/>.</P></ITEM><ITEM><P>All references to <QUOT.START CODE="2018" ID="QS0012" REF.END="QE0012"/>ETSI TS <FT TYPE="NUMBER">119102</FT>-1 [1]<QUOT.END CODE="2019" ID="QE0012" REF.START="QS0012"/> shall be understood as references to <QUOT.START CODE="2018" ID="QS0013" REF.END="QE0013"/>ETSI EN <FT TYPE="NUMBER">319102</FT>-1 [1]<QUOT.END CODE="2019" ID="QE0013" REF.START="QS0013"/>.</P></ITEM><ITEM><P>[2] ETSI TS <FT TYPE="NUMBER">119612</FT> (V2.3.1) <QUOT.START CODE="2018" ID="QS0014" REF.END="QE0014"/>Electronic Signatures and Infrastructures (ESI); Trusted Lists<QUOT.END CODE="2019" ID="QE0014" REF.START="QS0014"/>.</P></ITEM><ITEM><P>[13] ETSI TS <FT TYPE="NUMBER">119101</FT> V1.1.1 (2016-03) <QUOT.START CODE="2018" ID="QS0015" REF.END="QE0015"/>Electronic Signatures and Infrastructures (ESI); Policy and security requirements for applications for signature creation and signature validation<QUOT.END CODE="2019" ID="QE0015" REF.START="QS0015"/>.</P></ITEM></LIST></P></NP></ITEM><ITEM><NP><NO.P>(2)</NO.P><TXT>4.2 Validation constraints and validation procedures, requirement REQ-4.2-03, section <QUOT.START CODE="2018" ID="QS0016" REF.END="QE0016"/>X.509 validation constraints<QUOT.END CODE="2019" ID="QE0016" REF.START="QS0016"/>, point c):</TXT><P><LIST TYPE="DASH"><ITEM><P>(i) If an end-entity certificate represents a trust anchor, the RevocationCheckingConstraints shall not be used.</P></ITEM><ITEM><P>(ii) If an end-entity certificate does not represent a trust anchor, the RevocationCheckingConstraints shall be set to <QUOT.START CODE="2018" ID="QS0017" REF.END="QE0017"/>eitherCheck<QUOT.END CODE="2019" ID="QE0017" REF.START="QS0017"/> as defined in ETSI TS <FT TYPE="NUMBER">119172</FT>-1 [3], clause A.4.2.1, table A.2 rows (m)2.1.</P></ITEM><ITEM><P>(iii) If an end-entity certificate represents a trust anchor, the RevocationFreshnessConstraints defined in ETSI TS <FT TYPE="NUMBER">119172</FT>-1 [3], clause A.4.2.1, table A.2 rows (m)2.2 shall not be used.</P></ITEM><?PAGE NO="6"?><ITEM><P>(iv) If an end-entity certificate does not represent a trust anchor, the RevocationFreshnessConstraints defined in ETSI TS <FT TYPE="NUMBER">119172</FT>-1 [3], clause A.4.2.1, table A.2 rows (m)2.2 shall be used with a maximum value of 0 for the signing certificate, ensuring that the revocation information is only accepted if it has been issued after the best signature time. No value shall be set for the RevocationFreshnessConstraints for certificates other than the signing certificate, including certificates supporting time-stamps.</P></ITEM></LIST></P></NP></ITEM><ITEM><NP><NO.P>(3)</NO.P><TXT>4.3 Requirements on signature validation and applicability rules checking practices</TXT><P><LIST TYPE="DASH"><ITEM><P>REQ-4.3-02 Signature validation applications shall be compliant with ETSI TS <FT TYPE="NUMBER">119101</FT> [13].</P></ITEM></LIST></P></NP></ITEM><ITEM><NP><NO.P>(4)</NO.P><TXT>4.4 Technical applicability (rules) checking process</TXT><P><LIST TYPE="DASH"><ITEM><P>REQ-4.4.2-03 If any of the checks specified in REQ-4.4.2-01 fails, then:</P><P><LIST TYPE="DASH"><ITEM><P>the process stops;</P></ITEM><ITEM><P>the signature shall be technically determined as indeterminate, i.e. as neither an EU qualified electronic signature, nor as an EU qualified electronic seal;</P></ITEM><ITEM><P>the above result and the results of processes of all the intermediate processes shall be reflected in the signature applicability rules checking report.</P></ITEM></LIST></P></ITEM></LIST></P></NP></ITEM></LIST></P></NP></ITEM></LIST></CONTENTS></ANNEX>
