<?xml version="1.0" encoding="UTF-8"?>
<ACT xmlns:xsi="http://www.w3.org/2001/XMLSchema-instance" xsi:noNamespaceSchemaLocation="http://formex.publications.europa.eu/schema/formex-06.02.3-20250123.xd" NNC="YES"><BIB.INSTANCE><DOCUMENT.REF FILE="L_202501946EN.doc.fmx.xml"><COLL>L</COLL><NO.DOC FORMAT="YN" TYPE="OJ"><COM>EU</COM><YEAR>2025</YEAR><NO.CURRENT>1946</NO.CURRENT></NO.DOC><LG.OJ>EN</LG.OJ><PAGE.FIRST>1</PAGE.FIRST><PAGE.SEQ>1</PAGE.SEQ><VOLUME.REF>01</VOLUME.REF></DOCUMENT.REF><DATE ISO="20250929">20250929</DATE><LG.DOC>EN</LG.DOC><NO.SEQ>0001</NO.SEQ><PAGE.FIRST>1</PAGE.FIRST><PAGE.SEQ>1</PAGE.SEQ><PAGE.LAST>2</PAGE.LAST><PAGE.TOTAL>2</PAGE.TOTAL><NO.DOC FORMAT="YN" TYPE="OJ"><COM>EU</COM><YEAR>2025</YEAR><NO.CURRENT>1946</NO.CURRENT></NO.DOC></BIB.INSTANCE><TITLE><TI><P><HT TYPE="UC">Commission Implementing Regulation</HT> (EU) 2025/1946</P><P>of <DATE ISO="20250929">29 September 2025</DATE></P><P>laying down rules for the application of Regulation (EU) No 910/2014 of the European Parliament and of the Council as regards qualified preservation services for qualified electronic signatures and for qualified electronic seals</P></TI></TITLE><PREAMBLE><PREAMBLE.INIT>THE EUROPEAN COMMISSION,</PREAMBLE.INIT><GR.VISA><VISA>Having regard to the Treaty on the Functioning of the European Union,</VISA><VISA>Having regard to Regulation (EU) No 910/2014 of the European Parliament and of the Council of <DATE ISO="20140723">23 July 2014</DATE> on electronic identification and trust services for electronic transactions in the internal market and repealing Directive 1999/93/EC<NOTE TYPE="FOOTNOTE" NUMBERING.CONTINUED="YES" NOTE.ID="E0001" NUMBERING="ARAB"><P><REF.DOC.OJ PAGE.FIRST="73" DATE.PUB="20140828" COLL="L" NO.OJ="257">OJ L 257, 28.8.2014, p. 73</REF.DOC.OJ>, ELI: <LINK URI="http://data.europa.eu/eli/reg/2014/910/oj">http://data.europa.eu/eli/reg/2014/910/oj</LINK>.</P></NOTE>, and in particular Articles 34(2) and Article 40 thereof,</VISA></GR.VISA><GR.CONSID><GR.CONSID.INIT>Whereas:</GR.CONSID.INIT><CONSID><NP><NO.P>(1)</NO.P><TXT>Qualified preservation services for qualified electronic signatures and for qualified electronic seals ensure the long-term integrity, authenticity, proof of existence and accessibility of preservation evidence of those electronic signatures and electronic seals. This allows the demonstration of their legal validity over extended periods of time and guarantees that they can be validated irrespective of future technological changes. These services are provided independently, or as a part of another qualified trust service such as qualified electronic archiving services.</TXT></NP></CONSID><CONSID><NP><NO.P>(2)</NO.P><TXT>The presumption of compliance laid down in Article 34(1a) and Article 40 of Regulation (EU) No 910/2014 should only apply where qualified preservation services for qualified electronic signatures and for qualified electronic seals comply with the standards set out in this Regulation. These standards should reflect established practices and be widely recognised within the relevant sectors. They should be adapted to include additional controls ensuring the security and trustworthiness of the qualified trust service, as well as the ability to verify the qualified status and technical validity of the signatures and seals over time.</TXT></NP></CONSID><CONSID><NP><NO.P>(3)</NO.P><TXT>If a trust service provider adheres to the requirements set out in the Annex to this Regulation, supervisory bodies should presume compliance with the relevant requirements of Regulation (EU) No 910/2014 and duly consider such presumption for granting or confirming the qualified status of the trust service. However, a qualified trust services provider may still rely on other practices to demonstrate compliance with the requirements of the Regulation (EU) No 910/2014.</TXT></NP></CONSID><CONSID><NP><NO.P>(4)</NO.P><TXT>The Commission regularly assesses new technologies, practices, standards or technical specifications. In accordance with Recital 75 of Regulation (EU) 2024/1183 of the European Parliament and of the Council<NOTE TYPE="FOOTNOTE" NUMBERING.CONTINUED="YES" NOTE.ID="E0002" NUMBERING="ARAB"><P>Regulation (EU) 2024/1183 of the European Parliament and of the Council of <DATE ISO="20240411">11 April 2024</DATE> amending Regulation (EU) No 910/2014 as regards establishing the European Digital Identity Framework (<REF.DOC COLL="L" DATE.PUB="20240430" NO.DOC="1183" URI="http://data.europa.eu/eli/reg/2024/1183/oj" CONTEXT="EUR-LEX">OJ L, 2024/1183, 30.4.2024, ELI: http://data.europa.eu/eli/reg/2024/1183/oj</REF.DOC>).</P></NOTE>, the Commission should review and update this Regulation, if necessary, to keep it in line with global developments, new technologies, standards or technical specifications and to follow the best practices on the internal market.</TXT></NP></CONSID><?PAGE NO="2"?><CONSID><NP><NO.P>(5)</NO.P><TXT>Regulation (EU) 2016/679 of the European Parliament and of the Council<NOTE TYPE="FOOTNOTE" NUMBERING.CONTINUED="YES" NOTE.ID="E0003" NUMBERING="ARAB"><P>Regulation (EU) 2016/679 of the European Parliament and of the Council of <DATE ISO="20160427">27 April 2016</DATE> on the protection of natural persons with regard to the processing of personal data and on the free movement of such data, and repealing Directive 95/46/EC (General Data Protection Regulation) (<REF.DOC.OJ PAGE.FIRST="1" DATE.PUB="20160504" COLL="L" NO.OJ="119">OJ L 119, 4.5.2016, p. 1</REF.DOC.OJ>, ELI: <LINK URI="http://data.europa.eu/eli/reg/2016/679/oj">http://data.europa.eu/eli/reg/2016/679/oj</LINK>).</P></NOTE> and, where relevant, Directive 2002/58/EC of the European Parliament and of the Council<NOTE TYPE="FOOTNOTE" NUMBERING.CONTINUED="YES" NOTE.ID="E0004" NUMBERING="ARAB"><P>Directive 2002/58/EC of the European Parliament and of the Council of <DATE ISO="20020712">12 July 2002</DATE> concerning the processing of personal data and the protection of privacy in the electronic communications sector (Directive on privacy and electronic communications) (<REF.DOC.OJ PAGE.FIRST="37" DATE.PUB="20020731" COLL="L" NO.OJ="201">OJ L 201, 31.7.2002, p. 37</REF.DOC.OJ>, ELI: <LINK URI="http://data.europa.eu/eli/dir/2002/58/oj">http://data.europa.eu/eli/dir/2002/58/oj</LINK>).</P></NOTE> apply to the personal data processing activities under this Regulation.</TXT></NP></CONSID><CONSID><NP><NO.P>(6)</NO.P><TXT>The European Data Protection Supervisor was consulted in accordance with Article 42(1) of Regulation (EU) 2018/1725 of the European Parliament and of the Council<NOTE TYPE="FOOTNOTE" NUMBERING.CONTINUED="YES" NOTE.ID="E0005" NUMBERING="ARAB"><P>Regulation (EU) 2018/1725 of the European Parliament and of the Council of <DATE ISO="20181023">23 October 2018</DATE> on the protection of natural persons with regard to the processing of personal data by the Union institutions, bodies, offices and agencies and on the free movement of such data, and repealing Regulation (EC) No 45/2001 and Decision No 1247/2002/EC (<REF.DOC.OJ PAGE.FIRST="39" DATE.PUB="20181121" COLL="L" NO.OJ="295">OJ L 295, 21.11.2018, p. 39</REF.DOC.OJ>, ELI: <LINK URI="http://data.europa.eu/eli/reg/2018/1725/oj">http://data.europa.eu/eli/reg/2018/1725/oj</LINK>).</P></NOTE> and delivered its opinion on <DATE ISO="20250606">6 June 2025</DATE>.</TXT></NP></CONSID><CONSID><NP><NO.P>(7)</NO.P><TXT>The measures provided for in this Regulation are in accordance with the opinion of the committee established by Article 48 of Regulation (EU) No 910/2014,</TXT></NP></CONSID></GR.CONSID><PREAMBLE.FINAL>HAS ADOPTED THIS REGULATION:</PREAMBLE.FINAL></PREAMBLE><ENACTING.TERMS><ARTICLE IDENTIFIER="001"><TI.ART>Article 1</TI.ART><STI.ART>Reference standards and specifications</STI.ART><ALINEA>The reference standards and specifications referred to in Article 34(2) and Article 40 of Regulation (EU) No 910/2014 are set out in the Annex to this Regulation.</ALINEA></ARTICLE><ARTICLE IDENTIFIER="002"><TI.ART>Article 2</TI.ART><STI.ART>Entry into force</STI.ART><ALINEA>This Regulation shall enter into force on the twentieth day following that of its publication in the <HT TYPE="ITALIC">Official Journal of the European Union</HT>.</ALINEA></ARTICLE></ENACTING.TERMS><FINAL><P>This Regulation shall be binding in its entirety and directly applicable in all Member States.</P><SIGNATURE><PL.DATE><P>Done at Brussels, <DATE ISO="20250929">29 September 2025</DATE>.</P></PL.DATE><SIGNATORY><P><HT TYPE="ITALIC">For the Commission</HT></P><P><HT TYPE="ITALIC">The President</HT></P><P>Ursula <HT TYPE="UC">von der Leyen</HT></P></SIGNATORY></SIGNATURE></FINAL></ACT>
