<?xml version="1.0" encoding="UTF-8"?>
<ANNEX xmlns:xsi="http://www.w3.org/2001/XMLSchema-instance" xsi:noNamespaceSchemaLocation="http://formex.publications.europa.eu/schema/formex-06.02.1-20231031.xd" NNC="YES"><BIB.INSTANCE><DOCUMENT.REF FILE="L_202402980EN.doc.fmx.xml"><COLL>L</COLL><NO.DOC FORMAT="YN" TYPE="OJ"><COM>EU</COM><YEAR>2024</YEAR><NO.CURRENT>2980</NO.CURRENT></NO.DOC><LG.OJ>EN</LG.OJ><PAGE.FIRST>1</PAGE.FIRST><PAGE.SEQ>1</PAGE.SEQ><VOLUME.REF>01</VOLUME.REF></DOCUMENT.REF><DATE ISO="20241128">20241128</DATE><LG.DOC>EN</LG.DOC><NO.SEQ>0001.0002</NO.SEQ><PAGE.FIRST>7</PAGE.FIRST><PAGE.SEQ>1</PAGE.SEQ><PAGE.LAST>8</PAGE.LAST><PAGE.TOTAL>2</PAGE.TOTAL></BIB.INSTANCE><TITLE><TI><P>ANNEX II</P></TI><STI><P><HT TYPE="BOLD">REQUIREMENTS FOR MEMBER STATES’ NOTIFICATIONS</HT></P></STI></TITLE><CONTENTS><GR.SEQ LEVEL="1"><TITLE><TI><NP><NO.P>1.</NO.P><TXT><HT TYPE="BOLD">Notifications of information on registrars and registers</HT></TXT></NP></TI></TITLE><LIST TYPE="ARAB"><ITEM><NP><NO.P>(1)</NO.P><TXT>Member States shall provide the following information to the Commission on their registrars and registers:</TXT><P><LIST TYPE="alpha"><ITEM><NP><NO.P>(a)</NO.P><TXT>the name of the register;</TXT></NP></ITEM><ITEM><NP><NO.P>(b)</NO.P><TXT>at least one URL where the register is available for access, which shall use state of the art transport layer encryption;</TXT></NP></ITEM><ITEM><NP><NO.P>(c)</NO.P><TXT>the name of the registrar that is responsible for that register;</TXT></NP></ITEM><ITEM><NP><NO.P>(d)</NO.P><TXT>where applicable, the registration number of the registrar;</TXT></NP></ITEM><ITEM><NP><NO.P>(e)</NO.P><TXT>the Member State in which the registrar is established;</TXT></NP></ITEM><ITEM><NP><NO.P>(f)</NO.P><TXT>the contact email and contact phone number of the registrar, for matters related to the register;</TXT></NP></ITEM><ITEM><NP><NO.P>(g)</NO.P><TXT>where applicable, the URL of a webpage for additional information about the registrar and the register;</TXT></NP></ITEM><ITEM><NP><NO.P>(h)</NO.P><TXT>the URL of the webpage where the registration policy that applies to the register and related information are located;</TXT></NP></ITEM><ITEM><NP><NO.P>(i)</NO.P><TXT>one or more certificates compliant with IETF RFC 3647 which can be used to verify the signature or seal created by the registrar on the register data and for which the certified identity data include the name of the registrar, and where applicable, the registration number of the registrar, as provided in points (c) and (d), respectively.</TXT></NP></ITEM></LIST></P></NP></ITEM><ITEM><NP><NO.P>(2)</NO.P><TXT>That information referred to in point (1) shall be provided per register and registrar.</TXT></NP></ITEM></LIST></GR.SEQ><GR.SEQ LEVEL="1"><TITLE><TI><NP><NO.P>2.</NO.P><TXT><HT TYPE="BOLD">Notifications of information on wallet providers and on the mechanisms by which to validate the authenticity and validity of wallet units</HT></TXT></NP></TI></TITLE><LIST TYPE="ARAB"><ITEM><NP><NO.P>(1)</NO.P><TXT>Member States shall provide the following information to the Commission on wallet providers:</TXT><P><LIST TYPE="alpha"><ITEM><NP><NO.P>(a)</NO.P><TXT>the name of the wallet provider;</TXT></NP></ITEM><ITEM><NP><NO.P>(b)</NO.P><TXT>where applicable, the registration number of the wallet provider;</TXT></NP></ITEM><ITEM><NP><NO.P>(c)</NO.P><TXT>where applicable, the name of the body responsible for the provision of the wallet solution;</TXT></NP></ITEM><ITEM><NP><NO.P>(d)</NO.P><TXT>the Member State in which the wallet provider is established;</TXT></NP></ITEM><ITEM><NP><NO.P>(e)</NO.P><TXT>the contact email and contact phone number of the wallet provider, for matters related to the wallet solutions it provides;</TXT></NP></ITEM><ITEM><NP><NO.P>(f)</NO.P><TXT>where applicable, the URL of the webpage for additional information about the wallet provider and the wallet solution;</TXT></NP></ITEM><ITEM><NP><NO.P>(g)</NO.P><TXT>the URL of the webpage where the policies, terms and conditions of the wallet provider that apply to the provision and use of the wallet solution it provides are located;</TXT></NP></ITEM><ITEM><NP><NO.P>(h)</NO.P><TXT>one or more certificates compliant with IETF RFC 3647 that can be used to authenticate and validate the components of the wallet unit the wallet provides, and for which the certified identity data includes the name, and where applicable, the registration number of the wallet provider, as specified in points (a) and (b), respectively;</TXT></NP></ITEM><ITEM><NP><NO.P>(i)</NO.P><TXT>for each wallet solution provided by the wallet provider, the name and the reference number of the wallet solution it provides, as the Commission shall publish this information in the <HT TYPE="ITALIC">Official Journal of the European Union</HT> pursuant to Article 5d of Regulation (EU) No 910/2014.</TXT></NP></ITEM></LIST></P></NP></ITEM><ITEM><NP><NO.P>(2)</NO.P><TXT>That information referred to in point (1) shall be provided per provider.</TXT></NP></ITEM></LIST></GR.SEQ><?PAGE NO="8"?><GR.SEQ LEVEL="1"><TITLE><TI><NP><NO.P>3.</NO.P><TXT><HT TYPE="BOLD">Notifications of information on providers of person identification data and on the mechanisms enabling the authentication and validation of person identification data</HT></TXT></NP></TI></TITLE><LIST TYPE="ARAB"><ITEM><NP><NO.P>(1)</NO.P><TXT>Member States shall provide the following information to the Commission on providers of person identification data:</TXT><P><LIST TYPE="alpha"><ITEM><NP><NO.P>(a)</NO.P><TXT>the name of the provider of person identification data;</TXT></NP></ITEM><ITEM><NP><NO.P>(b)</NO.P><TXT>where applicable, a registration number of the provider of person identification data;</TXT></NP></ITEM><ITEM><NP><NO.P>(c)</NO.P><TXT>where applicable, the name of the body responsible for ensuring that the person identification data is associated with the wallet unit;</TXT></NP></ITEM><ITEM><NP><NO.P>(d)</NO.P><TXT>the Member State in which the provider of person identification data is established;</TXT></NP></ITEM><ITEM><NP><NO.P>(e)</NO.P><TXT>the contact email and contact phone number of the provider of person identification data, for matters related to the person identification data it provides;</TXT></NP></ITEM><ITEM><NP><NO.P>(f)</NO.P><TXT>where applicable, the URL of the webpage that contains additional information about the person identification data provider;</TXT></NP></ITEM><ITEM><NP><NO.P>(g)</NO.P><TXT>the URL of the webpage that contains the policies, terms and conditions of the provider of person identification data that apply to the provision and use of the person identification data it provides;</TXT></NP></ITEM><ITEM><NP><NO.P>(h)</NO.P><TXT>one or more certificates compliant with IETF RFC 3647 that can be used to verify the signature or seal created by the provider of person identification data on the person identification data it provides, and for which the certified identity data include the name, and where applicable, the registration number of the person identification data provider, as specified in points (a) and (b), respectively.</TXT></NP></ITEM></LIST></P></NP></ITEM><ITEM><NP><NO.P>(2)</NO.P><TXT>That information referred to in point (1) shall be provided per provider.</TXT></NP></ITEM></LIST></GR.SEQ><GR.SEQ LEVEL="1"><TITLE><TI><NP><NO.P>4.</NO.P><TXT><HT TYPE="BOLD">Notifications of information on providers of wallet-relying party access certificates</HT></TXT></NP></TI></TITLE><LIST TYPE="ARAB"><ITEM><NP><NO.P>(1)</NO.P><TXT>Member States shall provide the following information to the Commission on providers of wallet-relying party access certificates:</TXT><P><LIST TYPE="alpha"><ITEM><NP><NO.P>(a)</NO.P><TXT>the name of the provider of wallet-relying party access certificates;</TXT></NP></ITEM><ITEM><NP><NO.P>(b)</NO.P><TXT>where applicable, a registration number of the provider of wallet-relying party access certificates;</TXT></NP></ITEM><ITEM><NP><NO.P>(c)</NO.P><TXT>the Member State in which the provider of wallet-relying party access certificates is established;</TXT></NP></ITEM><ITEM><NP><NO.P>(d)</NO.P><TXT>the contact email and contact phone number of the provider of wallet-relying party access certificates, for matters related to the access certificates it provides to wallet-relying parties;</TXT></NP></ITEM><ITEM><NP><NO.P>(e)</NO.P><TXT>where applicable, the URL of the webpage of the provider of wallet-relying party access certificates that contains additional information about the provider and the access certificates it provides to wallet-relying parties;</TXT></NP></ITEM><ITEM><NP><NO.P>(f)</NO.P><TXT>the URL of the webpage that contains the policies, terms and conditions that apply to the provision and use of the access certificates it provides to wallet-relying parties;</TXT></NP></ITEM><ITEM><NP><NO.P>(g)</NO.P><TXT>one or more certificates compliant with IETF RFC 3647 that can be used to verify the signature or seal created by the provider of wallet-relying party access certificates on the access certificate it provides to wallet-relying parties, with, where applicable, the information required to distinguish wallet-relying party access certificates from other certificates.</TXT></NP></ITEM></LIST></P></NP></ITEM><ITEM><NP><NO.P>(2)</NO.P><TXT>The information referred to in point (1) shall be provided per provider of wallet-relying party access certificates.</TXT></NP></ITEM></LIST></GR.SEQ></CONTENTS></ANNEX>
