<?xml version="1.0" encoding="UTF-8"?>
<ANNEX xmlns:xsi="http://www.w3.org/2001/XMLSchema-instance" xsi:noNamespaceSchemaLocation="http://formex.publications.europa.eu/schema/formex-06.02.1-20231031.xd" NNC="YES"><BIB.INSTANCE><DOCUMENT.REF FILE="L_202402980EN.doc.fmx.xml"><COLL>L</COLL><NO.DOC FORMAT="YN" TYPE="OJ"><COM>EU</COM><YEAR>2024</YEAR><NO.CURRENT>2980</NO.CURRENT></NO.DOC><LG.OJ>EN</LG.OJ><PAGE.FIRST>1</PAGE.FIRST><PAGE.SEQ>1</PAGE.SEQ><VOLUME.REF>01</VOLUME.REF></DOCUMENT.REF><DATE ISO="20241128">20241128</DATE><LG.DOC>EN</LG.DOC><NO.SEQ>0001.0001</NO.SEQ><PAGE.FIRST>6</PAGE.FIRST><PAGE.SEQ>1</PAGE.SEQ><PAGE.LAST>6</PAGE.LAST><PAGE.TOTAL>1</PAGE.TOTAL></BIB.INSTANCE><TITLE><TI><P>ANNEX I</P></TI><STI><P>REQUIREMENTS FOR THE COMMISSION’S NOTIFICATIONS SYSTEM</P></STI></TITLE><CONTENTS><NP><NO.P>1.</NO.P><TXT>The interface of the secure electronic notifications system shall be at least in English.</TXT></NP><NP><NO.P>2.</NO.P><TXT>The secure electronic notifications system provided by the Commission shall be designed to:</TXT><P><LIST TYPE="alpha"><ITEM><NP><NO.P>(a)</NO.P><TXT>allow the Member States to submit the same information only once, by re-using prior submitted information where appropriate;</TXT></NP></ITEM><ITEM><NP><NO.P>(b)</NO.P><TXT>enable the submission of information via both machine processable interfaces and human usable interfaces;</TXT></NP></ITEM><ITEM><NP><NO.P>(c)</NO.P><TXT>support appropriate access controls and access control management, delegating to the Member States the power to grant access to competent representatives as regards the notifications;</TXT></NP></ITEM><ITEM><NP><NO.P>(d)</NO.P><TXT>support notifications of the information specified in Annex II;</TXT></NP></ITEM><ITEM><NP><NO.P>(e)</NO.P><TXT>allow Member States to view notified information;</TXT></NP></ITEM><ITEM><NP><NO.P>(f)</NO.P><TXT>acknowledge receipt of notifications of information by electronic means;</TXT></NP></ITEM><ITEM><NP><NO.P>(g)</NO.P><TXT>retain, and allow Member States to view, a historical record of any changes in any notified information.</TXT></NP></ITEM></LIST></P></NP></CONTENTS></ANNEX>
