<?xml version="1.0" encoding="UTF-8"?>
<ACT xmlns:xsi="http://www.w3.org/2001/XMLSchema-instance" xsi:noNamespaceSchemaLocation="http://formex.publications.europa.eu/schema/formex-06.02.1-20231031.xd" NNC="YES"><BIB.INSTANCE><DOCUMENT.REF FILE="L_202402980EN.doc.fmx.xml"><COLL>L</COLL><NO.DOC FORMAT="YN" TYPE="OJ"><COM>EU</COM><YEAR>2024</YEAR><NO.CURRENT>2980</NO.CURRENT></NO.DOC><LG.OJ>EN</LG.OJ><PAGE.FIRST>1</PAGE.FIRST><PAGE.SEQ>1</PAGE.SEQ><VOLUME.REF>01</VOLUME.REF></DOCUMENT.REF><DATE ISO="20241128">20241128</DATE><LG.DOC>EN</LG.DOC><NO.SEQ>0001</NO.SEQ><PAGE.FIRST>1</PAGE.FIRST><PAGE.SEQ>1</PAGE.SEQ><PAGE.LAST>5</PAGE.LAST><PAGE.TOTAL>5</PAGE.TOTAL><NO.DOC FORMAT="YN" TYPE="OJ"><COM>EU</COM><YEAR>2024</YEAR><NO.CURRENT>2980</NO.CURRENT></NO.DOC></BIB.INSTANCE><TITLE><TI><P><HT TYPE="UC">Commission Implementing Regulation</HT> (EU) 2024/2980</P><P>of <DATE ISO="20241128">28 November 2024</DATE></P><P>laying down rules for the application of Regulation (EU) No 910/2014 of the European Parliament and of the Council as regards notifications to the Commission concerning the European Digital Identity Wallet ecosystem</P></TI></TITLE><PREAMBLE><PREAMBLE.INIT>THE EUROPEAN COMMISSION,</PREAMBLE.INIT><GR.VISA><VISA>Having regard to the Treaty on the Functioning of the European Union,</VISA><VISA>Having regard to Regulation (EU) No 910/2014 of the European Parliament and of the Council of <DATE ISO="20140723">23 July 2014</DATE> on electronic identification and trust services for electronic transactions in the internal market and repealing Directive 1999/93/EC<NOTE NOTE.ID="E0001" NUMBERING="ARAB" NUMBERING.CONTINUED="YES" TYPE="FOOTNOTE"><P><REF.DOC.OJ COLL="L" DATE.PUB="20140828" NO.OJ="257" PAGE.FIRST="73">OJ L 257, 28.8.2014, p. 73</REF.DOC.OJ>, ELI: <LINK URI="http://data.europa.eu/eli/reg/2014/910/oj">http://data.europa.eu/eli/reg/2014/910/oj</LINK>.</P></NOTE>, and in particular Article 5a(23) thereof,</VISA></GR.VISA><GR.CONSID><GR.CONSID.INIT>Whereas:</GR.CONSID.INIT><CONSID><NP><NO.P>(1)</NO.P><TXT>The European Digital Identity Framework established by Regulation (EU) No 910/2014 is a crucial component in the establishment of a secure and interoperable digital identity ecosystem across the Union. With the European Digital Identity Wallets (<QUOT.START CODE="2018" ID="QS0001" REF.END="QE0001"/>wallets<QUOT.END CODE="2019" ID="QE0001" REF.START="QS0001"/>) being the cornerstone of the framework, it aims at facilitating access to services across Member States, while ensuring the protection of personal data and privacy.</TXT></NP></CONSID><CONSID><NP><NO.P>(2)</NO.P><TXT>Regulation (EU) 2016/679 of the European Parliament and of the Council<NOTE NOTE.ID="E0002" NUMBERING="ARAB" NUMBERING.CONTINUED="YES" TYPE="FOOTNOTE"><P>Regulation (EU) 2016/679 of the European Parliament and of the Council of <DATE ISO="20160427">27 April 2016</DATE> on the protection of natural persons with regard to the processing of personal data and on the free movement of such data, and repealing Directive 95/46/EC (General Data Protection Regulation) (<REF.DOC.OJ COLL="L" DATE.PUB="20160504" NO.OJ="119" PAGE.FIRST="1">OJ L 119, 4.5.2016, p. 1</REF.DOC.OJ>, ELI: <LINK URI="http://data.europa.eu/eli/reg/2016/679/oj">http://data.europa.eu/eli/reg/2016/679/oj</LINK>).</P></NOTE>, or Regulation (EU) 2018/1725 of the European Parliament and of the Council<NOTE NOTE.ID="E0003" NUMBERING="ARAB" NUMBERING.CONTINUED="YES" TYPE="FOOTNOTE"><P>Regulation (EU) 2018/1725 of the European Parliament and of the Council of <DATE ISO="20181023">23 October 2018</DATE> on the protection of natural persons with regard to the processing of personal data by the Union institutions, bodies, offices and agencies and on the free movement of such data, and repealing Regulation (EC) No 45/2001 and Decision No 1247/2002/EC (<REF.DOC.OJ COLL="L" DATE.PUB="20181121" NO.OJ="295" PAGE.FIRST="39">OJ L 295, 21.11.2018, p. 39</REF.DOC.OJ>, ELI: <LINK URI="http://data.europa.eu/eli/reg/2018/1725/oj">http://data.europa.eu/eli/reg/2018/1725/oj</LINK>).</P></NOTE> and, where relevant, Directive 2002/58/EC of the European Parliament and of the Council<NOTE NOTE.ID="E0004" NUMBERING="ARAB" NUMBERING.CONTINUED="YES" TYPE="FOOTNOTE"><P>Directive 2002/58/EC of the European Parliament and of the Council of <DATE ISO="20020712">12 July 2002</DATE> concerning the processing of personal data and the protection of privacy in the electronic communications sector (Directive on privacy and electronic communications) (<REF.DOC.OJ COLL="L" DATE.PUB="20020731" NO.OJ="201" PAGE.FIRST="37">OJ L 201, 31.7.2002, p. 37</REF.DOC.OJ>, ELI: <LINK URI="http://data.europa.eu/eli/dir/2002/58/oj">http://data.europa.eu/eli/dir/2002/58/oj</LINK>).</P></NOTE> apply to all personal data processing activities under this Regulation.</TXT></NP></CONSID><CONSID><NP><NO.P>(3)</NO.P><TXT>Article 5a(23) of Regulation (EU) No 910/2014 mandates the Commission, where necessary, to establish relevant specifications and procedures. This is achieved by means of four Implementing Regulations, dealing with protocols and interfaces: Commission Implementing Regulation (EU) 2024/2982<NOTE NOTE.ID="E0005" NUMBERING="ARAB" NUMBERING.CONTINUED="YES" TYPE="FOOTNOTE"><P>Commission Implementing Regulation (EU) 2024/2982 of <DATE ISO="20241128">28 November 2024</DATE> laying down rules for the application of Regulation (EU) No 910/2014 of the European Parliament and of the Council as regards protocols and interfaces to be supported by the European Digital Identity Framework (<REF.DOC COLL="L" CONTEXT="EUR-LEX" DATE.PUB="20241204" NO.DOC="2982" URI="http://data.europa.eu/eli/reg_impl/2024/2982/oj">OJ L, 2024/2982, 4.12.2024, ELI: http://data.europa.eu/eli/reg_impl/2024/2982/oj</REF.DOC>).</P></NOTE>, integrity and core functionalities: Commission Implementing Regulation (EU) 2024/2979<NOTE NOTE.ID="E0006" NUMBERING="ARAB" NUMBERING.CONTINUED="YES" TYPE="FOOTNOTE"><P>Commission Implementing Regulation (EU) 2024/2979 of <DATE ISO="20241128">28 November 2024</DATE> laying down rules for the application of Regulation (EU) No 910/2014 of the European Parliament and of the Council as regards the integrity and core functionalities of European Digital Identity Wallets (<REF.DOC COLL="L" CONTEXT="EUR-LEX" DATE.PUB="20241204" NO.DOC="2979" URI="http://data.europa.eu/eli/reg_impl/2024/2979/oj">OJ L, 2024/2979, 4.12.2024, ELI: http://data.europa.eu/eli/reg_impl/2024/2979/oj</REF.DOC>).</P></NOTE>, person identification data and electronic attestation of attributes: Commission Implementing Regulation (EU) 2024/2977<NOTE NOTE.ID="E0007" NUMBERING="ARAB" NUMBERING.CONTINUED="YES" TYPE="FOOTNOTE"><P>Commission Implementing Regulation (EU) 2024/2977 of <DATE ISO="20241128">28 November 2024</DATE> laying down rules for the application of Regulation (EU) No 910/2014 of the European Parliament and of the Council as regards person identification data and electronic attestations of attributes issued to European Digital Identity Wallets (<REF.DOC COLL="L" CONTEXT="EUR-LEX" DATE.PUB="20241204" NO.DOC="2977" URI="http://data.europa.eu/eli/reg_impl/2024/2977/oj">OJ L, 2024/2977, 4.12.2024, ELI: http://data.europa.eu/eli/reg_impl/2024/2977/oj</REF.DOC>).</P></NOTE>, as well as the notifications to the Commission: Commission Implementing Regulation (EU) 2024/2980<NOTE NOTE.ID="E0008" NUMBERING="ARAB" NUMBERING.CONTINUED="YES" TYPE="FOOTNOTE"><P>Commission Implementing Regulation (EU) 2024/2980 of <DATE ISO="20241128">28 November 2024</DATE> laying down rules for the application of Regulation (EU) No 910/2014 of the European Parliament and of the Council as regards notifications to the Commission concerning the European Digital Identity Wallet ecosystem (<REF.DOC COLL="L" CONTEXT="EUR-LEX" DATE.PUB="20241204" NO.DOC="2980" URI="http://data.europa.eu/eli/reg_impl/2024/2980/oj">OJ L, 2024/2980, 4.12.2024, ELI: http://data.europa.eu/eli/reg_impl/2024/2980/oj</REF.DOC>).</P></NOTE>. This Regulation lays down the relevant requirements for Member States’ notifications of trusted entities that establish trustworthiness of the European Digital Identity Framework.</TXT></NP></CONSID><?PAGE NO="2"?><CONSID><NP><NO.P>(4)</NO.P><TXT>The Commission regularly assesses new technologies, practices, standards or technical specifications. To ensure the highest level of harmonisation among Member States for the development and certification of the wallets, the technical specifications set out in this Regulation rely on the work carried out on the basis of Commission Recommendation (EU) 2021/946 of <DATE ISO="20210603">3 June 2021</DATE> on a common Union Toolbox for a coordinated approach towards a European Digital Framework<NOTE NOTE.ID="E0009" NUMBERING="ARAB" NUMBERING.CONTINUED="YES" TYPE="FOOTNOTE"><P><REF.DOC.OJ COLL="L" DATE.PUB="20210614" NO.OJ="210" PAGE.FIRST="51">OJ L 210, 14.6.2021, p. 51</REF.DOC.OJ>, ELI: <LINK URI="http://data.europa.eu/eli/reco/2021/946/oj">http://data.europa.eu/eli/reco/2021/946/oj</LINK>.</P></NOTE> and in particular the architecture and reference framework. In accordance with Recital 75 of Regulation (EU) 2024/1183 of the European Parliament and of the Council<NOTE NOTE.ID="E0010" NUMBERING="ARAB" NUMBERING.CONTINUED="YES" TYPE="FOOTNOTE"><P>Regulation (EU) 2024/1183 of the European Parliament and of the Council of <DATE ISO="20240411">11 April 2024</DATE> amending Regulation (EU) No 910/2014 as regards establishing the European Digital Identity Framework (<REF.DOC COLL="L" CONTEXT="EUR-LEX" DATE.PUB="20240430" NO.DOC="1183" URI="http://data.europa.eu/eli/reg/2024/1183/oj">OJ L, 2024/1183, 30.4.2024, ELI: http://data.europa.eu/eli/reg/2024/1183/oj</REF.DOC>).</P></NOTE>, the Commission should review and update this Implementing Regulation, if necessary, to keep it in line with global developments, the architecture and reference framework, and to follow the best practices on the internal market.</TXT></NP></CONSID><CONSID><NP><NO.P>(5)</NO.P><TXT>To meet the objective of establishing a transparent and reliable source of information for authenticating entities in the European Digital Identity Wallet ecosystem, such as wallet providers, providers of person identification data and wallet-relying parties, Member States should notify the required information to the electronic system provided by the Commission. In line with the approach taken by Commission Implementing Decision (EU) 2015/1984<NOTE NOTE.ID="E0011" NUMBERING="ARAB" NUMBERING.CONTINUED="YES" TYPE="FOOTNOTE"><P>Commission Implementing Decision (EU) 2015/1984 of <DATE ISO="20151103">3 November 2015</DATE> defining the circumstances, formats and procedures of notification pursuant to Article 9(5) of Regulation (EU) No 910/2014 of the European Parliament and of the Council on electronic identification and trust services for electronic transactions in the internal market (<REF.DOC.OJ COLL="L" DATE.PUB="20151105" NO.OJ="289" PAGE.FIRST="18">OJ L 289, 5.11.2015, p. 18</REF.DOC.OJ>, ELI: <LINK URI="http://data.europa.eu/eli/dec_impl/2015/1984/oj">http://data.europa.eu/eli/dec_impl/2015/1984/oj</LINK>).</P></NOTE> defining the circumstances, formats and procedures of notification with respect to electronic identification schemes applicable to electronic identification means, information should be provided by the Member States to the Commission in English. In this manner, descriptions of electronic identification schemes are available in English for all such schemes, irrespective of whether they relate to electronic identification means or to wallets.</TXT></NP></CONSID><CONSID><NP><NO.P>(6)</NO.P><TXT>For the same objective of establishing information sources that enable the authentication of entities in the European Digital Identity Wallet ecosystem, the Commission should establish an infrastructure to make the information available to the public in a secure, human-readable, clear, and easily accessible manner, as well as in an electronically signed or sealed form suitable for automated processing, including by offering an application programming interface.</TXT></NP></CONSID><CONSID><NP><NO.P>(7)</NO.P><TXT>The European Data Protection Supervisor was consulted in accordance with Article 42(1) of Regulation (EU) 2018/1725, and delivered its opinion on <DATE ISO="20240930">30 September 2024</DATE>.</TXT></NP></CONSID><CONSID><NP><NO.P>(8)</NO.P><TXT>The measures provided for in this Regulation are in accordance with the opinion of the Committee referred to in Article 48 of Regulation (EU) No 910/2014,</TXT></NP></CONSID></GR.CONSID><PREAMBLE.FINAL>HAS ADOPTED THIS REGULATION:</PREAMBLE.FINAL></PREAMBLE><ENACTING.TERMS><ARTICLE IDENTIFIER="001"><TI.ART>Article 1</TI.ART><STI.ART>Subject matter and scope</STI.ART><ALINEA><P>This Regulation establishes obligations in relation to notifications that enable the validation of:</P><LIST TYPE="ARAB"><ITEM><NP><NO.P>(1)</NO.P><TXT>the electronic registers used by a Member State to publish information on wallet-relying parties registered in that Member State in accordance with Article 5b(5) of Regulation (EU) No 910/2014 (<QUOT.START CODE="2018" ID="QS0002" REF.END="QE0002"/>registers of wallet-relying parties<QUOT.END CODE="2019" ID="QE0002" REF.START="QS0002"/>), the location of the registers of wallet-relying parties, and the identification of the registrars of wallet-relying parties;</TXT></NP></ITEM><ITEM><NP><NO.P>(2)</NO.P><TXT>the identity of the registered wallet-relying parties;</TXT></NP></ITEM><ITEM><NP><NO.P>(3)</NO.P><TXT>the authenticity and validity of wallet units;</TXT></NP></ITEM><ITEM><NP><NO.P>(4)</NO.P><TXT>the identification of the wallet providers;</TXT></NP></ITEM><?PAGE NO="3"?><ITEM><NP><NO.P>(5)</NO.P><TXT>the authenticity of person identification data;</TXT></NP></ITEM><ITEM><NP><NO.P>(6)</NO.P><TXT>the identification of the providers of person identification data;</TXT><P>to be updated on a regular basis to keep in line with technology and standards developments and with the work carried out on the basis of Recommendation (EU) 2021/946, and in particular the architecture and reference framework.</P></NP></ITEM></LIST></ALINEA></ARTICLE><ARTICLE IDENTIFIER="002"><TI.ART>Article 2</TI.ART><STI.ART>Definitions</STI.ART><ALINEA><P>For the purpose of this Regulation, the following definitions apply:</P><LIST TYPE="ARAB"><ITEM><NP><NO.P>(1)</NO.P><TXT><QUOT.START CODE="2018" ID="QS0003" REF.END="QE0003"/>wallet provider<QUOT.END CODE="2019" ID="QE0003" REF.START="QS0003"/> means a natural or legal person who provides wallet solutions;</TXT></NP></ITEM><ITEM><NP><NO.P>(2)</NO.P><TXT><QUOT.START CODE="2018" ID="QS0004" REF.END="QE0004"/>provider of person identification data<QUOT.END CODE="2019" ID="QE0004" REF.START="QS0004"/> means a natural or legal person responsible for issuing and revoking the person identification data and ensuring that the person identification data of a user is cryptographically bound to a wallet unit;</TXT></NP></ITEM><ITEM><NP><NO.P>(3)</NO.P><TXT><QUOT.START CODE="2018" ID="QS0005" REF.END="QE0005"/>wallet-relying party<QUOT.END CODE="2019" ID="QE0005" REF.START="QS0005"/> means a relying party that intends to rely upon wallet units for the provision of public or private services by means of digital interaction;</TXT></NP></ITEM><ITEM><NP><NO.P>(4)</NO.P><TXT><QUOT.START CODE="2018" ID="QS0006" REF.END="QE0006"/>register of wallet-relying parties<QUOT.END CODE="2019" ID="QE0006" REF.START="QS0006"/> means an electronic register used by a Member State to make information on wallet-relying parties registered in that Member State publicly available as set out in Article 5b(5) of Regulation (EU) No 910/2014;</TXT></NP></ITEM><ITEM><NP><NO.P>(5)</NO.P><TXT><QUOT.START CODE="2018" ID="QS0007" REF.END="QE0007"/>registrar of wallet-relying parties<QUOT.END CODE="2019" ID="QE0007" REF.START="QS0007"/> means the body responsible for establishing and maintaining the list of registered wallet-relying parties established in their territory who has been designated by a Member State;</TXT></NP></ITEM><ITEM><NP><NO.P>(6)</NO.P><TXT><QUOT.START CODE="2018" ID="QS0008" REF.END="QE0008"/>wallet unit<QUOT.END CODE="2019" ID="QE0008" REF.START="QS0008"/> means a unique configuration of a wallet solution that includes wallet instances, wallet secure cryptographic applications and wallet secure cryptographic devices provided by a wallet provider to an individual wallet user;</TXT></NP></ITEM><ITEM><NP><NO.P>(7)</NO.P><TXT><QUOT.START CODE="2018" ID="QS0009" REF.END="QE0009"/>wallet solution<QUOT.END CODE="2019" ID="QE0009" REF.START="QS0009"/> means a combination of software, hardware, services, settings, and configurations, including wallet instances, one or more wallet secure cryptographic applications and one or more wallet secure cryptographic devices;</TXT></NP></ITEM><ITEM><NP><NO.P>(8)</NO.P><TXT><QUOT.START CODE="2018" ID="QS0010" REF.END="QE0010"/>wallet instance<QUOT.END CODE="2019" ID="QE0010" REF.START="QS0010"/> means the application installed and configured on a wallet user’s device or environment, which is part of a wallet unit, and that the wallet user uses to interact with the wallet unit;</TXT></NP></ITEM><ITEM><NP><NO.P>(9)</NO.P><TXT><QUOT.START CODE="2018" ID="QS0011" REF.END="QE0011"/>wallet secure cryptographic application<QUOT.END CODE="2019" ID="QE0011" REF.START="QS0011"/> means an application that manages critical assets by being linked to and using the cryptographic and non-cryptographic functions provided by the wallet secure cryptographic device;</TXT></NP></ITEM><ITEM><NP><NO.P>(10)</NO.P><TXT><QUOT.START CODE="2018" ID="QS0012" REF.END="QE0012"/>wallet secure cryptographic device<QUOT.END CODE="2019" ID="QE0012" REF.START="QS0012"/> means a tamper-resistant device that provides an environment that is linked to and used by the wallet secure cryptographic application to protect critical assets and provide cryptographic functions for the secure execution of critical operations;</TXT></NP></ITEM><ITEM><NP><NO.P>(11)</NO.P><TXT><QUOT.START CODE="2018" ID="QS0013" REF.END="QE0013"/>critical assets<QUOT.END CODE="2019" ID="QE0013" REF.START="QS0013"/> means assets within or in relation to a wallet unit of such extraordinary importance that where their availability, confidentiality or integrity are compromised, this would have a very serious, debilitating effect on the ability to rely on the wallet unit;</TXT></NP></ITEM><ITEM><NP><NO.P>(12)</NO.P><TXT><QUOT.START CODE="2018" ID="QS0014" REF.END="QE0014"/>wallet user<QUOT.END CODE="2019" ID="QE0014" REF.START="QS0014"/> means a user who is in control of the wallet unit;</TXT></NP></ITEM><ITEM><NP><NO.P>(13)</NO.P><TXT><QUOT.START CODE="2018" ID="QS0015" REF.END="QE0015"/>provider of wallet-relying party access certificates<QUOT.END CODE="2019" ID="QE0015" REF.START="QS0015"/> means a natural or legal person mandated by a Member State to issue relying party access certificates to wallet-relying parties registered in that Member State;</TXT></NP></ITEM><ITEM><NP><NO.P>(14)</NO.P><TXT><QUOT.START CODE="2018" ID="QS0016" REF.END="QE0016"/>wallet-relying party access certificate<QUOT.END CODE="2019" ID="QE0016" REF.START="QS0016"/> means a certificate for electronic seals or signatures authenticating and validating the wallet-relying party issued by a provider of wallet-relying party access certificates.</TXT></NP></ITEM></LIST></ALINEA></ARTICLE><?PAGE NO="4"?><ARTICLE IDENTIFIER="003"><TI.ART>Article 3</TI.ART><STI.ART>Notification system</STI.ART><PARAG IDENTIFIER="003.001"><NO.PARAG>1.</NO.PARAG><ALINEA>The Commission shall make available to Member States a secure electronic notification system, no later than twelve months after the publication of this Regulation in the <HT TYPE="ITALIC">Official Journal of the European Union</HT>, enabling Member States to notify the information on the bodies and mechanisms referred to in Article 5a(18) of Regulation (EU) No 910/2014.</ALINEA></PARAG><PARAG IDENTIFIER="003.002"><NO.PARAG>2.</NO.PARAG><ALINEA>The secure electronic notification system shall comply with the technical requirements laid down in Annex I.</ALINEA></PARAG></ARTICLE><ARTICLE IDENTIFIER="004"><TI.ART>Article 4</TI.ART><STI.ART>Notifications by Member States</STI.ART><PARAG IDENTIFIER="004.001"><NO.PARAG>1.</NO.PARAG><ALINEA>Member States shall submit, through the secure electronic notification system referred to in Article 3(1), at least the information specified in Annex II.</ALINEA></PARAG><PARAG IDENTIFIER="004.002"><NO.PARAG>2.</NO.PARAG><ALINEA>Member States shall make the notifications at least in English. Member States shall not be obliged to translate any document supporting the notifications where this would create an unreasonable administrative or financial burden.</ALINEA></PARAG><PARAG IDENTIFIER="004.003"><NO.PARAG>3.</NO.PARAG><ALINEA>The Commission may request additional information or clarifications from the Member States for the purpose of verifying the completeness and consistency of the notified information.</ALINEA></PARAG></ARTICLE><ARTICLE IDENTIFIER="005"><TI.ART>Article 5</TI.ART><STI.ART>Publications by the Commission</STI.ART><PARAG IDENTIFIER="005.001"><NO.PARAG>1.</NO.PARAG><ALINEA>The Commission shall establish, maintain and publish a list compiling the information notified by Member States on registrars of wallet-relying parties and registers of wallet-relying parties as referred to in Annex II section 1.</ALINEA></PARAG><PARAG IDENTIFIER="005.002"><NO.PARAG>2.</NO.PARAG><ALINEA>The Commission shall establish, maintain and publish a list compiling the information notified by Member States on wallet providers, providers of person identification data and providers of wallet-relying party access certificates, as referred to in Annex II sections 2, 3 and 4.</ALINEA></PARAG><PARAG IDENTIFIER="005.003"><NO.PARAG>3.</NO.PARAG><ALINEA><P>The Commission shall ensure the lists referred to in paragraphs 1 and 2 of this Article can be accessed:</P><LIST TYPE="alpha"><ITEM><NP><NO.P>(a)</NO.P><TXT>in both electronically signed or sealed form suitable for automated processing and through a human readable website available in at least English;</TXT></NP></ITEM><ITEM><NP><NO.P>(b)</NO.P><TXT>without the need to register or to be authenticated to obtain or read the lists;</TXT></NP></ITEM><ITEM><NP><NO.P>(c)</NO.P><TXT>securely by using state of the art transport layer encryption.</TXT></NP></ITEM></LIST></ALINEA></PARAG><PARAG IDENTIFIER="005.004"><NO.PARAG>4.</NO.PARAG><ALINEA><P>In addition to the publications of the lists referred to in paragraphs 1 and 2, the Commission shall publish:</P><LIST TYPE="alpha"><ITEM><NP><NO.P>(a)</NO.P><TXT>the technical specifications the Commission uses for the structure of the lists;</TXT></NP></ITEM><ITEM><NP><NO.P>(b)</NO.P><TXT>the details of the URL where the lists are published;</TXT></NP></ITEM><ITEM><NP><NO.P>(c)</NO.P><TXT>the certificates to be used to verify the signature or seal on the lists;</TXT></NP></ITEM><ITEM><NP><NO.P>(d)</NO.P><TXT>the details on mechanisms used to validate changes to the location referred to in point (b) or to the certificates referred to in point (c).</TXT></NP></ITEM></LIST></ALINEA></PARAG></ARTICLE><?PAGE NO="5"?><ARTICLE IDENTIFIER="006"><TI.ART>Article 6</TI.ART><STI.ART>Entry into force</STI.ART><ALINEA>This Regulation shall enter into force on the twentieth day following that of its publication in the <HT TYPE="ITALIC">Official Journal of the European Union</HT>.</ALINEA></ARTICLE></ENACTING.TERMS><FINAL><P>This Regulation shall be binding in its entirety and directly applicable in all Member States.</P><SIGNATURE><PL.DATE><P>Done at Brussels, <DATE ISO="20241128">28 November 2024</DATE>.</P></PL.DATE><SIGNATORY><P><HT TYPE="ITALIC">For the Commission</HT></P><P><HT TYPE="ITALIC">The President</HT></P><P>Ursula <HT TYPE="UC">von der Leyen</HT></P></SIGNATORY></SIGNATURE></FINAL></ACT>
