<?xml version="1.0" encoding="UTF-8"?>
<ACT xmlns:xsi="http://www.w3.org/2001/XMLSchema-instance" xsi:noNamespaceSchemaLocation="http://formex.publications.europa.eu/schema/formex-06.02.3-20250123.xd" NNC="YES"><BIB.INSTANCE><DOCUMENT.REF FILE="L_202500849EN.doc.fmx.xml"><COLL>L</COLL><NO.DOC FORMAT="YN" TYPE="OJ"><COM>EU</COM><YEAR>2025</YEAR><NO.CURRENT>849</NO.CURRENT></NO.DOC><LG.OJ>EN</LG.OJ><PAGE.FIRST>1</PAGE.FIRST><PAGE.SEQ>1</PAGE.SEQ><VOLUME.REF>01</VOLUME.REF></DOCUMENT.REF><DATE ISO="20250506">20250506</DATE><LG.DOC>EN</LG.DOC><NO.SEQ>0001</NO.SEQ><PAGE.FIRST>1</PAGE.FIRST><PAGE.SEQ>1</PAGE.SEQ><PAGE.LAST>3</PAGE.LAST><PAGE.TOTAL>3</PAGE.TOTAL><NO.DOC FORMAT="YN" TYPE="OJ"><COM>EU</COM><YEAR>2025</YEAR><NO.CURRENT>849</NO.CURRENT></NO.DOC></BIB.INSTANCE><TITLE><TI><P><HT TYPE="UC">Commission Implementing Regulation</HT> (EU) 2025/849</P><P>of <DATE ISO="20250506">6 May 2025</DATE></P><P>laying down rules for the application of Regulation (EU) No 910/2014 of the European Parliament and of the Council as regards the submission of information to the Commission and to the Cooperation Group for the list of certified European Digital Identity Wallets</P></TI></TITLE><PREAMBLE><PREAMBLE.INIT>THE EUROPEAN COMMISSION,</PREAMBLE.INIT><GR.VISA><VISA>Having regard to the Treaty on the Functioning of the European Union,</VISA><VISA>Having regard to Regulation (EU) No 910/2014 of the European Parliament and of the Council of <DATE ISO="20140723">23 July 2014</DATE> on electronic identification and trust services for electronic transactions in the internal market and repealing Directive 1999/93/EC<NOTE NOTE.ID="E0001" NUMBERING="ARAB" NUMBERING.CONTINUED="YES" TYPE="FOOTNOTE"><P><REF.DOC.OJ COLL="L" DATE.PUB="20140828" NO.OJ="257" PAGE.FIRST="73">OJ L 257, 28.8.2014, p. 73</REF.DOC.OJ>, ELI: <LINK URI="http://data.europa.eu/eli/reg/2014/910/oj">http://data.europa.eu/eli/reg/2014/910/oj</LINK>.</P></NOTE>, and in particular Article 5d(7) thereof,</VISA></GR.VISA><GR.CONSID><GR.CONSID.INIT>Whereas:</GR.CONSID.INIT><CONSID><NP><NO.P>(1)</NO.P><TXT>The European Digital Identity Framework (<QUOT.START CODE="2018" ID="QS0001" REF.END="QE0001"/>framework<QUOT.END CODE="2019" ID="QE0001" REF.START="QS0001"/>) set out in Regulation (EU) No 910/2014 is a crucial component in the establishment of a secure and interoperable digital identity ecosystem across the Union. With the European Digital Identity Wallets (<QUOT.START CODE="2018" ID="QS0002" REF.END="QE0002"/>wallets<QUOT.END CODE="2019" ID="QE0002" REF.START="QS0002"/>) as its cornerstone, the framework, aims to facilitate access to online services across Member States, for citizens, residents, and businesses, while ensuring the protection of personal data and privacy.</TXT></NP></CONSID><CONSID><NP><NO.P>(2)</NO.P><TXT>Regulation (EU) 2016/679 of the European Parliament and of the Council<NOTE NOTE.ID="E0002" NUMBERING="ARAB" NUMBERING.CONTINUED="YES" TYPE="FOOTNOTE"><P>Regulation (EU) 2016/679 of the European Parliament and of the Council of <DATE ISO="20160427">27 April 2016</DATE> on the protection of natural persons with regard to the processing of personal data and on the free movement of such data, and repealing Directive 95/46/EC (General Data Protection Regulation) (<REF.DOC.OJ COLL="L" DATE.PUB="20160504" NO.OJ="119" PAGE.FIRST="1">OJ L 119, 4.5.2016, p. 1</REF.DOC.OJ>, ELI: <LINK URI="http://data.europa.eu/eli/reg/2016/679/oj">http://data.europa.eu/eli/reg/2016/679/oj</LINK>).</P></NOTE> and, where relevant, Directive 2002/58/EC of the European Parliament and of the Council<NOTE NOTE.ID="E0003" NUMBERING="ARAB" NUMBERING.CONTINUED="YES" TYPE="FOOTNOTE"><P>Directive 2002/58/EC of the European Parliament and of the Council of <DATE ISO="20020712">12 July 2002</DATE> concerning the processing of personal data and the protection of privacy in the electronic communications sector (Directive on privacy and electronic communications) (<REF.DOC.OJ COLL="L" DATE.PUB="20020731" NO.OJ="201" PAGE.FIRST="37">OJ L 201, 31.7.2002, p. 37</REF.DOC.OJ>, ELI: <LINK URI="http://data.europa.eu/eli/dir/2002/58/oj">http://data.europa.eu/eli/dir/2002/58/oj</LINK>).</P></NOTE> apply to the personal data processing activities under this Regulation.</TXT></NP></CONSID><CONSID><NP><NO.P>(3)</NO.P><TXT>In order for the Commission to establish, publish in the <HT TYPE="ITALIC">Official Journal of the European Union</HT> and maintain in machine-readable form a list with information submitted by Member States about certified wallets, the Commission should establish formats and procedures for Member States to submit and update the required information to the Commission and the European Digital Identity Cooperation Group established pursuant to Article 46e(1) of Regulation (EU) No 910/2014 (<QUOT.START CODE="2018" ID="QS0003" REF.END="QE0003"/>Cooperation Group<QUOT.END CODE="2019" ID="QE0003" REF.START="QS0003"/>). Considering that the submitted information is intended to be used by the Commission, the Cooperation Group and the general public, Member States should submit the information at least in English as this facilitates its wide accessibility, assessment and comprehension and at the same time enhances cooperation.</TXT></NP></CONSID><CONSID><NP><NO.P>(4)</NO.P><TXT>The information about certified wallets that Member States should submit is essential to ensure trust, transparency and harmonisation across the wallet ecosystem, fostering confidence among wallet users, wallet providers and regulatory authorities. Therefore, it should include a description of a wallet solution and the electronic identification scheme under which the wallet solution is provided. Such description should entail details on the authority or authorities responsible for the wallet solution and the electronic identification scheme, the applicable supervisory regime, the liability regime with respect to the party providing the wallet solution, arrangements for suspension or revocation of the electronic identification scheme, the wallet solution provided under it or of any compromised parts of it, and on the certificate and certification assessment report of the provision and operation of wallet solutions and of the electronic identification schemes under which they are provided. The information should be sufficient to enable the Commission to establish, publish in the <HT TYPE="ITALIC">Official Journal of the European Union</HT> and maintain in a machine-readable form a list of certified wallets. The secure electronic channel used for submitting information related to certified wallets should avoid duplicate submissions of the same information by Member States.</TXT></NP></CONSID><?PAGE NO="2"?><CONSID><NP><NO.P>(5)</NO.P><TXT>The European Data Protection Supervisor was consulted in accordance with Article 42(1) of Regulation (EU) 2018/1725 of the European Parliament and of the Council<NOTE NOTE.ID="E0004" NUMBERING="ARAB" NUMBERING.CONTINUED="YES" TYPE="FOOTNOTE"><P>Regulation (EU) 2018/1725 of the European Parliament and of the Council of <DATE ISO="20181023">23 October 2018</DATE> on the protection of natural persons with regard to the processing of personal data by the Union institutions, bodies, offices and agencies and on the free movement of such data, and repealing Regulation (EC) No 45/2001 and Decision No 1247/2002/EC (<REF.DOC.OJ COLL="L" DATE.PUB="20181121" NO.OJ="295" PAGE.FIRST="39">OJ L 295, 21.11.2018, p. 39</REF.DOC.OJ>, ELI: <LINK URI="http://data.europa.eu/eli/reg/2018/1725/oj">http://data.europa.eu/eli/reg/2018/1725/oj</LINK>).</P></NOTE> and delivered its opinion on <DATE ISO="20250131">31 January 2025</DATE>.</TXT></NP></CONSID><CONSID><NP><NO.P>(6)</NO.P><TXT>The measures provided for in this Regulation are in accordance with the opinion of the Committee established in Article 48 of Regulation (EU) No 910/2014,</TXT></NP></CONSID></GR.CONSID><PREAMBLE.FINAL>HAS ADOPTED THIS REGULATION:</PREAMBLE.FINAL></PREAMBLE><ENACTING.TERMS><ARTICLE IDENTIFIER="001"><TI.ART>Article 1</TI.ART><STI.ART>Subject matter</STI.ART><ALINEA>This Regulation lays down the formats and procedures as regards the submission of information by Member States to the Commission and the Cooperation Group for the list of certified wallets pursuant to Article 5d of Regulation (EU) No 910/2014, to be updated on a regular basis to keep in line with technology and standards developments and with the work carried out on the basis of Commission Recommendation (EU) 2021/946<NOTE NOTE.ID="E0005" NUMBERING="ARAB" NUMBERING.CONTINUED="YES" TYPE="FOOTNOTE"><P>Commission Recommendation (EU) 2021/946 of <DATE ISO="20210603">3 June 2021</DATE> on a common Union Toolbox for a coordinated approach towards a European Digital Identity Framework (<REF.DOC.OJ COLL="L" DATE.PUB="20210614" NO.OJ="210" PAGE.FIRST="51">OJ L 210, 14.6.2021, p. 51</REF.DOC.OJ>, ELI: <LINK URI="http://data.europa.eu/eli/reco/2021/946/oj">http://data.europa.eu/eli/reco/2021/946/oj</LINK>).</P></NOTE>, and in particular the Architecture and Reference Framework.</ALINEA></ARTICLE><ARTICLE IDENTIFIER="002"><TI.ART>Article 2</TI.ART><STI.ART>Definitions</STI.ART><ALINEA><P>For the purposes of this Regulation, the following definitions apply:</P><LIST TYPE="ARAB"><ITEM><NP><NO.P>(1)</NO.P><TXT><QUOT.START CODE="2018" ID="QS0004" REF.END="QE0004"/>wallet solution<QUOT.END CODE="2019" ID="QE0004" REF.START="QS0004"/> means a combination of software, hardware, services, settings, and configurations, including wallet instances, one or more wallet secure cryptographic applications and one or more wallet secure cryptographic devices;</TXT></NP></ITEM><ITEM><NP><NO.P>(2)</NO.P><TXT><QUOT.START CODE="2018" ID="QS0005" REF.END="QE0005"/>wallet instance<QUOT.END CODE="2019" ID="QE0005" REF.START="QS0005"/> means the application installed and configured on a wallet user’s device or environment, which is part of a wallet unit, and that the wallet user uses to interact with the wallet unit;</TXT></NP></ITEM><ITEM><NP><NO.P>(3)</NO.P><TXT><QUOT.START CODE="2018" ID="QS0006" REF.END="QE0006"/>wallet unit<QUOT.END CODE="2019" ID="QE0006" REF.START="QS0006"/> means a unique configuration of a wallet solution that includes wallet instances, wallet secure cryptographic applications and wallet secure cryptographic devices provided by a wallet provider to an individual wallet user;</TXT></NP></ITEM><ITEM><NP><NO.P>(4)</NO.P><TXT><QUOT.START CODE="2018" ID="QS0007" REF.END="QE0007"/>wallet provider<QUOT.END CODE="2019" ID="QE0007" REF.START="QS0007"/> means a natural or legal person who provides wallet solutions;</TXT></NP></ITEM><ITEM><NP><NO.P>(5)</NO.P><TXT><QUOT.START CODE="2018" ID="QS0008" REF.END="QE0008"/>wallet user<QUOT.END CODE="2019" ID="QE0008" REF.START="QS0008"/> means a user who is in control of the wallet unit;</TXT></NP></ITEM><ITEM><NP><NO.P>(6)</NO.P><TXT><QUOT.START CODE="2018" ID="QS0009" REF.END="QE0009"/>wallet secure cryptographic application<QUOT.END CODE="2019" ID="QE0009" REF.START="QS0009"/> means an application that manages critical assets by being linked to and using the cryptographic and non-cryptographic functions provided by the wallet secure cryptographic device;</TXT></NP></ITEM><ITEM><NP><NO.P>(7)</NO.P><TXT><QUOT.START CODE="2018" ID="QS0010" REF.END="QE0010"/>wallet secure cryptographic device<QUOT.END CODE="2019" ID="QE0010" REF.START="QS0010"/> means a tamper-resistant device that provides an environment that is linked to and used by the wallet secure cryptographic application to protect critical assets and provide cryptographic functions for the secure execution of critical operations;</TXT></NP></ITEM><?PAGE NO="3"?><ITEM><NP><NO.P>(8)</NO.P><TXT><QUOT.START CODE="2018" ID="QS0011" REF.END="QE0011"/>critical assets<QUOT.END CODE="2019" ID="QE0011" REF.START="QS0011"/> means assets within or in relation to a wallet unit of such extraordinary importance that where their availability, confidentiality or integrity are compromised, this would have a very serious, debilitating effect on the ability to rely on the wallet unit;</TXT></NP></ITEM><ITEM><NP><NO.P>(9)</NO.P><TXT><QUOT.START CODE="2018" ID="QS0012" REF.END="QE0012"/>provider of person identification data<QUOT.END CODE="2019" ID="QE0012" REF.START="QS0012"/> means a natural or legal person responsible for issuing and revoking the person identification data and ensuring that the person identification data of a user is cryptographically bound to a wallet unit.</TXT></NP></ITEM></LIST></ALINEA></ARTICLE><ARTICLE IDENTIFIER="003"><TI.ART>Article 3</TI.ART><STI.ART>Format, procedure for submissions and information to be submitted by Member States to the Commission</STI.ART><PARAG IDENTIFIER="003.001"><NO.PARAG>1.</NO.PARAG><ALINEA>Member States shall submit the information set out in the Annex to the Commission and to the Cooperation Group through a secure electronic channel made available by the Commission.</ALINEA></PARAG><PARAG IDENTIFIER="003.002"><NO.PARAG>2.</NO.PARAG><ALINEA>Member States shall submit the information required under paragraph 1 at least in English.</ALINEA></PARAG><PARAG IDENTIFIER="003.003"><NO.PARAG>3.</NO.PARAG><ALINEA>Where there are any changes to the submitted information, including changes to the certification status of the wallets, Member States shall submit the updated information through the channel referred to in paragraph 1.</ALINEA></PARAG></ARTICLE><ARTICLE IDENTIFIER="004"><TI.ART>Article 4</TI.ART><STI.ART>Entry into force</STI.ART><ALINEA>This Regulation shall enter into force on the twentieth day following that of its publication in the <HT TYPE="ITALIC">Official Journal of the European Union</HT>.</ALINEA></ARTICLE></ENACTING.TERMS><FINAL><P>This Regulation shall be binding in its entirety and directly applicable in all Member States.</P><SIGNATURE><PL.DATE><P>Done at Brussels, <DATE ISO="20250506">6 May 2025</DATE>.</P></PL.DATE><SIGNATORY><P><HT TYPE="ITALIC">For the Commission</HT></P><P><HT TYPE="ITALIC">The President</HT></P><P>Ursula <HT TYPE="UC">von der Leyen</HT></P></SIGNATORY></SIGNATURE></FINAL></ACT>
