<?xml version="1.0" encoding="UTF-8"?>
<ANNEX xmlns:xsi="http://www.w3.org/2001/XMLSchema-instance" xsi:noNamespaceSchemaLocation="http://formex.publications.europa.eu/schema/formex-06.02.3-20250123.xd" NNC="YES"><BIB.INSTANCE><DOCUMENT.REF FILE="L_202500849EN.doc.fmx.xml"><COLL>L</COLL><NO.DOC FORMAT="YN" TYPE="OJ"><COM>EU</COM><YEAR>2025</YEAR><NO.CURRENT>849</NO.CURRENT></NO.DOC><LG.OJ>EN</LG.OJ><PAGE.FIRST>1</PAGE.FIRST><PAGE.SEQ>1</PAGE.SEQ><VOLUME.REF>01</VOLUME.REF></DOCUMENT.REF><DATE ISO="20250506">20250506</DATE><LG.DOC>EN</LG.DOC><NO.SEQ>0001.0001</NO.SEQ><PAGE.FIRST>4</PAGE.FIRST><PAGE.SEQ>1</PAGE.SEQ><PAGE.LAST>5</PAGE.LAST><PAGE.TOTAL>2</PAGE.TOTAL></BIB.INSTANCE><TITLE><TI><P>ANNEX</P></TI></TITLE><CONTENTS><GR.SEQ LEVEL="1"><TITLE><TI><P><HT TYPE="BOLD">Information to be submitted by Member States</HT></P></TI></TITLE><LIST TYPE="ARAB"><ITEM><NP><NO.P>1.</NO.P><TXT>The purpose of the submission, indicated as one of the following:</TXT><P><LIST TYPE="alpha"><ITEM><NP><NO.P>(a)</NO.P><TXT>a provided and certified wallet;</TXT></NP></ITEM><ITEM><NP><NO.P>(b)</NO.P><TXT>a change is made to any previously submitted information regarding a wallet;</TXT></NP></ITEM><ITEM><NP><NO.P>(c)</NO.P><TXT>a request to remove a wallet from the list of provided and certified wallets.</TXT></NP></ITEM></LIST></P></NP></ITEM><ITEM><NP><NO.P>2.</NO.P><TXT>Information to be submitted about a provided and certified wallet:</TXT><P><LIST TYPE="alpha"><ITEM><NP><NO.P>(a)</NO.P><TXT>a description of the wallet solution, including:</TXT><P><LIST TYPE="DASH"><ITEM><P>the name of the wallet solution;</P></ITEM><ITEM><P>a unique reference identifier of the wallet solution;</P></ITEM><ITEM><P>the name, the trade name where applicable, address, and, where relevant, additional information on the wallet provider;</P></ITEM><ITEM><P>a description of the management of the wallet solution, including:</P><P><LIST TYPE="DASH"><ITEM><P>characteristics and design;</P></ITEM><ITEM><P>issuance, delivery, and activation;</P></ITEM><ITEM><P>suspension, revocation, and reactivation;</P></ITEM><ITEM><P>recovery and backup, where applicable;</P></ITEM><ITEM><P>renewal and replacement;</P></ITEM><ITEM><P>management practices for wallet transaction logs;</P></ITEM></LIST></P></ITEM></LIST></P></NP></ITEM><ITEM><NP><NO.P>(b)</NO.P><TXT>a description of the electronic identification scheme under which the wallet solution is provided and certified, including:</TXT><P><LIST TYPE="DASH"><ITEM><P>the title of the electronic identification scheme;</P></ITEM><ITEM><P>a unique identifier for the electronic identification scheme;</P></ITEM><ITEM><P>the name of the authority or names of the authorities responsible for the electronic identification scheme;</P></ITEM><ITEM><P>a description of the management and organisation of the electronic identification scheme;</P></ITEM><ITEM><P>the name, trade name where applicable, address, and, where relevant, additional information on the provider or providers of person identification data;</P></ITEM><ITEM><P>for each provider of person identification data:</P><P><LIST TYPE="DASH"><ITEM><P>the set or sets of person identification data provided to natural and legal persons under the electronic identification scheme;</P></ITEM><ITEM><P>a description of the set or sets of person identification data for which the Member State ensures uniqueness;</P></ITEM></LIST></P></ITEM><ITEM><P>a description of the supervisory regime in accordance with Article 46a of Regulation (EU) No 910/2014 as regards to:</P><P><LIST TYPE="DASH"><ITEM><P>the providers of person identification data, including identification of the supervisory body;</P></ITEM><ITEM><P>the wallet provider, including identification of the supervisory body;</P></ITEM></LIST></P></ITEM><?PAGE NO="5"?><ITEM><P>a description of the liability regime in accordance with Article 5a(19) of Regulation (EU) No 910/2014, as regards to:</P><P><LIST TYPE="DASH"><ITEM><P>the provider or providers of person identification data;</P></ITEM><ITEM><P>the wallet provider;</P></ITEM></LIST></P></ITEM><ITEM><P>a description of the enrolment process, including descriptions of:</P><P><LIST TYPE="DASH"><ITEM><P>applying for wallet units and person identification data;</P></ITEM><ITEM><P>the registration of wallet users;</P></ITEM><ITEM><P>where applicable, the identity proofing and verification of natural persons;</P></ITEM><ITEM><P>where applicable, the identity proofing and verification of legal persons;</P></ITEM></LIST></P></ITEM><ITEM><P>any policies that apply to the authority or authorities responsible for the electronic identification scheme including arrangements for suspension or revocation of:</P><P><LIST TYPE="DASH"><ITEM><P>the electronic identification schemes;</P></ITEM><ITEM><P>wallet unit attestations issued by the wallet provider;</P></ITEM><ITEM><P>any other compromised parts of the wallets;</P></ITEM></LIST></P></ITEM></LIST></P></NP></ITEM><ITEM><NP><NO.P>(c)</NO.P><TXT>the certificate and certification assessment report in compliance with Article 5c of Regulation (EU) No 910/2014.</TXT></NP></ITEM></LIST></P></NP></ITEM></LIST></GR.SEQ></CONTENTS></ANNEX>
