<?xml version="1.0" encoding="UTF-8"?>
<ANNEX xmlns:xsi="http://www.w3.org/2001/XMLSchema-instance" xsi:noNamespaceSchemaLocation="http://formex.publications.europa.eu/schema/formex-06.02.3-20250123.xd" NNC="YES"><BIB.INSTANCE><DOCUMENT.REF FILE="L_202501942EN.doc.fmx.xml"><COLL>L</COLL><NO.DOC FORMAT="YN" TYPE="OJ"><COM>EU</COM><YEAR>2025</YEAR><NO.CURRENT>1942</NO.CURRENT></NO.DOC><LG.OJ>EN</LG.OJ><PAGE.FIRST>1</PAGE.FIRST><PAGE.SEQ>1</PAGE.SEQ><VOLUME.REF>01</VOLUME.REF></DOCUMENT.REF><DATE ISO="20250929">20250929</DATE><LG.DOC>EN</LG.DOC><NO.SEQ>0001.0001</NO.SEQ><PAGE.FIRST>3</PAGE.FIRST><PAGE.SEQ>1</PAGE.SEQ><PAGE.LAST>7</PAGE.LAST><PAGE.TOTAL>5</PAGE.TOTAL></BIB.INSTANCE><TITLE><TI><P>ANNEX</P></TI></TITLE><CONTENTS><GR.SEQ LEVEL="1"><TITLE><TI><P><HT TYPE="BOLD">List of reference standards and specifications for qualified validation services for qualified electronic signatures and for qualified validation services for qualified electronic seals</HT></P></TI></TITLE><P>The standards ETSI TS <FT TYPE="NUMBER">119441</FT> V1.2.1 (2023-10)<NOTE NOTE.ID="E0001" NUMBERING="ARAB" NUMBERING.CONTINUED="YES" TYPE="FOOTNOTE"><P>ETSI TS <FT TYPE="NUMBER">119441</FT> – Electronic Signatures and Infrastructures (ESI); Policy requirements for TSP providing signature validation services, V1.2.1 (2023-10).</P></NOTE> (<QUOT.START CODE="2018" ID="QS0001" REF.END="QE0001"/>ETSI TS <FT TYPE="NUMBER">119441</FT><QUOT.END CODE="2019" ID="QE0001" REF.START="QS0001"/>), and ETSI TS <FT TYPE="NUMBER">119172</FT>-4 V1.1.1 (2021-05)<NOTE NOTE.ID="E0002" NUMBERING="ARAB" NUMBERING.CONTINUED="YES" TYPE="FOOTNOTE"><P>ETSI TS <FT TYPE="NUMBER">119172</FT>-4 – Electronic Signatures and Infrastructures (ESI); Signature Policies; Part 4: Signature applicability rules (validation policy) for European qualified electronic signatures/seals using trusted lists, V1.1.1 (2021-05).</P></NOTE> (<QUOT.START CODE="2018" ID="QS0002" REF.END="QE0002"/>ETSI TS <FT TYPE="NUMBER">119172</FT>-4<QUOT.END CODE="2019" ID="QE0002" REF.START="QS0002"/>) apply with the following adaptations:</P><LIST TYPE="ARAB"><ITEM><NP><NO.P>1.</NO.P><TXT>For ETSI TS <FT TYPE="NUMBER">119441</FT></TXT><P><LIST TYPE="ARAB"><ITEM><NP><NO.P>(1)</NO.P><TXT><LIST TYPE="ARAB"><ITEM><NP><NO.P>2.1</NO.P><TXT>Normative references</TXT><P><LIST TYPE="DASH"><ITEM><P>[1] ETSI TS <FT TYPE="NUMBER">119101</FT> V1.1.1 (2016-03) <QUOT.START CODE="2018" ID="QS0003" REF.END="QE0003"/>Electronic Signatures and Infrastructures (ESI); Policy and security requirements for applications for signature creation and signature validation<QUOT.END CODE="2019" ID="QE0003" REF.START="QS0003"/>.</P></ITEM><ITEM><P>[2] ETSI EN <FT TYPE="NUMBER">319401</FT> V3.1.1 (2024-06) <QUOT.START CODE="2018" ID="QS0004" REF.END="QE0004"/>Electronic Signatures and Infrastructures (ESI); General Policy Requirements for Trust Service Providers<QUOT.END CODE="2019" ID="QE0004" REF.START="QS0004"/>.</P></ITEM><ITEM><P>[3] ETSI EN <FT TYPE="NUMBER">319102</FT>-1 V1.4.1 (2024-06) <QUOT.START CODE="2018" ID="QS0005" REF.END="QE0005"/>Electronic Signatures and Infrastructures (ESI); Procedures for Creation and Validation of AdES Digital Signatures; Part 1: Creation and Validation<QUOT.END CODE="2019" ID="QE0005" REF.START="QS0005"/>.</P></ITEM><ITEM><P>[4] ISO/IEC 15408-1:2022 – Information security, cybersecurity and privacy protection – Evaluation criteria for IT security.</P></ITEM><ITEM><P>[5] void.</P></ITEM><ITEM><P>[6] FIPS PUB 140-3 (2019) <QUOT.START CODE="2018" ID="QS0006" REF.END="QE0006"/>Security Requirements for Cryptographic Modules<QUOT.END CODE="2019" ID="QE0006" REF.START="QS0006"/>.</P></ITEM><ITEM><P>[7] Commission Implementing Regulation (EU) 2024/482<NOTE NOTE.ID="E0003" NUMBERING="ARAB" NUMBERING.CONTINUED="YES" TYPE="FOOTNOTE"><P><REF.DOC COLL="L" CONTEXT="EUR-LEX" DATE.PUB="20240207" NO.DOC="482" URI="http://data.europa.eu/eli/reg_impl/2024/482/oj">OJ L, 2024/482, 7.2.2024, ELI: http://data.europa.eu/eli/reg_impl/2024/482/oj</REF.DOC>.</P></NOTE> laying down rules for the application of Regulation (EU) 2019/881 of the European Parliament and of the Council as regards the adoption of the European Common Criteria-based cybersecurity certification scheme (EUCC).</P></ITEM><ITEM><P>[8] ETSI TS <FT TYPE="NUMBER">119172</FT>-4 V1.1.1 (2021-05) <QUOT.START CODE="2018" ID="QS0007" REF.END="QE0007"/>Electronic Signatures and Infrastructures (ESI); Signature Policies; Part 4: Signature applicability rules (validation policy) for European qualified electronic signatures/seals using trusted lists<QUOT.END CODE="2019" ID="QE0007" REF.START="QS0007"/>.</P></ITEM><ITEM><P>[9] ETSI TS <FT TYPE="NUMBER">119102</FT>-2 V1.4.1 (2023-06) <QUOT.START CODE="2018" ID="QS0008" REF.END="QE0008"/>Electronic Signatures and Infrastructures (ESI); Procedures for Creation and Validation of AdES Digital Signatures; Part 2: Signature Validation Report<QUOT.END CODE="2019" ID="QE0008" REF.START="QS0008"/>.</P></ITEM><ITEM><P>[10] European Cybersecurity Certification Group, Sub-group on Cryptography: <QUOT.START CODE="2018" ID="QS0009" REF.END="QE0009"/>Agreed Cryptographic Mechanisms<QUOT.END CODE="2019" ID="QE0009" REF.START="QS0009"/> published by the European Union Agency for Cybersecurity (<QUOT.START CODE="2018" ID="QS0010" REF.END="QE0010"/>ENISA<QUOT.END CODE="2019" ID="QE0010" REF.START="QS0010"/>)<NOTE NOTE.ID="E0004" NUMBERING="ARAB" NUMBERING.CONTINUED="YES" TYPE="FOOTNOTE"><P><LINK URI="https://certification.enisa.europa.eu/publications/eucc-guidelines-cryptography_en">https://certification.enisa.europa.eu/publications/eucc-guidelines-cryptography_en</LINK>.</P></NOTE>.</P></ITEM><ITEM><P>[11] Commission Implementing Regulation (EU) 2024/3144<NOTE NOTE.ID="E0005" NUMBERING="ARAB" NUMBERING.CONTINUED="YES" TYPE="FOOTNOTE"><P><REF.DOC COLL="L" CONTEXT="EUR-LEX" DATE.PUB="20241219" NO.DOC="3144" URI="http://data.europa.eu/eli/reg_impl/2024/3144/oj">OJ L, 2024/3144, 19.12.2024, ELI: http://data.europa.eu/eli/reg_impl/2024/3144/oj</REF.DOC>.</P></NOTE> amending Implementing Regulation (EU) 2024/4822 as regards applicable international standards and correcting that Implementing Regulation.</P></ITEM><ITEM><P>[12] ETSI EN <FT TYPE="NUMBER">319411</FT>-1 <QUOT.START CODE="2018" ID="QS0011" REF.END="QE0011"/>Electronic Signatures and Infrastructures (ESI); Policy and security requirements for Trust Service Providers issuing certificates; Part 1: General requirements<QUOT.END CODE="2019" ID="QE0011" REF.START="QS0011"/></P></ITEM></LIST></P></NP></ITEM></LIST></TXT></NP></ITEM><?PAGE NO="4"?><ITEM><NP><NO.P>(2)</NO.P><TXT>2.2 Informative references</TXT><P><LIST TYPE="DASH"><ITEM><P>[i.11] void.</P></ITEM></LIST></P></NP></ITEM><ITEM><NP><NO.P>(3)</NO.P><TXT>3.3 Abbreviations</TXT><P><LIST TYPE="DASH"><ITEM><P>EUCC European Common Criteria-based cybersecurity certification scheme</P></ITEM></LIST></P></NP></ITEM><ITEM><NP><NO.P>(4)</NO.P><TXT>4.3.3 Process</TXT><P><LIST TYPE="DASH"><ITEM><P>NOTE 10 See ETSI EN <FT TYPE="NUMBER">319102</FT>-1 [3] for guidance and ETSI TS <FT TYPE="NUMBER">119172</FT>-4 [8] for additional guidance for the EU qualified signature or seal case.</P></ITEM></LIST></P></NP></ITEM><ITEM><NP><NO.P>(5)</NO.P><TXT>6.1 Signature Validation Service practice statement</TXT><P><LIST TYPE="DASH"><ITEM><P>OVR-6.1-02 The SVS practice statement shall be structured as per Annex A.</P></ITEM><ITEM><P>OVR-6.1-03 The SVS practice statement shall list or make reference to the supported SVS policies (e.g. through OIDs) and briefly describe them.</P></ITEM></LIST></P></NP></ITEM><ITEM><NP><NO.P>(6)</NO.P><TXT>6.3 Information security policy</TXT><P><LIST TYPE="DASH"><ITEM><P>OVR-6.3-02 The security policy shall document the security and privacy controls implemented to protect personal data.</P></ITEM></LIST></P></NP></ITEM><ITEM><NP><NO.P>(7)</NO.P><TXT>7.2 Human resources</TXT><P><LIST TYPE="DASH"><ITEM><P>OVR-7.2-02 SVSP’s personnel in trusted roles, and if applicable its subcontractors in trusted roles, shall be able to fulfil the requirement of <QUOT.START CODE="2018" ID="QS0012" REF.END="QE0012"/>expert knowledge, experience and qualifications<QUOT.END CODE="2019" ID="QE0012" REF.START="QS0012"/> through formal training and credentials, or actual experience, or a combination of the two.</P></ITEM><ITEM><P>OVR-7.2-03 Compliance with OVR-7.2-02 shall include regular updates (at least every 12 months) on new threats and current security practices.</P></ITEM></LIST></P></NP></ITEM><ITEM><NP><NO.P>(8)</NO.P><TXT>7.5 Cryptographic controls</TXT><P><LIST TYPE="DASH"><ITEM><P>OVR-7.5-02 [CONDITIONAL] When validation reports are signed, the SVSP public signing certificate corresponding to the SVSP private signing key shall be issued, by a trustworthy CA, in compliance with the NCP+ certificate policy as specified in ETSI EN <FT TYPE="NUMBER">319411</FT>-1 [12]. It should be issued in compliance with an appropriate certificate policy specified in ETSI EN <FT TYPE="NUMBER">319411</FT>-2 [i.17].</P></ITEM><ITEM><P>OVR-7.5-03 [CONDITIONAL] When validation reports are signed, the SVSP private signing key shall be held and used within a secure cryptographic device which is a trustworthy system certified in accordance with:</P><P><LIST TYPE="alpha"><ITEM><NP><NO.P>(a)</NO.P><TXT>Common Criteria for Information Technology Security Evaluation, as set out in ISO/IEC 15408 [4] or in Common Criteria for Information Technology Security Evaluation, version CC:2022, Parts 1 through 5, published by the participants of the Arrangement on the Recognition of Common Criteria Certificates in the field of IT Security, and certified to EAL 4 or higher; or</TXT></NP></ITEM><ITEM><NP><NO.P>(b)</NO.P><TXT>EUCC [7][11] and certified to EAL 4 or higher; or</TXT></NP></ITEM><ITEM><NP><NO.P>(c)</NO.P><TXT>until <DATE ISO="20301231">31.12.2030</DATE>, FIPS PUB 140-3 [6] level 3.</TXT></NP></ITEM></LIST></P></ITEM></LIST></P><P>This certification shall be to a security target or protection profile, or to a module design and security documentation, which meets the requirements of the present document, based on a risk analysis and taking into account physical and other non-technical security measures.</P><?PAGE NO="5"?><P>If the secure cryptographic device benefits from an EUCC [7][11] certification, then this device shall be configured and used in accordance with that certification.</P><P><LIST TYPE="DASH"><ITEM><P>OVR-7.5-04 void.</P></ITEM><ITEM><P>OVR-7.5-06 A SVSP’s private signing key shall only be exported and imported into a different secure cryptographic device where this export and import are implemented securely and in accordance with the certification of those devices.</P></ITEM></LIST></P></NP></ITEM><ITEM><NP><NO.P>(9)</NO.P><TXT>7.7 Operation security</TXT><P><LIST TYPE="DASH"><ITEM><P>OVR-7.7-02 To ensure that the systems on which the application is developed apply appropriate security measures and adapt to specific application environments, the SVA shall use application environment that is maintained with up-to-date security fixes.</P></ITEM><ITEM><P>OVR-7.7-03 The following requirements specified in ETSI TS <FT TYPE="NUMBER">119101</FT> [1], clause 5.2 shall apply to the SVA: GSM 1.3.</P></ITEM></LIST></P></NP></ITEM><ITEM><NP><NO.P>(10)</NO.P><TXT>7.8 Network security</TXT><P><LIST TYPE="DASH"><ITEM><P>OVR-7.8-02 If remote access to systems storing or processing confidential data is allowed, a formal policy shall be adopted and described as part of elements required by OVR-6.3-02.</P></ITEM><ITEM><P>OVR-7.8-04 The vulnerability scan requested by REQ-7.8-13 of ETSI EN <FT TYPE="NUMBER">319401</FT> [1] shall be performed at least once per quarter.</P></ITEM><ITEM><P>OVR-7.8-05 The penetration test requested by REQ-7.8-17X of ETSI EN <FT TYPE="NUMBER">319401</FT> [1] shall be performed at least once per year.</P></ITEM><ITEM><P>OVR-7.8-06 Firewalls shall be configured to prevent all protocols and accesses not required for the operation of the SVSP.</P></ITEM></LIST></P></NP></ITEM><ITEM><NP><NO.P>(11)</NO.P><TXT>7.12 Signature Validation Service provisioning termination and termination plans</TXT><P><LIST TYPE="DASH"><ITEM><P>OVR-7.12-02 The TSP’s termination plan shall comply with the requirements set out in the implementing acts adopted pursuant to Article 24(5) of Regulation (EU) No 910/2014 [i.1].</P></ITEM></LIST></P></NP></ITEM><ITEM><NP><NO.P>(12)</NO.P><TXT>7.14 Supply chain</TXT><P><LIST TYPE="DASH"><ITEM><P>OVR-7.14-01 The requirements specified in ETSI EN <FT TYPE="NUMBER">319401</FT> [2], clause 7.14 shall apply.</P></ITEM></LIST></P></NP></ITEM><ITEM><NP><NO.P>(13)</NO.P><TXT>8.1 Signature validation process</TXT><P><LIST TYPE="DASH"><ITEM><P>VPR-8.1-07 The validation application (SVA) shall comply with the requirements in ETSI TS <FT TYPE="NUMBER">119101</FT> [1], clause 7.4 SIA 1 to SIA 4.</P></ITEM><ITEM><P>VPR-8.1-11 [CONDITIONAL] When the SVS aims to validate qualified electronic signatures or qualified electronic seals such in accordance with Article 32(1) (or Article 40 respectively) of Regulation (EU) No 910/2014 [i.1], validation process shall follow the requirements of ETSI TS <FT TYPE="NUMBER">119172</FT>-4 [8].</P></ITEM></LIST></P></NP></ITEM><ITEM><NP><NO.P>(14)</NO.P><TXT>8.2 Signature validation protocol</TXT><P><LIST TYPE="DASH"><ITEM><P>SVP-8.2-03 The signature validation response shall bear the OID of the SVS policy.</P></ITEM></LIST></P></NP></ITEM><ITEM><NP><NO.P>(15)</NO.P><TXT>8.4 Signature validation report</TXT><P><LIST TYPE="DASH"><ITEM><P>SVR-8.4-02 The validation report shall conform to ETSI TS <FT TYPE="NUMBER">119102</FT>-2 [9].</P></ITEM><ITEM><P>SVR-8.4-07 [CONDITIONAL] When a signature validation policy is not completely processed by the SVS, the report shall, in addition to reporting on validated constraints, report on constraints that have been ignored or overridden.</P></ITEM><?PAGE NO="6"?><ITEM><P>SVR-8.4-15 The validation report shall clearly indicate the origin of each PoE (from within the signature, from the client, from the server).</P></ITEM><ITEM><P>SVR-8.4-16 The validation report shall bear a validation report signature, which shall be the SVSP’s digital signature.</P></ITEM><ITEM><P>SVR-8.4-17 [CONDITIONAL] When validation reports are signed, the format and the target of the signature shall conform to ETSI TS <FT TYPE="NUMBER">119102</FT>-2 [9].</P></ITEM></LIST></P></NP></ITEM><ITEM><NP><NO.P>(16)</NO.P><TXT>9 Framework for definition of validation service policies built on a trust service policy defined in the present document:</TXT><P><LIST TYPE="DASH"><ITEM><P>OVR-9-05 [CONDITIONAL] When building a SVS policy on a trust service policy defined in the present document, a risk assessment shall be carried out to evaluate business requirements and determine the security requirements to be included in the policy for the stated community and applicability.</P></ITEM><ITEM><P>OVR-9-06 [CONDITIONAL] When building a SVS policy on a trust service policy defined in the present document, the policy shall be approved and modified in accordance with a defined review process, including responsibilities for maintaining the policy.</P></ITEM><ITEM><P>OVR-9-07 [CONDITIONAL] When building a SVS policy on a trust service policy defined in the present document, a defined review process shall exist to ensure that the policy is supported by the practices statements.</P></ITEM><ITEM><P>OVR-9-08 [CONDITIONAL] When building a SVS policy on a trust service policy defined in the present document, the TSP shall make available the policies supported by the TSP to its user community.</P></ITEM><ITEM><P>OVR-9-09 [CONDITIONAL] When building a SVS policy on a trust service policy defined in the present document, revisions to policies supported by the TSP shall be made available to subscribers.</P></ITEM></LIST></P></NP></ITEM><ITEM><NP><NO.P>(17)</NO.P><TXT>Annex B (normative) Qualified Validation Service for QES as defined by Article 33 of Regulation (EU) No 910/2014:</TXT><P><LIST TYPE="DASH"><ITEM><P>VPR-B-02 [CONDITIONAL] If the SVSP is a QSVSP the implementation shall comply with ETSI TS <FT TYPE="NUMBER">119172</FT>-4 [8].</P></ITEM><ITEM><P>NOTE 2 void.</P></ITEM><ITEM><P>OVR-B-04 [CONDITIONAL] If the SVSP is a QSVSP, the tests in OVR-B-03 shall check different use-cases, positive and negative ones.</P></ITEM><ITEM><P>VPR-B-11 [CONDITIONAL] If the SVSP is a QSVSP, the SVSP shall control the hash computation (either perform the computation on the server side or control the client if it is allowed on the client side).</P></ITEM><ITEM><P>NOTE 5 void.</P></ITEM><ITEM><P>NOTE 6 void.</P></ITEM><ITEM><P>VPR-B-15 [CONDITIONAL] If the SVSP is a QSVSP, in order to satisfy VPR-B-13 to VPR-B-14 the validation report shall comply with ETSI TS <FT TYPE="NUMBER">119102</FT>-2 [9].</P></ITEM><ITEM><P>VPR-B-16 [CONDITIONAL] If the SVSP is a QSVSP, the implementation shall comply with the Agreed Cryptographic Mechanisms endorsed by the European Cybersecurity Certification Group and published by ENISA [10] for use of suitable cryptographic techniques when providing qualified validation services for QES.</P></ITEM></LIST></P></NP></ITEM><?PAGE NO="7"?><ITEM><NP><NO.P>(18)</NO.P><TXT>Annex C (informative) Mapping of requirements to Regulation (EU) No 910/2014, section <QUOT.START CODE="2018" ID="QS0013" REF.END="QE0013"/>Providing validation in compliance with Article 32(1)<QUOT.END CODE="2019" ID="QE0013" REF.START="QS0013"/>, second paragraph:</TXT><P><LIST TYPE="DASH"><ITEM><P>To ensure that all conditions required by Articles 32(1) and 40 of Regulation (EU) No 910/2014 [i.1] are verified, a correct validation algorithm is needed. It provides the same deterministic result for a signature or seal submitted to validation. The signature validation policy is crucial for this purpose. ETSI TS <FT TYPE="NUMBER">119172</FT>-4 [8], based on the validation algorithm specified in ETSI EN <FT TYPE="NUMBER">319102</FT>-1 [3] has been issued with this perspective.</P></ITEM></LIST></P></NP></ITEM></LIST></P></NP></ITEM><ITEM><NP><NO.P>2.</NO.P><TXT>For ETSI TS <FT TYPE="NUMBER">119172</FT>-4</TXT><P><LIST TYPE="ARAB"><ITEM><NP><NO.P>(1)</NO.P><TXT>2.1 Normative references:</TXT><P><LIST TYPE="DASH"><ITEM><P>[1] ETSI EN <FT TYPE="NUMBER">319102</FT>-1 V1.4.1 (2024-06) <QUOT.START CODE="2018" ID="QS0014" REF.END="QE0014"/>Electronic Signatures and Trust Infrastructures (ESI); Procedures for Creation and Validation of AdES Digital Signatures; Part 1: Creation and Validation<QUOT.END CODE="2019" ID="QE0014" REF.START="QS0014"/>.</P></ITEM><ITEM><P>All references to <QUOT.START CODE="2018" ID="QS0015" REF.END="QE0015"/>ETSI TS <FT TYPE="NUMBER">119102</FT>-1 [1]<QUOT.END CODE="2019" ID="QE0015" REF.START="QS0015"/> shall be understood as references to <QUOT.START CODE="2018" ID="QS0016" REF.END="QE0016"/>ETSI EN <FT TYPE="NUMBER">319102</FT>-1 [1]<QUOT.END CODE="2019" ID="QE0016" REF.START="QS0016"/>.</P></ITEM><ITEM><P>[2] ETSI TS <FT TYPE="NUMBER">119612</FT> V2.3.1 (2024-11) <QUOT.START CODE="2018" ID="QS0017" REF.END="QE0017"/>Electronic Signatures and Infrastructures (ESI); Trusted Lists<QUOT.END CODE="2019" ID="QE0017" REF.START="QS0017"/>.</P></ITEM><ITEM><P>[13] ETSI TS <FT TYPE="NUMBER">119101</FT> V1.1.1 (2016-03) <QUOT.START CODE="2018" ID="QS0018" REF.END="QE0018"/>Electronic Signatures and Infrastructures (ESI); Policy and security requirements for applications for signature creation and signature validation<QUOT.END CODE="2019" ID="QE0018" REF.START="QS0018"/>.</P></ITEM></LIST></P></NP></ITEM><ITEM><NP><NO.P>(2)</NO.P><TXT>4.2 Validation constraints and validation procedures, requirement REQ-4.2-03, section <QUOT.START CODE="2018" ID="QS0019" REF.END="QE0019"/>X.509 validation constraints<QUOT.END CODE="2019" ID="QE0019" REF.START="QS0019"/>, point (c):</TXT><P><LIST TYPE="DASH"><ITEM><P>(i) If an end-entity certificate represents a trust anchor, the RevocationCheckingConstraints shall not be used.</P></ITEM><ITEM><P>(ii) If an end-entity certificate does not represent a trust anchor, the RevocationCheckingConstraints shall be set to <QUOT.START CODE="2018" ID="QS0020" REF.END="QE0020"/>eitherCheck<QUOT.END CODE="2019" ID="QE0020" REF.START="QS0020"/> as defined in ETSI TS <FT TYPE="NUMBER">119172</FT>-1 [3], clause A.4.2.1, table A.2 rows (m)2.1.</P></ITEM><ITEM><P>(iii) If an end-entity certificate represents a trust anchor, the RevocationFreshnessConstraints defined in ETSI TS <FT TYPE="NUMBER">119172</FT>-1 [3], clause A.4.2.1, table A.2 rows (m)2.2 shall not be used.</P></ITEM><ITEM><P>(iv) If an end-entity certificate does not represent a trust anchor, the RevocationFreshnessConstraints defined in ETSI TS <FT TYPE="NUMBER">119172</FT>-1 [3], clause A.4.2.1, table A.2 rows (m)2.2 shall be used with a maximum value of 24 hours for the signing certificate. No value shall be set for the RevocationFreshnessConstraints for certificates other than the signing certificate, including certificates supporting time-stamps.</P></ITEM></LIST></P></NP></ITEM><ITEM><NP><NO.P>(3)</NO.P><TXT>4.4 Technical applicability (rules) checking process</TXT><P><LIST TYPE="DASH"><ITEM><P>REQ-4.4.2-03 If any of the checks specified in REQ-4.4.2-01 fails, then:</P><P><LIST TYPE="alpha"><ITEM><NP><NO.P>(a)</NO.P><TXT>the process stops;</TXT></NP></ITEM><ITEM><NP><NO.P>(b)</NO.P><TXT>the signature shall be technically determined as indeterminate, i.e. as neither an EU qualified electronic signature, nor as an EU qualified electronic seal;</TXT></NP></ITEM><ITEM><NP><NO.P>(c)</NO.P><TXT>the above result and the results of processes of all the intermediate processes shall be reflected in the signature applicability rules checking report.</TXT></NP></ITEM></LIST></P></ITEM></LIST></P></NP></ITEM></LIST></P></NP></ITEM></LIST></GR.SEQ></CONTENTS></ANNEX>
