<?xml version="1.0" encoding="utf-8"?><DOC xmlns:xsi="http://www.w3.org/2001/XMLSchema-instance" xsi:noNamespaceSchemaLocation="http://formex.publications.europa.eu/schema/formex-05.59-20170418.xd"><BIB.DOC><PROD.ID>20190415042</PROD.ID><FIN.ID>249437</FIN.ID><NO.DOC FORMAT="YN" TYPE="OJ"><NO.CURRENT>881</NO.CURRENT><YEAR>2019</YEAR><COM>EU</COM></NO.DOC><DURAB TYPE="DUR"/><AUTHOR>PE</AUTHOR><AUTHOR>CS</AUTHOR><EEA/></BIB.DOC><PUBLICATION.REF FILE="L_2019151EN.toc.xml"><COLL>L</COLL><NO.OJ>151</NO.OJ><DATE ISO="20190607">20190607</DATE><LG.OJ>EN</LG.OJ><VOLUME.REF>01</VOLUME.REF></PUBLICATION.REF><FMX><DOC.MAIN.PUB NO.SEQ="0002" SYNOPTISM="D0002"><LG.DOC>EN</LG.DOC><LEGAL.VALUE>REG</LEGAL.VALUE><DATE ISO="20190417">20190417</DATE><PAGE.FIRST>15</PAGE.FIRST><PAGE.LAST>67</PAGE.LAST><PAGE.TOTAL>53</PAGE.TOTAL><PAGE.SEQ>1</PAGE.SEQ><REF.PHYS FILE="L_2019151EN.01001501.xml" TYPE="DOC.XML"/></DOC.MAIN.PUB><DOC.SUB.PUB NO.SEQ="0002.0001" TYPE="ANNEX" SYNOPTISM="D0002.0001"><DATE ISO="20190417">20190417</DATE><PAGE.FIRST>68</PAGE.FIRST><PAGE.LAST>69</PAGE.LAST><PAGE.TOTAL>2</PAGE.TOTAL><PAGE.SEQ>1</PAGE.SEQ><REF.PHYS FILE="L_2019151EN.01006801.xml" TYPE="DOC.XML"/></DOC.SUB.PUB></FMX><PAPER><VOLUME.PAPER><ITEM.VOLUME REF.NO.SEQ="0002"><TITLE ID.TITLE="T0001"><TI><P>Regulation (EU) 2019/881 of the European Parliament and of the Council of <DATE ISO="20190417">17 April 2019</DATE> on ENISA (the European Union Agency for Cybersecurity) and on information and communications technology cybersecurity certification and repealing Regulation (EU) No 526/2013 (Cybersecurity Act)<NOTE NOTE.ID="E0001" NUMBERING="ARAB"><P>Text with EEA relevance</P></NOTE></P></TI></TITLE><ITEM.REF>15</ITEM.REF></ITEM.VOLUME></VOLUME.PAPER></PAPER><PDF><ITEM.VOLUME REF.NO.SEQ="0002"><TITLE REF.TITLE="T0001"/><ITEM.REF REF.PDF="l_15120190607en00150069.pdf" >15</ITEM.REF></ITEM.VOLUME></PDF></DOC>