<?xml version="1.0" encoding="utf-8"?>
<ANNEX xmlns:xsi="http://www.w3.org/2001/XMLSchema-instance" xsi:noNamespaceSchemaLocation="http://formex.publications.europa.eu/schema/formex-05.59-20170418.xd"><BIB.INSTANCE><DOCUMENT.REF FILE="L_2019151EN.01001501.doc.xml"><COLL>L</COLL><NO.OJ>151</NO.OJ><YEAR>2019</YEAR><LG.OJ>EN</LG.OJ><PAGE.FIRST>15</PAGE.FIRST><PAGE.SEQ>1</PAGE.SEQ><VOLUME.REF>01</VOLUME.REF></DOCUMENT.REF><DATE ISO="20190417">20190417</DATE><LG.DOC>EN</LG.DOC><NO.SEQ>0002.0001</NO.SEQ><PAGE.FIRST>68</PAGE.FIRST><PAGE.SEQ>1</PAGE.SEQ><PAGE.LAST>69</PAGE.LAST><PAGE.TOTAL>2</PAGE.TOTAL></BIB.INSTANCE><TITLE><TI><P>ANNEX</P></TI></TITLE><CONTENTS><GR.SEQ LEVEL="1"><TITLE><TI><P><HT TYPE="BOLD">REQUIREMENTS TO BE MET BY CONFORMITY ASSESSMENT BODIES</HT></P></TI></TITLE><P>Conformity assessment bodies that wish to be accredited shall meet the following requirements:</P><LIST TYPE="ARAB"><ITEM><NP><NO.P>1.</NO.P><TXT>A conformity assessment body shall be established under national law and shall have legal personality.</TXT></NP></ITEM><ITEM><NP><NO.P>2.</NO.P><TXT>A conformity assessment body shall be a third-party body that is independent of the organisation or the ICT products, ICT services or ICT processes that it assesses.</TXT></NP></ITEM><ITEM><NP><NO.P>3.</NO.P><TXT>A body that belongs to a business association or professional federation representing undertakings involved in the design, manufacturing, provision, assembly, use or maintenance of ICT products, ICT services or ICT processes which it assesses may be considered to be a conformity assessment body, provided that its independence and the absence of any conflict of interest are demonstrated.</TXT></NP></ITEM><ITEM><NP><NO.P>4.</NO.P><TXT>The conformity assessment bodies, their top-level management and the persons responsible for carrying out the conformity assessment tasks shall not be the designer, manufacturer, supplier, installer, purchaser, owner, user or maintainer of the ICT product, ICT service or ICT process which is assessed, or the authorised representative of any of those parties. That prohibition shall not preclude the use of the ICT products assessed that are necessary for the operations of the conformity assessment body or the use of such ICT products for personal purposes.</TXT></NP></ITEM><ITEM><NP><NO.P>5.</NO.P><TXT>The conformity assessment bodies, their top-level management and the persons responsible for carrying out the conformity assessment tasks shall not be directly involved in the design, manufacture or construction, the marketing, installation, use or maintenance of the ICT products, ICT services or ICT processes which are assessed, or represent parties engaged in those activities. The conformity assessment bodies, their top-level management and the persons responsible for carrying out the conformity assessment tasks shall not engage in any activity that may conflict with their independence of judgement or integrity in relation to their conformity assessment activities. That prohibition shall apply, in particular, to consultancy services.</TXT></NP></ITEM><ITEM><NP><NO.P>6.</NO.P><TXT>If a conformity assessment body is owned or operated by a public entity or institution, the independence and absence of any conflict of interest shall be ensured between the national cybersecurity certification authority and the conformity assessment body, and shall be documented.</TXT></NP></ITEM><ITEM><NP><NO.P>7.</NO.P><TXT>Conformity assessment bodies shall ensure that the activities of their subsidiaries and subcontractors do not affect the confidentiality, objectivity or impartiality of their conformity assessment activities.</TXT></NP></ITEM><ITEM><NP><NO.P>8.</NO.P><TXT>Conformity assessment bodies and their staff shall carry out conformity assessment activities with the highest degree of professional integrity and the requisite technical competence in the specific field, and shall be free from all pressures and inducements which might influence their judgement or the results of their conformity assessment activities, including pressures and inducements of a financial nature, especially as regards persons or groups of persons with an interest in the results of those activities.</TXT></NP></ITEM><ITEM><NP><NO.P>9.</NO.P><TXT>A conformity assessment body shall be capable of carrying out all the conformity assessment tasks assigned to it under this Regulation, regardless of whether those tasks are carried out by the conformity assessment body itself or on its behalf and under its responsibility. Any subcontracting to, or consultation of, external staff shall be properly documented, shall not involve any intermediaries and shall be subject to a written agreement covering, among other things, confidentiality and conflicts of interest. The conformity assessment body in question shall take full responsibility for the tasks performed.</TXT></NP></ITEM><ITEM><NP><NO.P>10.</NO.P><TXT>At all times and for each conformity assessment procedure and each type, category or sub-category of ICT products, ICT services or ICT processes, a conformity assessment body shall have at its disposal the necessary:</TXT><P><LIST TYPE="alpha"><ITEM><NP><NO.P>(a)</NO.P><TXT>staff with technical knowledge and sufficient and appropriate experience to perform the conformity assessment tasks;</TXT></NP></ITEM><ITEM><NP><NO.P>(b)</NO.P><TXT>descriptions of procedures in accordance with which conformity assessment is to be carried out, to ensure the transparency of those procedures and the possibility of reproducing them. It shall have in place appropriate policies and procedures that distinguish between tasks that it carries out as a body notified pursuant to Article 61 and its other activities;</TXT></NP></ITEM><?PAGE NO='69'?><ITEM><NP><NO.P>(c)</NO.P><TXT>procedures for the performance of activities which take due account of the size of an undertaking, the sector in which it operates, its structure, the degree of complexity of the technology of the ICT product, ICT service or ICT process in question and the mass or serial nature of the production process.</TXT></NP></ITEM></LIST></P></NP></ITEM><ITEM><NP><NO.P>11.</NO.P><TXT>A conformity assessment body shall have the means necessary to perform the technical and administrative tasks connected with the conformity assessment activities in an appropriate manner, and shall have access to all necessary equipment and facilities.</TXT></NP></ITEM><ITEM><NP><NO.P>12.</NO.P><TXT>The persons responsible for carrying out conformity assessment activities shall have the following:</TXT><P><LIST TYPE="alpha"><ITEM><NP><NO.P>(a)</NO.P><TXT>sound technical and vocational training covering all conformity assessment activities;</TXT></NP></ITEM><ITEM><NP><NO.P>(b)</NO.P><TXT>satisfactory knowledge of the requirements of the conformity assessments they carry out and adequate authority to carry out those assessments;</TXT></NP></ITEM><ITEM><NP><NO.P>(c)</NO.P><TXT>appropriate knowledge and understanding of the applicable requirements and testing standards;</TXT></NP></ITEM><ITEM><NP><NO.P>(d)</NO.P><TXT>the ability to draw up certificates, records and reports demonstrating that conformity assessments have been carried out.</TXT></NP></ITEM></LIST></P></NP></ITEM><ITEM><NP><NO.P>13.</NO.P><TXT>The impartiality of the conformity assessment bodies, of their top-level management, of the persons responsible for carrying out conformity assessment activities, and of any subcontractors shall be guaranteed.</TXT></NP></ITEM><ITEM><NP><NO.P>14.</NO.P><TXT>The remuneration of the top-level management and of the persons responsible for carrying out conformity assessment activities shall not depend on the number of conformity assessments carried out or on the results of those assessments.</TXT></NP></ITEM><ITEM><NP><NO.P>15.</NO.P><TXT>Conformity assessment bodies shall take out liability insurance unless liability is assumed by the Member State in accordance with its national law, or the Member State itself is directly responsible for the conformity assessment.</TXT></NP></ITEM><ITEM><NP><NO.P>16.</NO.P><TXT>The conformity assessment body and its staff, its committees, its subsidiaries, its subcontractors, and any associated body or the staff of external bodies of a conformity assessment body shall maintain confidentiality and observe professional secrecy with regard to all information obtained in carrying out their conformity assessment tasks under this Regulation or pursuant to any provision of national law giving effect to this Regulation, except where disclosure is required by Union or Member State law to which such persons are subject, and except in relation to the competent authorities of the Member States in which its activities are carried out. Intellectual property rights shall be protected. The conformity assessment body shall have documented procedures in place in respect of the requirements of this point.</TXT></NP></ITEM><ITEM><NP><NO.P>17.</NO.P><TXT>With the exception of point 16, the requirements of this Annex shall not preclude exchanges of technical information and regulatory guidance between a conformity assessment body and a person who applies for certification or who is considering whether to apply for certification.</TXT></NP></ITEM><ITEM><NP><NO.P>18.</NO.P><TXT>Conformity assessment bodies shall operate in accordance with a set of consistent, fair and reasonable terms and conditions, taking into account the interests of SMEs in relation to fees.</TXT></NP></ITEM><ITEM><NP><NO.P>19.</NO.P><TXT>Conformity assessment bodies shall meet the requirements of the relevant standard that is harmonised under Regulation (EC) No 765/2008 for the accreditation of conformity assessment bodies performing certification of ICT products, ICT services or ICT processes.</TXT></NP></ITEM><ITEM><NP><NO.P>20.</NO.P><TXT>Conformity assessment bodies shall ensure that testing laboratories used for conformity assessment purposes meet the requirements of the relevant standard that is harmonised under Regulation (EC) No 765/2008 for the accreditation of laboratories performing testing.</TXT></NP></ITEM></LIST></GR.SEQ></CONTENTS></ANNEX>