<?xml version="1.0" encoding="UTF-8"?>
<ANNEX xmlns:xsi="http://www.w3.org/2001/XMLSchema-instance" xsi:noNamespaceSchemaLocation="http://formex.publications.europa.eu/schema/formex-06.02.3-20250123.xd" NNC="YES"><BIB.INSTANCE><DOCUMENT.REF FILE="L_202501567EN.doc.fmx.xml"><COLL>L</COLL><NO.DOC FORMAT="YN" TYPE="OJ"><COM>EU</COM><YEAR>2025</YEAR><NO.CURRENT>1567</NO.CURRENT></NO.DOC><LG.OJ>EN</LG.OJ><PAGE.FIRST>1</PAGE.FIRST><PAGE.SEQ>1</PAGE.SEQ><VOLUME.REF>01</VOLUME.REF></DOCUMENT.REF><DATE ISO="20250729">20250729</DATE><LG.DOC>EN</LG.DOC><NO.SEQ>0001.0001</NO.SEQ><PAGE.FIRST>3</PAGE.FIRST><PAGE.SEQ>1</PAGE.SEQ><PAGE.LAST>3</PAGE.LAST><PAGE.TOTAL>1</PAGE.TOTAL></BIB.INSTANCE><TITLE><TI><P>ANNEX</P></TI><STI><P>List of reference standards and specifications for the management of remote qualified electronic signature creation devices and of remote qualified electronic seal creation devices</P></STI></TITLE><CONTENTS><P>The standard ETSI TS 119 431-1 V1.3.1 (2024-12) (<QUOT.START CODE="2018" ID="QS0001" REF.END="QE0001"/>ETSI TS 119 431-1<QUOT.END CODE="2019" ID="QE0001" REF.START="QS0001"/>) applies for the purpose of assessing conformance with the EU Server Signing Application Service v2 Policy in compliance with Annex A of that standard, with the following adaptations:</P><LIST TYPE="ARAB"><ITEM><NP><NO.P>(1)</NO.P><TXT>2.1 Normative references</TXT><P><LIST TYPE="DASH"><ITEM><P>[1] ETSI EN 319 401 V3.1.1 (2024-06): <QUOT.START CODE="2018" ID="QS0002" REF.END="QE0002"/>Electronic Signatures and Trust Infrastructures (ESI); General Policy Requirements for Trust Service Providers<QUOT.END CODE="2019" ID="QE0002" REF.START="QS0002"/>;</P></ITEM><ITEM><P>[7] European Cybersecurity Certification Group, Sub-group on Cryptography: <QUOT.START CODE="2018" ID="QS0003" REF.END="QE0003"/>Agreed Cryptographic Mechanisms<QUOT.END CODE="2019" ID="QE0003" REF.START="QS0003"/> published by the European Union Agency for Cybersecurity (<QUOT.START CODE="2018" ID="QS0004" REF.END="QE0004"/>ENISA<QUOT.END CODE="2019" ID="QE0004" REF.START="QS0004"/>)<NOTE NOTE.ID="E0001" NUMBERING="ARAB" NUMBERING.CONTINUED="YES" TYPE="FOOTNOTE"><P><LINK URI="https://certification.enisa.europa.eu/publications/eucc-guidelines-cryptography_en">https://certification.enisa.europa.eu/publications/eucc-guidelines-cryptography_en</LINK>.</P></NOTE>.</P></ITEM></LIST></P></NP></ITEM><ITEM><NP><NO.P>(2)</NO.P><TXT>6.1 Publication and repository responsibilities</TXT><P><LIST TYPE="DASH"><ITEM><P>OVR-6.1-04: The information identified in OVR-6.1-01 above shall be publicly and internationally available.</P></ITEM></LIST></P></NP></ITEM><ITEM><NP><NO.P>(3)</NO.P><TXT>6.4.4 Personnel controls</TXT><P><LIST TYPE="DASH"><ITEM><P>OVR-6.4.4-02: SSASP’s shall employ personnel in trusted roles and, if applicable, subcontractors in trusted roles, who possess the necessary expert knowledge, experience and qualifications through formal training and credentials, or experience, or a combination of the two.</P></ITEM><ITEM><P>OVR-6.4.4-03: Compliance with OVR-6.4.4-02 shall include regular (at least every 12 months) updates on new threats and current security practices.</P></ITEM></LIST></P></NP></ITEM><ITEM><NP><NO.P>(4)</NO.P><TXT>6.4.9 SSASP service termination</TXT><P><LIST TYPE="DASH"><ITEM><P>OVR-6.4.9-02: The SSASP’s termination plan shall comply with the implementing acts adopted pursuant to Article 24(5) of Regulation (EU) No 910/2014 [i.1].</P></ITEM></LIST></P></NP></ITEM><ITEM><NP><NO.P>(5)</NO.P><TXT>6.5.5 Network security controls</TXT><P><LIST TYPE="DASH"><ITEM><P>OVR-6.5.5-02: The vulnerability scan requested by REQ-7.8-13 of ETSI EN 319 401 [1] shall be performed at least once per quarter.</P></ITEM><ITEM><P>OVR-6.5.5-03: Firewalls shall be configured to prevent all protocols and accesses not required for the operation of the TSP.</P></ITEM></LIST></P></NP></ITEM><ITEM><NP><NO.P>(6)</NO.P><TXT>6.8.5 Cryptographic controls</TXT><P><LIST TYPE="DASH"><ITEM><P>OVR-6.8.5-01: Appropriate security controls shall be in place for the management of any cryptographic techniques of the SSASP throughout their lifecycle.</P></ITEM><ITEM><P>OVR-6.8.5-02: As regards OVR-6.8.5-01, the SSASP shall select and use suitable cryptographic techniques compliant with the Agreed Cryptographic Mechanisms endorsed by the European Cybersecurity Certification Group and published by ENISA [7].</P></ITEM></LIST></P></NP></ITEM><ITEM><NP><NO.P>(7)</NO.P><TXT>Annex A, section A.3 General requirements</TXT><P><LIST TYPE="DASH"><ITEM><P>OVR-A.3-02 [EUSPv2]: The TSP’s practice statement shall include the reference to the certification of the employed QSCD in accordance with the requirements of Regulation (EU) No 910/2014 [i.1], Annex II.</P></ITEM></LIST></P></NP></ITEM></LIST></CONTENTS></ANNEX>
