<?xml version="1.0" encoding="UTF-8"?>
<ANNEX xmlns:xsi="http://www.w3.org/2001/XMLSchema-instance" xsi:noNamespaceSchemaLocation="http://formex.publications.europa.eu/schema/formex-06.02.3-20250123.xd" NNC="YES"><BIB.INSTANCE><DOCUMENT.REF FILE="L_202501571EN.doc.fmx.xml"><COLL>L</COLL><NO.DOC FORMAT="YN" TYPE="OJ"><COM>EU</COM><YEAR>2025</YEAR><NO.CURRENT>1571</NO.CURRENT></NO.DOC><LG.OJ>EN</LG.OJ><PAGE.FIRST>1</PAGE.FIRST><PAGE.SEQ>1</PAGE.SEQ><VOLUME.REF>01</VOLUME.REF></DOCUMENT.REF><DATE ISO="20250729">20250729</DATE><LG.DOC>EN</LG.DOC><NO.SEQ>0001.0001</NO.SEQ><PAGE.FIRST>4</PAGE.FIRST><PAGE.SEQ>1</PAGE.SEQ><PAGE.LAST>4</PAGE.LAST><PAGE.TOTAL>1</PAGE.TOTAL></BIB.INSTANCE><TITLE><TI><P>ANNEX I</P></TI><STI><P>Information to be included in the annual reports of supervisory bodies for the European Digital Identity Wallets</P></STI></TITLE><CONTENTS><P>The annual reports of supervisory bodies for the European Digital Identity Wallets shall include at least the following information:</P><LIST TYPE="ARAB"><ITEM><NP><NO.P>(1)</NO.P><TXT>the name, address and contact details of the supervisory body submitting the annual report;</TXT></NP></ITEM><ITEM><NP><NO.P>(2)</NO.P><TXT>where more than one supervisory body has been designated in accordance with Article 46a(1) of Regulation (EU) No 910/2014, the scope of the supervisory activities of the supervisory body submitting the annual report;</TXT></NP></ITEM><ITEM><NP><NO.P>(3)</NO.P><TXT>a description of the organisation, structure, resources and capabilities of the supervisory body;</TXT></NP></ITEM><ITEM><NP><NO.P>(4)</NO.P><TXT>a description of <HT TYPE="ITALIC">ex post</HT> and <HT TYPE="ITALIC">ex ante</HT> supervisory activities for each wallet provider carried out during the previous calendar year pursuant to Article 46a(3), point (a), including cases of suspected or potential infringements of Regulation (EU) No 910/2014 and a summary of main challenges identified;</TXT></NP></ITEM><ITEM><NP><NO.P>(5)</NO.P><TXT>a summary of on-site inspections and off-site supervision activities carried out by the supervisory body, including at least the following information:</TXT><P><LIST TYPE="alpha"><ITEM><NP><NO.P>(a)</NO.P><TXT>the identification of the wallet provider or providers;</TXT></NP></ITEM><ITEM><NP><NO.P>(b)</NO.P><TXT>the affected wallet solution or solutions;</TXT></NP></ITEM><ITEM><NP><NO.P>(c)</NO.P><TXT>a summary of the outcome;</TXT></NP></ITEM><ITEM><NP><NO.P>(d)</NO.P><TXT>any measures imposed;</TXT></NP></ITEM><ITEM><NP><NO.P>(e)</NO.P><TXT>any actions undertaken by the supervisory body;</TXT></NP></ITEM></LIST></P></NP></ITEM><ITEM><NP><NO.P>(6)</NO.P><TXT>a description of <HT TYPE="ITALIC">ex post</HT> supervisory activities carried out pursuant to Article 46a(3), point (b), of Regulation (EU) No 910/2014 and a summary of main challenges identified;</TXT></NP></ITEM><ITEM><NP><NO.P>(7)</NO.P><TXT>a description of any significant security breach or loss of integrity notifications made by the supervisory body to the competent authorities of the Member State concerned, designated or established pursuant to Article 8(1) of Directive (EU) 2022/2555 to the single points of contact of the Member State concerned designated or established pursuant to Article 8(3) of Directive (EU) 2022/2555, to the single points of contact of the other Member State or Member States concerned designated pursuant to Article 46c(1) of Regulation (EU) No 910/2014, or to the public;</TXT></NP></ITEM><ITEM><NP><NO.P>(8)</NO.P><TXT>information on requests to wallet providers to remedy any failure to fulfil the requirements laid down in Regulation (EU) No 910/2014;</TXT></NP></ITEM><ITEM><NP><NO.P>(9)</NO.P><TXT>a description of cases where the registration of relying parties in the mechanism referred to in Article 5b(7) of Regulation (EU) No 910/2014 was cancelled for reasons of illegal or fraudulent use of the European Digital Identity Wallet;</TXT></NP></ITEM><ITEM><NP><NO.P>(10)</NO.P><TXT>a description of any cooperation with, or provision of assistance to, other supervisory bodies established in other Member States, in accordance with Articles 46c and 46e of Regulation (EU) No 910/2014 and an overview of outcomes of such cooperation;</TXT></NP></ITEM><ITEM><NP><NO.P>(11)</NO.P><TXT>the frequency and nature of cooperation with competent supervisory authorities established pursuant to Article 51 of Regulation (EU) 2016/679 of the European Parliament and of the Council;</TXT></NP></ITEM><ITEM><NP><NO.P>(12)</NO.P><TXT>an outlook on supervisory activities and priorities that the supervisory body intends to focus on in the following year.</TXT></NP></ITEM></LIST></CONTENTS></ANNEX>
