<?xml version="1.0" encoding="UTF-8"?>
<ACT xmlns:xsi="http://www.w3.org/2001/XMLSchema-instance" xsi:noNamespaceSchemaLocation="http://formex.publications.europa.eu/schema/formex-06.02.3-20250123.xd" NNC="YES"><BIB.INSTANCE><DOCUMENT.REF FILE="L_202501571EN.doc.fmx.xml"><COLL>L</COLL><NO.DOC FORMAT="YN" TYPE="OJ"><COM>EU</COM><YEAR>2025</YEAR><NO.CURRENT>1571</NO.CURRENT></NO.DOC><LG.OJ>EN</LG.OJ><PAGE.FIRST>1</PAGE.FIRST><PAGE.SEQ>1</PAGE.SEQ><VOLUME.REF>01</VOLUME.REF></DOCUMENT.REF><DATE ISO="20250729">20250729</DATE><LG.DOC>EN</LG.DOC><NO.SEQ>0001</NO.SEQ><PAGE.FIRST>1</PAGE.FIRST><PAGE.SEQ>1</PAGE.SEQ><PAGE.LAST>3</PAGE.LAST><PAGE.TOTAL>3</PAGE.TOTAL><NO.DOC FORMAT="YN" TYPE="OJ"><COM>EU</COM><YEAR>2025</YEAR><NO.CURRENT>1571</NO.CURRENT></NO.DOC></BIB.INSTANCE><TITLE><TI><P><HT TYPE="UC">Commission Implementing Regulation</HT> (EU) 2025/1571</P><P>of <DATE ISO="20250729">29 July 2025</DATE></P><P>laying down rules for the application of Regulation (EU) No 910/2014 of the European Parliament and of the Council as regards the formats and procedures for annual reports by supervisory bodies</P></TI></TITLE><PREAMBLE><PREAMBLE.INIT>THE EUROPEAN COMMISSION,</PREAMBLE.INIT><GR.VISA><VISA>Having regard to the Treaty on the Functioning of the European Union,</VISA><VISA>Having regard to Regulation (EU) No 910/2014 of the European Parliament and of the Council of <DATE ISO="20140723">23 July 2014</DATE> on electronic identification and trust services for electronic transactions in the internal market and repealing Directive 1999/93/EC<NOTE TYPE="FOOTNOTE" NUMBERING.CONTINUED="YES" NOTE.ID="E0001" NUMBERING="ARAB"><P><REF.DOC.OJ COLL="L" NO.OJ="257" DATE.PUB="20140828" PAGE.FIRST="73">OJ L 257, 28.8.2014, p. 73</REF.DOC.OJ>, ELI: <LINK URI="http://data.europa.eu/eli/reg/2014/910/oj">http://data.europa.eu/eli/reg/2014/910/oj</LINK>.</P></NOTE>, and in particular Article 46a(7) and Article 46b(7) thereof,</VISA></GR.VISA><GR.CONSID><GR.CONSID.INIT>Whereas:</GR.CONSID.INIT><CONSID><NP><NO.P>(1)</NO.P><TXT>Supervisory bodies for the European Digital Identity Wallets designated pursuant to Article 46a(1) of Regulation (EU) No 910/2014 and supervisory bodies for trust services designated pursuant to Article 46b(1) of that Regulation (<QUOT.START CODE="2018" ID="QS0001" REF.END="QE0001"/>supervisory bodies<QUOT.END CODE="2019" ID="QE0001" REF.START="QS0001"/>) are to provide relevant information on their supervisory activities to the Commission pursuant to Article 46a(6) and Article 46b(6) of that Regulation.</TXT></NP></CONSID><CONSID><NP><NO.P>(2)</NO.P><TXT>To establish a transparent and reliable source of information regarding the supervisory activities of the supervisory bodies, to ensure that data exchanges with the Commission are secure and verifiable, and to reduce administrative complexity, supervisory bodies should submit the annual reports in a specified format which is machine-readable and suitable for automated processing.</TXT></NP></CONSID><CONSID><NP><NO.P>(3)</NO.P><TXT>To facilitate the exchange of good practices between supervisory bodies and to ensure consistent and efficient supervision in all Member States, it is essential that the annual reports of supervisory bodies contain comprehensive and relevant information. In particular, supervisory bodies should report on their activities entailing elements that could enhance cooperation, including, among others, details on conducted and intended supervisory activities, identified challenges, inspections, any significant security breach or loss of integrity notifications made by the supervisory body to the competent authorities of the Member State concerned pursuant to Directive (EU) 2022/2555 of the European Parliament and of the Council<NOTE TYPE="FOOTNOTE" NUMBERING.CONTINUED="YES" NOTE.ID="E0002" NUMBERING="ARAB"><P>Directive (EU) 2022/2555 of the European Parliament and of the Council of <DATE ISO="20221214">14 December 2022</DATE> on measures for a high common level of cybersecurity across the Union, amending Regulation (EU) No 910/2014 and Directive (EU) 2018/1972, and repealing Directive (EU) 2016/1148 (NIS 2 Directive) (<REF.DOC.OJ COLL="L" NO.OJ="333" DATE.PUB="20221227" PAGE.FIRST="80">OJ L 333, 27.12.2022, p. 80</REF.DOC.OJ>, ELI: <LINK URI="http://data.europa.eu/eli/dir/2022/2555/oj">http://data.europa.eu/eli/dir/2022/2555/oj</LINK>).</P></NOTE>, and assistance among supervisory bodies pursuant to Articles 46c and 46d of Regulation (EU) No 910/2014. Moreover, since this information in the annual reports is to be made available to the European Parliament and the Council pursuant to Articles 46a(6) and 46b(6) of Regulation (EU) No 910/2014, the information to be provided would serve the purpose of transparency and accessibility of information. Therefore, all supervisory bodies should submit the information as set out in Annexes I and II to this Regulation.</TXT></NP></CONSID><?PAGE NO="2"?><CONSID><NP><NO.P>(4)</NO.P><TXT>Regulation (EU) 2016/679 of the European Parliament and of the Council<NOTE TYPE="FOOTNOTE" NUMBERING.CONTINUED="YES" NOTE.ID="E0003" NUMBERING="ARAB"><P>Regulation (EU) 2016/679 of the European Parliament and of the Council of <DATE ISO="20160427">27 April 2016</DATE> on the protection of natural persons with regard to the processing of personal data and on the free movement of such data, and repealing Directive 95/46/EC (General Data Protection Regulation) (<REF.DOC.OJ COLL="L" NO.OJ="119" DATE.PUB="20160504" PAGE.FIRST="1">OJ L 119, 4.5.2016, p. 1</REF.DOC.OJ>, ELI: <LINK URI="http://data.europa.eu/eli/reg/2016/679/oj">http://data.europa.eu/eli/reg/2016/679/oj</LINK>).</P></NOTE> and, where relevant, Regulation (EU) 2018/1725 of the European Parliament and of the Council<NOTE TYPE="FOOTNOTE" NUMBERING.CONTINUED="YES" NOTE.ID="E0004" NUMBERING="ARAB"><P>Regulation (EU) 2018/1725 of the European Parliament and of the Council of <DATE ISO="20181023">23 October 2018</DATE> on the protection of natural persons with regard to the processing of personal data by the Union institutions, bodies, offices and agencies and on the free movement of such data, and repealing Regulation (EC) No 45/2001 and Decision No 1247/2002/EC (<REF.DOC.OJ COLL="L" NO.OJ="295" DATE.PUB="20181121" PAGE.FIRST="39">OJ L 295, 21.11.2018, p. 39</REF.DOC.OJ>, ELI: <LINK URI="http://data.europa.eu/eli/reg/2018/1725/oj">http://data.europa.eu/eli/reg/2018/1725/oj</LINK>).</P></NOTE> and Directive 2002/58/EC of the European Parliament and of the Council<NOTE TYPE="FOOTNOTE" NUMBERING.CONTINUED="YES" NOTE.ID="E0005" NUMBERING="ARAB"><P>Directive 2002/58/EC of the European Parliament and of the Council of <DATE ISO="20020712">12 July 2002</DATE> concerning the processing of personal data and the protection of privacy in the electronic communications sector (Directive on privacy and electronic communications) (<REF.DOC.OJ COLL="L" NO.OJ="201" DATE.PUB="20020731" PAGE.FIRST="37">OJ L 201, 31.7.2002, p. 37</REF.DOC.OJ>, ELI: <LINK URI="http://data.europa.eu/eli/dir/2002/58/oj">http://data.europa.eu/eli/dir/2002/58/oj</LINK>).</P></NOTE> apply to all personal data processing activities under this Regulation.</TXT></NP></CONSID><CONSID><NP><NO.P>(5)</NO.P><TXT>The European Data Protection Supervisor was consulted in accordance with Article 42(1) of Regulation (EU) 2018/1725 and delivered its opinion on <DATE ISO="20250528">28 May 2025</DATE>.</TXT></NP></CONSID><CONSID><NP><NO.P>(6)</NO.P><TXT>The measures provided for in this Regulation are in accordance with the opinion of the committee established by Article 48 of Regulation (EU) No 910/2014,</TXT></NP></CONSID></GR.CONSID><PREAMBLE.FINAL>HAS ADOPTED THIS REGULATION:</PREAMBLE.FINAL></PREAMBLE><ENACTING.TERMS><ARTICLE IDENTIFIER="001"><TI.ART>Article 1</TI.ART><STI.ART>Format and procedures of annual reports</STI.ART><PARAG IDENTIFIER="001.001"><NO.PARAG>1.</NO.PARAG><ALINEA>Supervisory bodies shall submit their annual reports referred to in Article 46a(6) and Article 46b(6) of Regulation (EU) No 910/2014 to the Commission, through a secure electronic channel made available by the Commission.</ALINEA></PARAG><PARAG IDENTIFIER="001.002"><NO.PARAG>2.</NO.PARAG><ALINEA>Supervisory bodies shall submit the information in their annual reports only once, by re-using previously submitted information where appropriate.</ALINEA></PARAG><PARAG IDENTIFIER="001.003"><NO.PARAG>3.</NO.PARAG><ALINEA>Supervisory bodies for the European Digital Identity Wallets referred to in Article 46a(1) of Regulation (EU) No 910/2014 shall ensure that their annual reports include at least the information set out in Annex I to this Regulation.</ALINEA></PARAG><PARAG IDENTIFIER="001.004"><NO.PARAG>4.</NO.PARAG><ALINEA>Supervisory bodies for trust services referred to in Article 46b(1) of Regulation (EU) No 910/2014 shall ensure that their annual reports include at least the information set out in Annex II to this Regulation.</ALINEA></PARAG></ARTICLE><?PAGE NO="3"?><ARTICLE IDENTIFIER="002"><TI.ART>Article 2</TI.ART><STI.ART>Entry into force</STI.ART><ALINEA>This Regulation shall enter into force on the twentieth day following that of its publication in the <HT TYPE="ITALIC">Official Journal of the European Union</HT>.</ALINEA></ARTICLE></ENACTING.TERMS><FINAL><P>This Regulation shall be binding in its entirety and directly applicable in all Member States.</P><SIGNATURE><PL.DATE><P>Done at Brussels, <DATE ISO="20250729">29 July 2025</DATE>.</P></PL.DATE><SIGNATORY><P><HT TYPE="ITALIC">For the Commission</HT></P><P><HT TYPE="ITALIC">The President</HT></P><P>Ursula <HT TYPE="UC">von der Leyen</HT></P></SIGNATORY></SIGNATURE></FINAL></ACT>
