<?xml version="1.0" encoding="UTF-8"?>
<ANNEX xmlns:xsi="http://www.w3.org/2001/XMLSchema-instance" xsi:noNamespaceSchemaLocation="http://formex.publications.europa.eu/schema/formex-06.02.3-20250123.xd" NNC="YES"><BIB.INSTANCE><DOCUMENT.REF FILE="L_202501571EN.doc.fmx.xml"><COLL>L</COLL><NO.DOC FORMAT="YN" TYPE="OJ"><COM>EU</COM><YEAR>2025</YEAR><NO.CURRENT>1571</NO.CURRENT></NO.DOC><LG.OJ>EN</LG.OJ><PAGE.FIRST>1</PAGE.FIRST><PAGE.SEQ>1</PAGE.SEQ><VOLUME.REF>01</VOLUME.REF></DOCUMENT.REF><DATE ISO="20250729">20250729</DATE><LG.DOC>EN</LG.DOC><NO.SEQ>0001.0002</NO.SEQ><PAGE.FIRST>5</PAGE.FIRST><PAGE.SEQ>1</PAGE.SEQ><PAGE.LAST>6</PAGE.LAST><PAGE.TOTAL>2</PAGE.TOTAL></BIB.INSTANCE><TITLE><TI><P>ANNEX II</P></TI><STI><P>Information to be included in the annual reports of supervisory bodies of trust services</P></STI></TITLE><CONTENTS><P>The annual reports of supervisory bodies shall include at least the following information:</P><LIST TYPE="ARAB"><ITEM><NP><NO.P>(1)</NO.P><TXT>the name, address and contact details of the supervisory body submitting the annual report;</TXT></NP></ITEM><ITEM><NP><NO.P>(2)</NO.P><TXT>where more than one supervisory body has been designated in accordance with Article 46b(1) of Regulation (EU) No 910/2014, the scope of the supervisory activities of the supervisory body submitting the annual report;</TXT></NP></ITEM><ITEM><NP><NO.P>(3)</NO.P><TXT>a description of the organisation, structure, resources and capabilities of the supervisory authority submitting the annual report;</TXT></NP></ITEM><ITEM><NP><NO.P>(4)</NO.P><TXT>a description of supervisory activities carried out pursuant to Article 46b(3), point (a) and point (b), during the reported calendar year in relation to non-qualified and qualified trust service providers established in the territory of the designating Member State and the trust services they provide, including cases of suspected or potential infringements of Regulation (EU) No 910/2014 and a summary of main challenges identified;</TXT></NP></ITEM><ITEM><NP><NO.P>(5)</NO.P><TXT>a summary of on-site inspections and off-site supervision activities carried out by the supervisory body submitting the annual report, including at least the following information:</TXT><P><LIST TYPE="alpha"><ITEM><NP><NO.P>(a)</NO.P><TXT>the identification of the qualified trust service provider or providers;</TXT></NP></ITEM><ITEM><NP><NO.P>(b)</NO.P><TXT>the affected trust service or services;</TXT></NP></ITEM><ITEM><NP><NO.P>(c)</NO.P><TXT>a description of the supervision activity;</TXT></NP></ITEM><ITEM><NP><NO.P>(d)</NO.P><TXT>a summary of the outcome;</TXT></NP></ITEM><ITEM><NP><NO.P>(e)</NO.P><TXT>any measures imposed;</TXT></NP></ITEM><ITEM><NP><NO.P>(f)</NO.P><TXT>actions undertaken by the supervisory body.</TXT></NP></ITEM></LIST></P></NP></ITEM><ITEM><NP><NO.P>(6)</NO.P><TXT>a description of any additional action taken by the supervisory body pursuant to Article 46b(3), of Regulation (EU) No 910/2014;</TXT></NP></ITEM><ITEM><NP><NO.P>(7)</NO.P><TXT>a description of any significant security breach or loss of integrity notifications made by the supervisory body submitting the annual report to the competent authorities of the Member State or Member States concerned designated or established pursuant to Article 8(1) of Directive (EU) 2022/2555, to the single points of contact of the Member State or Member States concerned designated or established pursuant to Article 8(3) of Directive (EU) 2022/2555, to the single points of contact in the other Member States concerned designated pursuant to Article 46c(1) of Regulation (EU) No 910/2014, or to the public;</TXT></NP></ITEM><ITEM><NP><NO.P>(8)</NO.P><TXT>a description of the scope of cooperation with other supervisory bodies established in other Member States and a description of assistance provided in accordance with Article 46c and Article 46e of Regulation (EU) No 910/2014 and an overview of outcomes of such cooperation;</TXT></NP></ITEM><ITEM><NP><NO.P>(9)</NO.P><TXT>a description of the frequency and nature of cooperation of the supervisory bodies for trust services with competent supervisory authorities established pursuant to Article 51 of Regulation (EU) 2016/679 where personal data protection rules appear to have been breached and about security breaches which appear to constitute personal data breaches as regards trust service providers and the trust services they provide;</TXT></NP></ITEM><ITEM><NP><NO.P>(10)</NO.P><TXT>a summary of the result of verifying the existence of provisions on termination plans and of verifying their correct application where a supervised qualified trust service provider ceases its activities, including an indication on how information is kept accessible in accordance with Article 24(2), point (h) of Regulation (EU) No 910/2014;</TXT></NP></ITEM><ITEM><NP><NO.P>(11)</NO.P><TXT>a description of any investigations of claims made by providers of web browsers that they were investigating during the reporting period pursuant to Article 45a of Regulation (EU) No 910/2014 and on any other consequential actions taken in that context;</TXT></NP></ITEM><?PAGE NO="6"?><ITEM><NP><NO.P>(12)</NO.P><TXT>a description of activities relating to trusted lists referred to in Article 22 of Regulation (EU) No 910/2014, including noticeable updates following supervisory activities, relevant experience or compliance issues with Commission Implementing Decision (EU) 2015/1505<NOTE NOTE.ID="E0001" NUMBERING="ARAB" NUMBERING.CONTINUED="YES" TYPE="FOOTNOTE"><P>Commission Implementing Decision (EU) 2015/1505 of <DATE ISO="20150908">8 September 2015</DATE> laying down technical specifications and formats relating to trusted lists pursuant to Article 22(5) of Regulation (EU) No 910/2014 of the European Parliament and of the Council on electronic identification and trust services for electronic transactions in the internal market (<REF.DOC.OJ COLL="L" DATE.PUB="20150909" NO.OJ="235" PAGE.FIRST="26">OJ L 235, 9.9.2015, p. 26</REF.DOC.OJ>, ELI: <LINK URI="http://data.europa.eu/eli/dec_impl/2015/1505/oj">http://data.europa.eu/eli/dec_impl/2015/1505/oj</LINK>).</P></NOTE>, in particular with availability requirements;</TXT></NP></ITEM><ITEM><NP><NO.P>(13)</NO.P><TXT>information about national accreditation schemes of conformity assessment bodies, national conformity assessment schemes or related guidance to conformity assessment schemes, or information about related initiatives;</TXT></NP></ITEM><ITEM><NP><NO.P>(14)</NO.P><TXT>a description, where applicable, of any trust infrastructure established, maintained and updated by a supervisory body at a Member State’s request and in accordance with national law.</TXT></NP></ITEM></LIST></CONTENTS></ANNEX>
