<?xml version="1.0" encoding="UTF-8"?><ANNEX xmlns:xsi="http://www.w3.org/2001/XMLSchema-instance" xsi:noNamespaceSchemaLocation="http://formex.publications.europa.eu/schema/formex-06.02.1-20231031.xd"><BIB.INSTANCE><DOCUMENT.REF FILE="L_202401183EN.doc.fmx.xml"><COLL>L</COLL><NO.DOC FORMAT="YN" TYPE="OJ"><YEAR>2024</YEAR><NO.CURRENT>1183</NO.CURRENT></NO.DOC><LG.OJ>EN</LG.OJ><PAGE.FIRST>1</PAGE.FIRST><PAGE.SEQ>1</PAGE.SEQ><VOLUME.REF>01</VOLUME.REF></DOCUMENT.REF><DATE ISO="20240411">20240411</DATE><LG.DOC>EN</LG.DOC><NO.SEQ>0001.0006</NO.SEQ><PAGE.FIRST>55</PAGE.FIRST><PAGE.SEQ>1</PAGE.SEQ><PAGE.LAST>55</PAGE.LAST><PAGE.TOTAL>1</PAGE.TOTAL><INCLUSIONS><INCL.ELEMENT FILEREF="L_202401183EN.005502.fmx.xml" TYPE="FORMEX.DOC"/></INCLUSIONS><NO.DOC FORMAT="YN" TYPE="OJ"><YEAR>2024</YEAR><NO.CURRENT>1183</NO.CURRENT></NO.DOC></BIB.INSTANCE><TITLE><TI><P>ANNEX VI</P></TI></TITLE><CONTENTS><INCL.ELEMENT FILEREF="L_202401183EN.005502.fmx.xml" TYPE="FORMEX.DOC"/></CONTENTS></ANNEX>