<?xml version="1.0" encoding="UTF-8"?><ANNEX xmlns:xsi="http://www.w3.org/2001/XMLSchema-instance" xsi:noNamespaceSchemaLocation="http://formex.publications.europa.eu/schema/formex-06.02.1-20231031.xd"><BIB.INSTANCE><DOCUMENT.REF FILE="L_202401183EN.doc.fmx.xml"><COLL>L</COLL><NO.DOC FORMAT="YN" TYPE="OJ"><YEAR>2024</YEAR><NO.CURRENT>1183</NO.CURRENT></NO.DOC><LG.OJ>EN</LG.OJ><PAGE.FIRST>1</PAGE.FIRST><PAGE.SEQ>1</PAGE.SEQ><VOLUME.REF>01</VOLUME.REF></DOCUMENT.REF><DATE ISO="20240411">20240411</DATE><LG.DOC>EN</LG.DOC><NO.SEQ>0001.0004</NO.SEQ><PAGE.FIRST>53</PAGE.FIRST><PAGE.SEQ>1</PAGE.SEQ><PAGE.LAST>53</PAGE.LAST><PAGE.TOTAL>1</PAGE.TOTAL><NO.DOC FORMAT="YN" TYPE="OJ"><YEAR>2024</YEAR><NO.CURRENT>1183</NO.CURRENT></NO.DOC></BIB.INSTANCE><TITLE><TI><P>ANNEX IV</P></TI></TITLE><CONTENTS><P>Annex IV to Regulation (EU) No 910/2014 is amended as follows:</P><P><LIST TYPE="ARAB"><ITEM><NP><NO.P>(1)</NO.P><TXT>point (c) is replaced by the following:</TXT><P><QUOT.S LEVEL="1"><LIST TYPE="alpha"><ITEM><NP><NO.P><QUOT.START CODE="2018" ID="QS0001" REF.END="QE0001"/>(c)</NO.P><TXT>for natural persons: at least the name of the person to whom the certificate has been issued, or a pseudonym; if a pseudonym is used, it shall be clearly indicated;</TXT></NP></ITEM><ITEM><NP><NO.P>(ca)</NO.P><TXT>for legal persons: a unique set of data unambiguously representing the legal person to whom the certificate is issued, with at least the name of the legal person to whom the certificate is issued and, where applicable, the registration number as stated in the official records;<QUOT.END CODE="2019" ID="QE0001" REF.START="QS0001"/>;</TXT></NP></ITEM></LIST></QUOT.S></P></NP></ITEM><ITEM><NP><NO.P>(2)</NO.P><TXT>point (j) is replaced by the following:</TXT><P><QUOT.S LEVEL="1"><LIST TYPE="alpha"><ITEM><NP><NO.P><QUOT.START CODE="2018" ID="QS0002" REF.END="QE0002"/>(j)</NO.P><TXT>the information or the location of the certificate validity status services that can be used to enquire about the validity status of the qualified certificate.<QUOT.END CODE="2019" ID="QE0002" REF.START="QS0002"/>.</TXT></NP></ITEM></LIST></QUOT.S></P></NP></ITEM></LIST></P></CONTENTS></ANNEX>