<?xml version="1.0" encoding="UTF-8"?><ANNEX xmlns:xsi="http://www.w3.org/2001/XMLSchema-instance" xsi:noNamespaceSchemaLocation="http://formex.publications.europa.eu/schema/formex-06.02.1-20231031.xd"><BIB.INSTANCE><DOCUMENT.REF FILE="L_202401183EN.doc.fmx.xml"><COLL>L</COLL><NO.DOC FORMAT="YN" TYPE="OJ"><YEAR>2024</YEAR><NO.CURRENT>1183</NO.CURRENT></NO.DOC><LG.OJ>EN</LG.OJ><PAGE.FIRST>1</PAGE.FIRST><PAGE.SEQ>1</PAGE.SEQ><VOLUME.REF>01</VOLUME.REF></DOCUMENT.REF><DATE ISO="20240411">20240411</DATE><LG.DOC>EN</LG.DOC><NO.SEQ>0001.0003</NO.SEQ><PAGE.FIRST>52</PAGE.FIRST><PAGE.SEQ>1</PAGE.SEQ><PAGE.LAST>52</PAGE.LAST><PAGE.TOTAL>1</PAGE.TOTAL><NO.DOC FORMAT="YN" TYPE="OJ"><YEAR>2024</YEAR><NO.CURRENT>1183</NO.CURRENT></NO.DOC></BIB.INSTANCE><TITLE><TI><P>ANNEX III</P></TI></TITLE><CONTENTS><P>In Annex III to Regulation (EU) No 910/2014, point (i) is replaced by the following:</P><QUOT.S LEVEL="1"><LIST TYPE="roman"><ITEM><NP><NO.P><QUOT.START CODE="2018" ID="QS0001" REF.END="QE0001"/>(i)</NO.P><TXT>the information or the location of the services that can be used to enquire about the validity status of the qualified certificate;<QUOT.END CODE="2019" ID="QE0001" REF.START="QS0001"/>.</TXT></NP></ITEM></LIST></QUOT.S></CONTENTS></ANNEX>