<?xml version="1.0" encoding="UTF-8"?><ANNEX xmlns:xsi="http://www.w3.org/2001/XMLSchema-instance" xsi:noNamespaceSchemaLocation="http://formex.publications.europa.eu/schema/formex-06.02.1-20231031.xd"><BIB.INSTANCE><DOCUMENT.REF FILE="L_202401183EN.doc.fmx.xml"><COLL>L</COLL><NO.DOC FORMAT="YN" TYPE="OJ"><YEAR>2024</YEAR><NO.CURRENT>1183</NO.CURRENT></NO.DOC><LG.OJ>EN</LG.OJ><PAGE.FIRST>1</PAGE.FIRST><PAGE.SEQ>1</PAGE.SEQ><VOLUME.REF>01</VOLUME.REF></DOCUMENT.REF><DATE ISO="20240411">20240411</DATE><LG.DOC>EN</LG.DOC><NO.SEQ>0001.0007.0001</NO.SEQ><PAGE.FIRST>56</PAGE.FIRST><PAGE.SEQ>2</PAGE.SEQ><PAGE.LAST>56</PAGE.LAST><PAGE.TOTAL>1</PAGE.TOTAL><NO.DOC FORMAT="YN" TYPE="OJ"><YEAR>2024</YEAR><NO.CURRENT>1183</NO.CURRENT></NO.DOC></BIB.INSTANCE><TITLE><TI><P><QUOT.START CODE="2018" ID="QS0001" REF.END="QE0001"/>ANNEX VII</P></TI><STI><P>REQUIREMENTS FOR ELECTRONIC ATTESTATION OF ATTRIBUTES ISSUED BY OR ON BEHALF OF A PUBLIC BODY RESPONSIBLE FOR AN AUTHENTIC SOURCE</P></STI></TITLE><CONTENTS><P>An electronic attestation of attributes issued by or on behalf of a public body responsible for an authentic source shall contain:</P><LIST TYPE="alpha"><ITEM><NP><NO.P>(a)</NO.P><TXT>an indication, at least in a form suitable for automated processing, that the attestation has been issued as an electronic attestation of attributes issued by or on behalf of a public body responsible for an authentic source;</TXT></NP></ITEM><ITEM><NP><NO.P>(b)</NO.P><TXT>a set of data unambiguously representing the public body issuing the electronic attestation of attributes, including at least, the Member State in which that public body is established and its name and, where applicable, its registration number as stated in the official records;</TXT></NP></ITEM><ITEM><NP><NO.P>(c)</NO.P><TXT>a set of data unambiguously representing the entity to which the attested attributes refer; if a pseudonym is used, it shall be clearly indicated;</TXT></NP></ITEM><ITEM><NP><NO.P>(d)</NO.P><TXT>the attested attribute or attributes, including, where applicable, the information necessary to identify the scope of those attributes;</TXT></NP></ITEM><ITEM><NP><NO.P>(e)</NO.P><TXT>details of the beginning and end of the attestation’s period of validity;</TXT></NP></ITEM><ITEM><NP><NO.P>(f)</NO.P><TXT>the attestation identity code, which must be unique for the issuing public body and, if applicable, an indication of the scheme of attestations that the attestation of attributes is part of;</TXT></NP></ITEM><ITEM><NP><NO.P>(g)</NO.P><TXT>the qualified electronic signature or qualified electronic seal of the issuing body;</TXT></NP></ITEM><ITEM><NP><NO.P>(h)</NO.P><TXT>the location where the certificate supporting the qualified electronic signature or qualified electronic seal referred to in point (g) is available free of charge;</TXT></NP></ITEM><ITEM><NP><NO.P>(i)</NO.P><TXT>the information or location of the services that can be used to enquire about the validity status of the attestation.<QUOT.END CODE="2019" ID="QE0001" REF.START="QS0001"/>.</TXT></NP></ITEM></LIST></CONTENTS></ANNEX>