<?xml version="1.0" encoding="UTF-8"?><PUBLICATION xmlns:xsi="http://www.w3.org/2001/XMLSchema-instance" xsi:noNamespaceSchemaLocation="http://formex.publications.europa.eu/schema/formex-06.02.1-20231031.xd"><OJ><BIB.OJ><COLL>L</COLL><TITLE><TI><P>Official Journal</P><P>of the European Union</P></TI></TITLE><NO.DOC FORMAT="YN" TYPE="OJ"><YEAR>2024</YEAR><NO.CURRENT>1183</NO.CURRENT></NO.DOC><AGE.OJ>67</AGE.OJ><DATE ISO="20240430">30 April 2024</DATE><LG.OJ>EN</LG.OJ></BIB.OJ><VOLUME><BIB.VOLUME><VOLUME.ID>1</VOLUME.ID><NO.ISSN.PRINT>17252555</NO.ISSN.PRINT><NO.ISSN.ELECTRONIC>19770677</NO.ISSN.ELECTRONIC><PAGE.TOTAL>56</PAGE.TOTAL><PAGE.CONTENTS><PAGE.FIRST>1</PAGE.FIRST><PAGE.LAST>56</PAGE.LAST><PAGE.TOTAL>56</PAGE.TOTAL></PAGE.CONTENTS></BIB.VOLUME><SECTION TYPE="L1"><TITLE><TI><NP><NO.P>I</NO.P><TXT>Legislative acts</TXT></NP></TI></TITLE><SUBSECTION><TITLE><TI><P>DIRECTIVES</P></TI></TITLE><ITEM.PUB DOC.INSTANCE="L_202401183EN.doc.fmx.xml"/></SUBSECTION></SECTION></VOLUME></OJ></PUBLICATION>