<?xml version="1.0" encoding="UTF-8"?><ANNEX xmlns:xsi="http://www.w3.org/2001/XMLSchema-instance" xsi:noNamespaceSchemaLocation="http://formex.publications.europa.eu/schema/formex-06.02.1-20231031.xd"><BIB.INSTANCE><DOCUMENT.REF FILE="L_202401183EN.doc.fmx.xml"><COLL>L</COLL><NO.DOC FORMAT="YN" TYPE="OJ"><YEAR>2024</YEAR><NO.CURRENT>1183</NO.CURRENT></NO.DOC><LG.OJ>EN</LG.OJ><PAGE.FIRST>1</PAGE.FIRST><PAGE.SEQ>1</PAGE.SEQ><VOLUME.REF>01</VOLUME.REF></DOCUMENT.REF><DATE ISO="20240411">20240411</DATE><LG.DOC>EN</LG.DOC><NO.SEQ>0001.0005.0001</NO.SEQ><PAGE.FIRST>54</PAGE.FIRST><PAGE.SEQ>2</PAGE.SEQ><PAGE.LAST>54</PAGE.LAST><PAGE.TOTAL>1</PAGE.TOTAL><NO.DOC FORMAT="YN" TYPE="OJ"><YEAR>2024</YEAR><NO.CURRENT>1183</NO.CURRENT></NO.DOC></BIB.INSTANCE><TITLE><TI><P><QUOT.START CODE="2018" ID="QS0001" REF.END="QE0001"/>ANNEX V</P></TI><STI><P>REQUIREMENTS FOR QUALIFIED ELECTRONIC ATTESTATION OF ATTRIBUTES</P></STI></TITLE><CONTENTS><P>Qualified electronic attestation of attributes shall contain:</P><P><LIST TYPE="alpha"><ITEM><NP><NO.P>(a)</NO.P><TXT>an indication, at least in a form suitable for automated processing, that the attestation has been issued as a qualified electronic attestation of attributes;</TXT></NP></ITEM><ITEM><NP><NO.P>(b)</NO.P><TXT>a set of data unambiguously representing the qualified trust service provider issuing the qualified electronic attestation of attributes including at least, the Member State in which that provider is established and:</TXT><P><LIST TYPE="roman"><ITEM><NP><NO.P>(i)</NO.P><TXT>for a legal person: the name and, where applicable, registration number as stated in the official records;</TXT></NP></ITEM><ITEM><NP><NO.P>(ii)</NO.P><TXT>for a natural person: the person’s name;</TXT></NP></ITEM></LIST></P></NP></ITEM><ITEM><NP><NO.P>(c)</NO.P><TXT>a set of data unambiguously representing the entity to which the attested attributes refer; if a pseudonym is used, it shall be clearly indicated;</TXT></NP></ITEM><ITEM><NP><NO.P>(d)</NO.P><TXT>the attested attribute or attributes, including, where applicable, the information necessary to identify the scope of those attributes;</TXT></NP></ITEM><ITEM><NP><NO.P>(e)</NO.P><TXT>details of the beginning and end of the attestation’s period of validity;</TXT></NP></ITEM><ITEM><NP><NO.P>(f)</NO.P><TXT>the attestation identity code, which must be unique for the qualified trust service provider and, if applicable, the indication of the scheme of attestations that the attestation of attributes is part of;</TXT></NP></ITEM><ITEM><NP><NO.P>(g)</NO.P><TXT>the qualified electronic signature or qualified electronic seal of the issuing qualified trust service provider;</TXT></NP></ITEM><ITEM><NP><NO.P>(h)</NO.P><TXT>the location where the certificate supporting the qualified electronic signature or qualified electronic seal referred to in point (g) is available free of charge;</TXT></NP></ITEM><ITEM><NP><NO.P>(i)</NO.P><TXT>the information or location of the services that can be used to enquire about the validity status of the qualified attestation.<QUOT.END CODE="2019" ID="QE0001" REF.START="QS0001"/>.</TXT></NP></ITEM></LIST></P></CONTENTS></ANNEX>