<?xml version="1.0" encoding="UTF-8"?><DOC xmlns:xsi="http://www.w3.org/2001/XMLSchema-instance" xsi:noNamespaceSchemaLocation="http://formex.publications.europa.eu/schema/formex-06.02.1-20231031.xd"><BIB.DOC><PROD.ID>20240411014</PROD.ID><FIN.ID>488738</FIN.ID><NO.DOC FORMAT="YN" TYPE="OJ"><YEAR>2024</YEAR><NO.CURRENT>1183</NO.CURRENT></NO.DOC><DURAB TYPE="DUR"/><NO.ELI ID="http://data.europa.eu/eli/reg/2024/1183/oj">ELI:http://data.europa.eu/eli/reg/2024/1183/oj</NO.ELI></BIB.DOC><PUBLICATION.REF FILE="L_202401183EN.toc.fmx.xml"><COLL>L</COLL><DATE ISO="20240430">20240430</DATE><LG.OJ>EN</LG.OJ><VOLUME.REF>01</VOLUME.REF></PUBLICATION.REF><FMX><DOC.MAIN.PUB NO.SEQ="0001" SYNOPTISM="D0001"><LG.DOC>EN</LG.DOC><LEGAL.VALUE>REG</LEGAL.VALUE><DATE ISO="20240411">20240411</DATE><PAGE.FIRST>1</PAGE.FIRST><PAGE.LAST>49</PAGE.LAST><PAGE.TOTAL>49</PAGE.TOTAL><PAGE.SEQ>1</PAGE.SEQ><REF.PHYS FILE="L_202401183EN.000101.fmx.xml" TYPE="DOC.XML"/></DOC.MAIN.PUB><DOC.SUB.PUB NO.SEQ="0001.0001" SYNOPTISM="D0001.0001" TYPE="ANNEX"><PAGE.FIRST>50</PAGE.FIRST><PAGE.LAST>50</PAGE.LAST><PAGE.TOTAL>1</PAGE.TOTAL><PAGE.SEQ>1</PAGE.SEQ><REF.PHYS FILE="L_202401183EN.005001.fmx.xml" TYPE="DOC.XML"/></DOC.SUB.PUB><DOC.SUB.PUB NO.SEQ="0001.0002" SYNOPTISM="D0001.0002" TYPE="ANNEX"><PAGE.FIRST>51</PAGE.FIRST><PAGE.LAST>51</PAGE.LAST><PAGE.TOTAL>1</PAGE.TOTAL><PAGE.SEQ>1</PAGE.SEQ><REF.PHYS FILE="L_202401183EN.005101.fmx.xml" TYPE="DOC.XML"/></DOC.SUB.PUB><DOC.SUB.PUB NO.SEQ="0001.0003" SYNOPTISM="D0001.0003" TYPE="ANNEX"><PAGE.FIRST>52</PAGE.FIRST><PAGE.LAST>52</PAGE.LAST><PAGE.TOTAL>1</PAGE.TOTAL><PAGE.SEQ>1</PAGE.SEQ><REF.PHYS FILE="L_202401183EN.005201.fmx.xml" TYPE="DOC.XML"/></DOC.SUB.PUB><DOC.SUB.PUB NO.SEQ="0001.0004" SYNOPTISM="D0001.0004" TYPE="ANNEX"><PAGE.FIRST>53</PAGE.FIRST><PAGE.LAST>53</PAGE.LAST><PAGE.TOTAL>1</PAGE.TOTAL><PAGE.SEQ>1</PAGE.SEQ><REF.PHYS FILE="L_202401183EN.005301.fmx.xml" TYPE="DOC.XML"/></DOC.SUB.PUB><DOC.SUB.PUB NO.SEQ="0001.0005" SYNOPTISM="D0001.0005" TYPE="ANNEX"><PAGE.FIRST>54</PAGE.FIRST><PAGE.LAST>54</PAGE.LAST><PAGE.TOTAL>1</PAGE.TOTAL><PAGE.SEQ>1</PAGE.SEQ><REF.PHYS FILE="L_202401183EN.005401.fmx.xml" TYPE="DOC.XML"/></DOC.SUB.PUB><DOC.SUB.PUB NO.SEQ="0001.0006" SYNOPTISM="D0001.0006" TYPE="ANNEX"><PAGE.FIRST>55</PAGE.FIRST><PAGE.LAST>55</PAGE.LAST><PAGE.TOTAL>1</PAGE.TOTAL><PAGE.SEQ>1</PAGE.SEQ><REF.PHYS FILE="L_202401183EN.005501.fmx.xml" TYPE="DOC.XML"/></DOC.SUB.PUB><DOC.SUB.PUB NO.SEQ="0001.0007" SYNOPTISM="D0001.0007" TYPE="ANNEX"><PAGE.FIRST>56</PAGE.FIRST><PAGE.LAST>56</PAGE.LAST><PAGE.TOTAL>1</PAGE.TOTAL><PAGE.SEQ>1</PAGE.SEQ><REF.PHYS FILE="L_202401183EN.005601.fmx.xml" TYPE="DOC.XML"/></DOC.SUB.PUB></FMX><PAPER><VOLUME.PAPER><ITEM.VOLUME REF.NO.SEQ="0001"><TITLE REF.TITLE="T0001"/><ITEM.REF>1</ITEM.REF></ITEM.VOLUME></VOLUME.PAPER></PAPER><PDF><ITEM.VOLUME REF.NO.SEQ="0001"><TITLE ID.TITLE="T0001"><TI><P>Regulation (EU) 2024/1183 of the European Parliament and of the Council of <DATE ISO="20240411">11 April 2024</DATE> amending Regulation (EU) No 910/2014 as regards establishing the European Digital Identity Framework</P></TI></TITLE><ITEM.REF REF.PDF="L_202401183EN.pdf">1</ITEM.REF></ITEM.VOLUME></PDF></DOC>