<?xml version="1.0" encoding="UTF-8"?><ANNEX xmlns:xsi="http://www.w3.org/2001/XMLSchema-instance" xsi:noNamespaceSchemaLocation="http://formex.publications.europa.eu/schema/formex-06.02.1-20231031.xd"><BIB.INSTANCE><DOCUMENT.REF FILE="L_202401183EN.doc.fmx.xml"><COLL>L</COLL><NO.DOC FORMAT="YN" TYPE="OJ"><YEAR>2024</YEAR><NO.CURRENT>1183</NO.CURRENT></NO.DOC><LG.OJ>EN</LG.OJ><PAGE.FIRST>1</PAGE.FIRST><PAGE.SEQ>1</PAGE.SEQ><VOLUME.REF>01</VOLUME.REF></DOCUMENT.REF><DATE ISO="20240411">20240411</DATE><LG.DOC>EN</LG.DOC><NO.SEQ>0001.0006.0001</NO.SEQ><PAGE.FIRST>55</PAGE.FIRST><PAGE.SEQ>2</PAGE.SEQ><PAGE.LAST>55</PAGE.LAST><PAGE.TOTAL>1</PAGE.TOTAL><NO.DOC FORMAT="YN" TYPE="OJ"><YEAR>2024</YEAR><NO.CURRENT>1183</NO.CURRENT></NO.DOC></BIB.INSTANCE><TITLE><TI><P><QUOT.START CODE="2018" ID="QS0001" REF.END="QE0001"/>ANNEX VI</P></TI><STI><P>MINIMUM LIST OF ATTRIBUTES</P></STI></TITLE><CONTENTS><P>Pursuant to Article 45e, Member States shall ensure that measures are taken to allow qualified trust service providers of electronic attestations of attributes to verify by electronic means at the request of the user, the authenticity of the following attributes against the relevant authentic source at national level or via designated intermediaries recognised at national level, in accordance with Union or national law and where these attributes rely on authentic sources within the public sector:</P><LIST TYPE="ARAB"><ITEM><NP><NO.P>1.</NO.P><TXT>Address;</TXT></NP></ITEM><ITEM><NP><NO.P>2.</NO.P><TXT>Age;</TXT></NP></ITEM><ITEM><NP><NO.P>3.</NO.P><TXT>Gender;</TXT></NP></ITEM><ITEM><NP><NO.P>4.</NO.P><TXT>Civil status;</TXT></NP></ITEM><ITEM><NP><NO.P>5.</NO.P><TXT>Family composition;</TXT></NP></ITEM><ITEM><NP><NO.P>6.</NO.P><TXT>Nationality or citizenship;</TXT></NP></ITEM><ITEM><NP><NO.P>7.</NO.P><TXT>Educational qualifications, titles and licences;</TXT></NP></ITEM><ITEM><NP><NO.P>8.</NO.P><TXT>Professional qualifications, titles and licences;</TXT></NP></ITEM><ITEM><NP><NO.P>9.</NO.P><TXT>Powers and mandates to represent natural or legal persons;</TXT></NP></ITEM><ITEM><NP><NO.P>10.</NO.P><TXT>Public permits and licences;</TXT></NP></ITEM><ITEM><NP><NO.P>11.</NO.P><TXT>For legal persons, financial and company data.<QUOT.END CODE="2019" ID="QE0001" REF.START="QS0001"/>.</TXT></NP></ITEM></LIST></CONTENTS></ANNEX>