<?xml version="1.0" encoding="UTF-8"?>
<ANNEX xmlns:xsi="http://www.w3.org/2001/XMLSchema-instance" xsi:noNamespaceSchemaLocation="http://formex.publications.europa.eu/schema/formex-06.02.3-20250123.xd" NNC="YES"><BIB.INSTANCE><DOCUMENT.REF FILE="L_202502527EN.doc.fmx.xml"><COLL>L</COLL><NO.DOC FORMAT="YN" TYPE="OJ"><YEAR>2025</YEAR><NO.CURRENT>2527</NO.CURRENT></NO.DOC><LG.OJ>EN</LG.OJ><PAGE.FIRST>1</PAGE.FIRST><PAGE.SEQ>1</PAGE.SEQ><VOLUME.REF>01</VOLUME.REF></DOCUMENT.REF><DATE ISO="20251216">20251216</DATE><LG.DOC>EN</LG.DOC><NO.SEQ>0001.0001</NO.SEQ><PAGE.FIRST>3</PAGE.FIRST><PAGE.SEQ>1</PAGE.SEQ><PAGE.LAST>3</PAGE.LAST><PAGE.TOTAL>1</PAGE.TOTAL></BIB.INSTANCE><TITLE><TI><P>ANNEX</P></TI><STI><P>List of reference standards for qualified certificates for website authentication</P></STI></TITLE><CONTENTS><NP><NO.P>1.</NO.P><TXT>For qualified certificates for website authentication that are issued for use in transport layer security authentication outside the context of a web-browser:</TXT><P><LIST TYPE="DASH"><ITEM><P>ETSI EN <FT TYPE="NUMBER">319411</FT>-2 V2.6.1 (2025-06); these certificates shall be issued in accordance with the QNCP-w-gen certificate policy, with the QEVCP-w certificate policy, or with QNCP-w certificate policy, as specified in that standard; or</P></ITEM><ITEM><P>ETSI TS <FT TYPE="NUMBER">119495</FT> V1.7.1 (2024-07).</P></ITEM></LIST></P></NP><NP><NO.P>2.</NO.P><TXT>For other qualified certificates for website authentication than those referred to in point 1, including within the context of a web-browser:</TXT><P><LIST TYPE="DASH"><ITEM><P>ETSI TS <FT TYPE="NUMBER">119411</FT>-5 V2.1.1 (2025-02).</P></ITEM></LIST></P></NP></CONTENTS></ANNEX>
