<?xml version="1.0" encoding="UTF-8"?>
<ANNEX xmlns:xsi="http://www.w3.org/2001/XMLSchema-instance" xsi:noNamespaceSchemaLocation="http://formex.publications.europa.eu/schema/formex-06.02.1-20231031.xd" NNC="YES"><BIB.INSTANCE><DOCUMENT.REF FILE="L_202402981EN.doc.fmx.xml"><COLL>L</COLL><NO.DOC FORMAT="YN" TYPE="OJ"><COM>EU</COM><YEAR>2024</YEAR><NO.CURRENT>2981</NO.CURRENT></NO.DOC><LG.OJ>EN</LG.OJ><PAGE.FIRST>1</PAGE.FIRST><PAGE.SEQ>1</PAGE.SEQ><VOLUME.REF>01</VOLUME.REF></DOCUMENT.REF><DATE ISO="20241128">20241128</DATE><LG.DOC>EN</LG.DOC><NO.SEQ>0001.0005</NO.SEQ><PAGE.FIRST>38</PAGE.FIRST><PAGE.SEQ>1</PAGE.SEQ><PAGE.LAST>38</PAGE.LAST><PAGE.TOTAL>1</PAGE.TOTAL></BIB.INSTANCE><TITLE><TI><P>ANNEX V</P></TI><STI><P><HT TYPE="BOLD">LIST OF PUBLICLY AVAILABLE INFORMATION ABOUT WALLETS</HT></P></STI></TITLE><CONTENTS><NP><NO.P>1.</NO.P><TXT>The information that shall be made public pursuant to Article 8(5) shall include at least the following:</TXT><P><LIST TYPE="alpha"><ITEM><NP><NO.P>(a)</NO.P><TXT>any limitations on the use of a wallet solution;</TXT></NP></ITEM><ITEM><NP><NO.P>(b)</NO.P><TXT>guidance and recommendations by the wallet provider to assist end users with the secure configuration, installation, deployment, operation and maintenance of wallets;</TXT></NP></ITEM><ITEM><NP><NO.P>(c)</NO.P><TXT>the period during which security support will be offered to end users, in particular as regards to the availability of cybersecurity related updates;</TXT></NP></ITEM><ITEM><NP><NO.P>(d)</NO.P><TXT>contact information of the manufacturer or provider and accepted methods for receiving vulnerability information from end users and security researchers;</TXT></NP></ITEM><ITEM><NP><NO.P>(e)</NO.P><TXT>a reference to online repositories listing publicly disclosed vulnerabilities related to wallets and to any relevant cybersecurity advisories.</TXT></NP></ITEM></LIST></P></NP><NP><NO.P>2.</NO.P><TXT>The information referred to in paragraph 1 shall be made available in a clear, comprehensive and easily accessible manner, in a publicly accessible space, to any person seeking to use a wallet solution.</TXT></NP></CONTENTS></ANNEX>
