<?xml version="1.0" encoding="UTF-8"?>
<ANNEX xmlns:xsi="http://www.w3.org/2001/XMLSchema-instance" xsi:noNamespaceSchemaLocation="http://formex.publications.europa.eu/schema/formex-06.02.1-20231031.xd" NNC="YES"><BIB.INSTANCE><DOCUMENT.REF FILE="L_202402981EN.doc.fmx.xml"><COLL>L</COLL><NO.DOC FORMAT="YN" TYPE="OJ"><COM>EU</COM><YEAR>2024</YEAR><NO.CURRENT>2981</NO.CURRENT></NO.DOC><LG.OJ>EN</LG.OJ><PAGE.FIRST>1</PAGE.FIRST><PAGE.SEQ>1</PAGE.SEQ><VOLUME.REF>01</VOLUME.REF></DOCUMENT.REF><DATE ISO="20241128">20241128</DATE><LG.DOC>EN</LG.DOC><NO.SEQ>0001.0003</NO.SEQ><PAGE.FIRST>33</PAGE.FIRST><PAGE.SEQ>1</PAGE.SEQ><PAGE.LAST>33</PAGE.LAST><PAGE.TOTAL>1</PAGE.TOTAL></BIB.INSTANCE><TITLE><TI><P>ANNEX III</P></TI><STI><P><HT TYPE="BOLD">FUNCTIONAL REQUIREMENTS FOR WALLET SOLUTIONS</HT></P></STI></TITLE><CONTENTS><P>Under Article 5a(4), (5), (8), and (14) of Regulation (EU) No 910/2014, the functional criteria to be met by a certified wallet solution and the electronic identification scheme under which it is provided shall include the functional requirements for the operations listed in the following:</P><LIST TYPE="ARAB"><ITEM><NP><NO.P>(1)</NO.P><TXT>Commission Implementing Regulation (EU) 2024/2979<NOTE NOTE.ID="E0001" NUMBERING="ARAB" NUMBERING.CONTINUED="YES" TYPE="FOOTNOTE"><P>Commission Implementing Regulation (EU) 2024/2979 of <DATE ISO="20241128">28 November 2024</DATE> laying down rules for the application of Regulation (EU) No 910/2014 of the European Parliament and of the Council as regards the integrity and core functionalities (<REF.DOC COLL="L" CONTEXT="EUR-LEX" DATE.PUB="20241204" NO.DOC="2979" URI="http://data.europa.eu/eli/reg_impl/2024/2979/oj">OJ L, 2024/2979, 4.12.2024, ELI: http://data.europa.eu/eli/reg_impl/2024/2979/oj</REF.DOC>).</P></NOTE> laying down rules for the application of Regulation (EU) No 910/2014 of the European Parliament and of the Council as regards the integrity and core functionalities;</TXT></NP></ITEM><ITEM><NP><NO.P>(2)</NO.P><TXT>Commission Implementing Regulation (EU) 2024/2982<NOTE NOTE.ID="E0002" NUMBERING="ARAB" NUMBERING.CONTINUED="YES" TYPE="FOOTNOTE"><P>Commission Implementing Regulation (EU) 2024/2982 of <DATE ISO="20241128">28 November 2024</DATE> laying down rules for the application of Regulation (EU) No 910/2014 of the European Parliament and of the Council as regards protocols and interfaces to be supported by the European Digital Identity Framework (<REF.DOC COLL="L" CONTEXT="EUR-LEX" DATE.PUB="20241204" NO.DOC="2982" URI="http://data.europa.eu/eli/reg_impl/2024/2982/oj">OJ L, 2024/2982, 4.12.2024, ELI: http://data.europa.eu/eli/reg_impl/2024/2982/oj</REF.DOC>).</P></NOTE> laying down rules for the application of Regulation (EU) No 910/2014 of the European Parliament and of the Council as regards protocols and interfaces to be supported by the European Digital Identity Framework;</TXT></NP></ITEM><ITEM><NP><NO.P>(3)</NO.P><TXT>Commission Implementing Regulation (EU) 2024/2977<NOTE NOTE.ID="E0003" NUMBERING="ARAB" NUMBERING.CONTINUED="YES" TYPE="FOOTNOTE"><P>Commission Implementing Regulation (EU) 2024/2977 of <DATE ISO="20241128">28 November 2024</DATE> laying down rules for the application of Regulation (EU) No 910/2014 of the European Parliament and of the Council as regards person identification data and electronic attestations of attributes issued to European Digital Identity Wallets (<REF.DOC COLL="L" CONTEXT="EUR-LEX" DATE.PUB="20241204" NO.DOC="2977" URI="http://data.europa.eu/eli/reg_impl/2024/2977/oj">OJ L, 2024/2977, 4.12.2024, ELI: http://data.europa.eu/eli/reg_impl/2024/2977/oj</REF.DOC>).</P></NOTE> laying down rules for the application of Regulation (EU) No 910/2014 of the European Parliament and of the Council as regards person identification data and electronic attestations of attributes issued to European Digital Identity Wallets.</TXT></NP></ITEM></LIST></CONTENTS></ANNEX>
