<?xml version="1.0" encoding="UTF-8"?>
<ANNEX xmlns:xsi="http://www.w3.org/2001/XMLSchema-instance" xsi:noNamespaceSchemaLocation="http://formex.publications.europa.eu/schema/formex-06.02.1-20231031.xd" NNC="YES"><BIB.INSTANCE><DOCUMENT.REF FILE="L_202402981EN.doc.fmx.xml"><COLL>L</COLL><NO.DOC FORMAT="YN" TYPE="OJ"><COM>EU</COM><YEAR>2024</YEAR><NO.CURRENT>2981</NO.CURRENT></NO.DOC><LG.OJ>EN</LG.OJ><PAGE.FIRST>1</PAGE.FIRST><PAGE.SEQ>1</PAGE.SEQ><VOLUME.REF>01</VOLUME.REF></DOCUMENT.REF><DATE ISO="20241128">20241128</DATE><LG.DOC>EN</LG.DOC><NO.SEQ>0001.0001</NO.SEQ><PAGE.FIRST>18</PAGE.FIRST><PAGE.SEQ>1</PAGE.SEQ><PAGE.LAST>30</PAGE.LAST><PAGE.TOTAL>13</PAGE.TOTAL></BIB.INSTANCE><TITLE><TI><P>ANNEX I</P></TI><STI><P><HT TYPE="BOLD">RISK REGISTER FOR EUROPEAN DIGITAL IDENTITY WALLETS</HT></P></STI></TITLE><CONTENTS><GR.SEQ LEVEL="1"><TITLE><TI><P><HT TYPE="BOLD">Introduction</HT></P></TI></TITLE><P>The risk register describes the main security and privacy risks and threats that apply to wallets, and which shall be properly addressed in every architecture and implementation of wallets. The <HT TYPE="BOLD">high-level risks</HT> (Section I) are related to the use of wallets by users and relying parties, and they are associated to direct threats targeting the assets of wallets. In addition, a few <HT TYPE="BOLD">system-level risks</HT> (Section II) to wallets are identified, which would typically result from a combination of threats applying to the entire wallet system.</P><TBL COLS="3" NO.SEQ="0001"><CORPUS><ROW TYPE="HEADER"><CELL COL="1" TYPE="HEADER">Risk type</CELL><CELL COL="2" TYPE="HEADER">Risk ID</CELL><CELL COL="3" TYPE="HEADER">Related risk titles</CELL></ROW><ROW><CELL COL="1" ROWSPAN="14"><HT TYPE="BOLD">High-level risks to the wallets</HT></CELL><CELL COL="2">R1</CELL><CELL COL="3">Creation or use of an existing electronic identity</CELL></ROW><ROW><CELL COL="2">R2</CELL><CELL COL="3">Creation or use of a fake electronic identity</CELL></ROW><ROW><CELL COL="2">R3</CELL><CELL COL="3">Creation or use of fake attributes</CELL></ROW><ROW><CELL COL="2">R4</CELL><CELL COL="3">Identify theft</CELL></ROW><ROW><CELL COL="2">R5</CELL><CELL COL="3">Data theft</CELL></ROW><ROW><CELL COL="2">R6</CELL><CELL COL="3">Data disclosure</CELL></ROW><ROW><CELL COL="2">R7</CELL><CELL COL="3">Data manipulation</CELL></ROW><ROW><CELL COL="2">R8</CELL><CELL COL="3">Data loss</CELL></ROW><ROW><CELL COL="2">R9</CELL><CELL COL="3">Unauthorised transaction</CELL></ROW><ROW><CELL COL="2">R10</CELL><CELL COL="3">Transaction manipulation</CELL></ROW><ROW><CELL COL="2">R11</CELL><CELL COL="3">Repudiation</CELL></ROW><ROW><CELL COL="2">R12</CELL><CELL COL="3">Transaction data disclosure</CELL></ROW><ROW><CELL COL="2">R13</CELL><CELL COL="3">Service disruption</CELL></ROW><ROW><CELL COL="2">R14</CELL><CELL COL="3">Surveillance</CELL></ROW><ROW><CELL COL="1" ROWSPAN="3"><HT TYPE="BOLD">System-related risks</HT></CELL><CELL COL="2">SR1</CELL><CELL COL="3">Wholesale surveillance</CELL></ROW><ROW><CELL COL="2">SR2</CELL><CELL COL="3">Reputational damage</CELL></ROW><ROW><CELL COL="2">SR3</CELL><CELL COL="3">Legal non-compliance</CELL></ROW></CORPUS></TBL><P>The register also identifies <HT TYPE="BOLD">technical threats</HT> (Section III) targeting the implementation of the wallet solution. These threats are related to the high-level risks in the sense that each one of them could be used to trigger many high-level risks.</P><TBL COLS="4" NO.SEQ="0002"><CORPUS><ROW TYPE="HEADER"><CELL COL="1" TYPE="HEADER">Threat type</CELL><CELL COL="2" TYPE="HEADER">Threat ID</CELL><CELL COL="3" TYPE="HEADER">Related threat titles</CELL><CELL COL="4" TYPE="HEADER">Subcategories of threats</CELL></ROW><ROW><CELL COL="1" ROWSPAN="18"><HT TYPE="BOLD">Technical threat</HT></CELL><CELL COL="2" ROWSPAN="3">TT1</CELL><CELL COL="3" ROWSPAN="3">Physical attacks</CELL><CELL COL="4"><NP><NO.P>1.1</NO.P><TXT><HT TYPE="ITALIC">Theft</HT></TXT></NP></CELL></ROW><ROW><CELL COL="4"><NP><NO.P>1.2</NO.P><TXT><HT TYPE="ITALIC">Information leakage</HT></TXT></NP></CELL></ROW><ROW><CELL COL="4"><NP><NO.P>1.3</NO.P><TXT><HT TYPE="ITALIC">Tampering</HT></TXT></NP></CELL></ROW><ROW><CELL COL="2" ROWSPAN="3">TT2</CELL><CELL COL="3" ROWSPAN="3">Errors and misconfigurations</CELL><CELL COL="4"><NP><NO.P>2.1</NO.P><TXT><HT TYPE="ITALIC">Errors made when managing an IT system</HT></TXT></NP></CELL></ROW><ROW><CELL COL="4"><NP><NO.P>2.2</NO.P><TXT><HT TYPE="ITALIC">Application-level errors or usage errors</HT></TXT></NP></CELL></ROW><ROW><CELL COL="4"><NP><NO.P>2.3</NO.P><TXT><HT TYPE="ITALIC">Development-time errors and system misconfigurations</HT></TXT></NP></CELL></ROW><?PAGE NO="19"?><ROW><CELL COL="2">TT3</CELL><CELL COL="3">Use of unreliable resources</CELL><CELL COL="4"><NP><NO.P>3.1</NO.P><TXT><HT TYPE="ITALIC">Erroneous use or configuration of wallet components</HT></TXT></NP></CELL></ROW><ROW><CELL COL="2" ROWSPAN="3">TT4</CELL><CELL COL="3" ROWSPAN="3">Failure and outages</CELL><CELL COL="4"><NP><NO.P>4.1</NO.P><TXT><HT TYPE="ITALIC">Failure or dysfunction of equipment, devices or systems</HT></TXT></NP></CELL></ROW><ROW><CELL COL="4"><NP><NO.P>4.2</NO.P><TXT><HT TYPE="ITALIC">Loss of resources</HT></TXT></NP></CELL></ROW><ROW><CELL COL="4"><NP><NO.P>4.3</NO.P><TXT><HT TYPE="ITALIC">Loss of support services</HT></TXT></NP></CELL></ROW><ROW><CELL COL="2" ROWSPAN="8">TT5</CELL><CELL COL="3" ROWSPAN="8">Malicious actions</CELL><CELL COL="4"><NP><NO.P>5.1</NO.P><TXT><HT TYPE="ITALIC">Interception of information</HT></TXT></NP></CELL></ROW><ROW><CELL COL="4"><NP><NO.P>5.2</NO.P><TXT><HT TYPE="ITALIC">Phishing and spoofing</HT></TXT></NP></CELL></ROW><ROW><CELL COL="4"><NP><NO.P>5.3</NO.P><TXT><HT TYPE="ITALIC">Replay of messages</HT></TXT></NP></CELL></ROW><ROW><CELL COL="4"><NP><NO.P>5.4</NO.P><TXT><HT TYPE="ITALIC">Brute-force attack</HT></TXT></NP></CELL></ROW><ROW><CELL COL="4"><NP><NO.P>5.5</NO.P><TXT><HT TYPE="ITALIC">Software vulnerabilities</HT></TXT></NP></CELL></ROW><ROW><CELL COL="4"><NP><NO.P>5.6</NO.P><TXT><HT TYPE="ITALIC">Supply chain attacks</HT></TXT></NP></CELL></ROW><ROW><CELL COL="4"><NP><NO.P>5.7</NO.P><TXT><HT TYPE="ITALIC">Malware</HT></TXT></NP></CELL></ROW><ROW><CELL COL="4"><NP><NO.P>5.8</NO.P><TXT><HT TYPE="ITALIC">Random number prediction</HT></TXT></NP></CELL></ROW></CORPUS></TBL><P>Finally, the register <HT TYPE="BOLD">lists direct threats to the wallets</HT>, and each one is associated to a (non-exhaustive) selection of risks (Section IV).</P><GR.SEQ LEVEL="2"><TITLE><TI><P><HT TYPE="ITALIC">SECTION I</HT></P></TI><STI><P><HT TYPE="BOLD"><HT TYPE="ITALIC">High-level risks to the wallets</HT></HT></P></STI></TITLE><TBL COLS="1" NO.SEQ="0003"><CORPUS><ROW><CELL COL="1"><HT TYPE="BOLD">R1. Creation or use of an existing electronic identity</HT></CELL></ROW><ROW><CELL COL="1">Creation or use of an existing electronic identity is defined as the creation of an electronic identity in a wallet that exists in the real world and is assigned to another user. By essence, this risk leads to the risks of Identity theft (R4), and Unauthorised transactions (R9).</CELL></ROW><ROW><CELL COL="1"><HT TYPE="BOLD">R2. Creation or use of a fake electronic identity</HT></CELL></ROW><ROW><CELL COL="1">Creation or use of a fake electronic identity is defined as the creation of an electronic identity in a wallet that does not exist in the real world.</CELL></ROW><ROW><CELL COL="1"><HT TYPE="BOLD">R3. Creation or use of fake attributes</HT></CELL></ROW><ROW><CELL COL="1">Creation or use of fake attributes is defined as the creation or use of attributes that cannot be validated to be issued by the claimed provider and cannot be trusted.</CELL></ROW><ROW><CELL COL="1"><HT TYPE="BOLD">R4. Identify theft</HT></CELL></ROW><ROW><CELL COL="1">Identity theft is defined as the unauthorised acquisition of the wallet unit or loss of authentication factors enabling to impersonate a person.</CELL></ROW><ROW><CELL COL="1"><HT TYPE="BOLD">R5. Data theft</HT></CELL></ROW><ROW><CELL COL="1">Data theft is defined as the unauthorised extraction of data. Data theft is also associated to threats, such as data interception (unauthorised capture of data in transit) and data decryption (unauthorised decoding of encrypted data), which are likely to lead in some cases to Data disclosure (R6).</CELL></ROW><?PAGE NO="20"?><ROW><CELL COL="1"><HT TYPE="BOLD">R6. Data disclosure</HT></CELL></ROW><ROW><CELL COL="1">Data disclosure is defined as the unauthorised exposure of personal data including special categories of personal data. The privacy breach risk is very similar when considered from a privacy rather than security viewpoint.</CELL></ROW><ROW><CELL COL="1"><HT TYPE="BOLD">R7. Data manipulation</HT></CELL></ROW><ROW><CELL COL="1">Data manipulation is defined as the unauthorised alteration of data.</CELL></ROW><ROW><CELL COL="1"><HT TYPE="BOLD">R8. Data loss</HT></CELL></ROW><ROW><CELL COL="1">Data loss is defined as the situation where data stored in the wallet is lost through misuse or malicious action. This risk is often a secondary risk of Data manipulation (R7) or Service disruption (R13), where all or part of the data cannot be restored.</CELL></ROW><ROW><CELL COL="1"><HT TYPE="BOLD">R9. Unauthorised transaction</HT></CELL></ROW><ROW><CELL COL="1">Unauthorised transactions are defined as operational activities conducted without the permission or knowledge of the wallet user. In many cases, an unauthorised transaction can lead to Identity theft (R4) or Data disclosure (R6). It is also related to unauthorised transactions, such as the misuse of cryptographic keys.</CELL></ROW><ROW><CELL COL="1"><HT TYPE="BOLD">R10. Transaction manipulation</HT></CELL></ROW><ROW><CELL COL="1">Transaction manipulation is defined as the unauthorised alteration of operations in the wallet. Transaction manipulation is an attack on integrity, and it is related to a data integrity breach.</CELL></ROW><ROW><CELL COL="1"><HT TYPE="BOLD">R11. Repudiation</HT></CELL></ROW><ROW><CELL COL="1">Repudiation is defined as a situation where a stakeholder can deny performing an action or being involved in a transaction, and other stakeholders do not have proper evidence to contradict them.</CELL></ROW><ROW><CELL COL="1"><HT TYPE="BOLD">R12. Transaction data disclosure</HT></CELL></ROW><ROW><CELL COL="1">Transaction data disclosure is defined as the disclosure of information related to information on a transaction between stakeholders.</CELL></ROW><ROW><CELL COL="1"><HT TYPE="BOLD">R13. Service disruption</HT></CELL></ROW><ROW><CELL COL="1">Service disruption is defined as an interruption or degradation in the normal operation of the wallet. A specific kind of service disruption is user lock-out, defined as the inability of a user to access their account or their wallet.</CELL></ROW><ROW><CELL COL="1"><HT TYPE="BOLD">R14. Surveillance</HT></CELL></ROW><ROW><CELL COL="1">Surveillance, or monitoring, is defined as the unauthorised tracking or observation of a wallet user’s activities, communication, or data. Surveillance is often related to inference, which is defined as the deduction of sensitive or personal information from seemingly innocuous data.</CELL></ROW></CORPUS></TBL></GR.SEQ><GR.SEQ LEVEL="2"><TITLE><TI><P><HT TYPE="ITALIC">SECTION II</HT></P></TI><STI><P><HT TYPE="BOLD"><HT TYPE="ITALIC">System-related risks</HT></HT></P></STI></TITLE><P>These risks are not used in the list of threats, as they are usually the consequence of multiple threats, repeated in a way that threatens the full system.</P><TBL COLS="1" NO.SEQ="0004"><CORPUS><ROW><CELL COL="1"><HT TYPE="BOLD">SR1. Wholesale surveillance</HT></CELL></ROW><ROW><CELL COL="1">Wholesale surveillance is defined as the tracking or observation of the activities of many users through their wallet’s communication or data. Wholesale surveillance is often associated to surveillance (R14) and inference at a global scale, where information about many users is combined to deduce sensitive or personal data about users or to identify statistical trends that can be used to design further attacks.</CELL></ROW><?PAGE NO="21"?><ROW><CELL COL="1"><HT TYPE="BOLD">SR2. Reputational damage</HT></CELL></ROW><ROW><CELL COL="1">Reputational damage is defined as the harm caused to an organisation’s or governmental body’s reputation. Reputational damage will also stem from other risks when a breach or incident is covered by media and paints the organisation under an unfavourable light. Reputational damage can lead to further risks, such as loss of trust, stemming from the user’s reasonable doubts, and loss of ecosystem, when the full ecosystem collapses.</CELL></ROW><ROW><CELL COL="1"><HT TYPE="BOLD">SR3. Legal non-compliance</HT></CELL></ROW><ROW><CELL COL="1">Legal non-compliance is defined as a situation when relevant laws, regulations or standards cannot be adhered to. In the context of the wallet, as security and privacy of the solution are legal requirements, all threats are likely to lead to some kind of legal non-compliance.</CELL></ROW></CORPUS></TBL></GR.SEQ><GR.SEQ LEVEL="2"><TITLE><TI><P><HT TYPE="ITALIC">SECTION III</HT></P></TI><STI><P><HT TYPE="BOLD"><HT TYPE="ITALIC">Technical threats</HT></HT></P></STI></TITLE><P>The technical threats are not all linked to specific risks on the wallets, because many of them are means that could be used to implement attacks corresponding to many different risks.</P><TBL COLS="1" NO.SEQ="0005"><CORPUS><ROW><CELL COL="1"><HT TYPE="BOLD">TT1. Physical attacks</HT></CELL></ROW><ROW><CELL COL="1"><GR.SEQ LEVEL="3"><TITLE><TI><NP><NO.P>1.1</NO.P><TXT><HT TYPE="ITALIC">Theft</HT></TXT></NP></TI></TITLE><P>Theft is defined as the theft of devices that may alter the wallet’s proper functioning (in case the device is stolen and the wallet unit is not adequately protected). This may contribute to many risks, including Identity theft (R4), Data theft (R5), and Unauthorised transactions (R9).</P></GR.SEQ></CELL></ROW><ROW><CELL COL="1"><GR.SEQ LEVEL="3"><TITLE><TI><NP><NO.P>1.2</NO.P><TXT><HT TYPE="ITALIC">Information leakage</HT></TXT></NP></TI></TITLE><P>Information leakage is defined as unauthorised access, information exposure, or sharing after physical access to the wallet. This may contribute in particular to Data Disclosure (R6) and Data theft (R5).</P></GR.SEQ></CELL></ROW><ROW><CELL COL="1"><GR.SEQ LEVEL="3"><TITLE><TI><NP><NO.P>1.3</NO.P><TXT><HT TYPE="ITALIC">Tampering</HT></TXT></NP></TI></TITLE><P>Tampering is defined as violating the integrity of one or multiple components of the wallet unit, or of the components the wallet unit relies on, e.g., the user device or its operating system. This may contribute in particular to Data manipulation (R7), Data loss (R8) and Transaction manipulation (R10). When tampering targets software components, it may contribute to many risks.</P></GR.SEQ></CELL></ROW><ROW><CELL COL="1"><HT TYPE="BOLD">TT2. Errors and misconfigurations</HT></CELL></ROW><ROW><CELL COL="1"><GR.SEQ LEVEL="3"><TITLE><TI><NP><NO.P>2.1</NO.P><TXT><HT TYPE="ITALIC">Errors made when managing an IT system</HT></TXT></NP></TI></TITLE><P>Errors made when managing an IT system are defined as information leakage, sharing or damage caused by misuse of IT assets by users (lack of awareness of application features) or by improper configuration or management of IT assets.</P></GR.SEQ></CELL></ROW><ROW><CELL COL="1"><GR.SEQ LEVEL="3"><TITLE><TI><NP><NO.P>2.2</NO.P><TXT><HT TYPE="ITALIC">Application-level errors or usage errors</HT></TXT></NP></TI></TITLE><P>Application-level errors or usage errors are defined as dysfunctions of the application due to an error in the application itself or to an error by one of the users (wallet users and relying parties).</P></GR.SEQ></CELL></ROW><ROW><CELL COL="1"><GR.SEQ LEVEL="3"><TITLE><TI><NP><NO.P>2.3</NO.P><TXT><HT TYPE="ITALIC">Development-time errors and system misconfigurations</HT></TXT></NP></TI></TITLE><P>Development-time errors and system misconfigurations are defined as dysfunction or vulnerabilities caused by improperly developed or configured IT assets or business processes (inadequate specifications of IT products, inadequate usability, insecure interfaces, improper policy and procedure flows, design errors).</P></GR.SEQ></CELL></ROW><ROW><CELL COL="1"><HT TYPE="BOLD">TT3. Use of unreliable resources</HT></CELL></ROW><ROW><CELL COL="1">The use of unreliable resources is defined as an activity leading to unintentional damage due to ill-defined trust relationships, such as trusting a third-party provider without sufficient assurance.</CELL></ROW><?PAGE NO="22"?><ROW><CELL COL="1"><GR.SEQ LEVEL="3"><TITLE><TI><NP><NO.P>3.1</NO.P><TXT><HT TYPE="ITALIC">Erroneous use or configuration of wallet components</HT></TXT></NP></TI></TITLE><P>An erroneous use or configuration of wallet components is defined as unintentional damage to wallet components due to an erroneous use or misconfiguration by wallet users or by insufficiently trained developers, or due to lack of adaptation to changes in the threat landscape, typically the use of vulnerable third-party components or runtime platforms.</P></GR.SEQ></CELL></ROW><ROW><CELL COL="1"><HT TYPE="BOLD">TT4. Failure and outages</HT></CELL></ROW><ROW><CELL COL="1"><GR.SEQ LEVEL="3"><TITLE><TI><NP><NO.P>4.1</NO.P><TXT><HT TYPE="ITALIC">Failure or dysfunction of equipment, devices or systems</HT></TXT></NP></TI></TITLE><P>A failure or dysfunction of equipment is defined as unintentional damage to IT assets due to a failure or dysfunction of equipment, including the provider’s infrastructure and the user devices.</P></GR.SEQ></CELL></ROW><ROW><CELL COL="1"><GR.SEQ LEVEL="3"><TITLE><TI><NP><NO.P>4.2</NO.P><TXT><HT TYPE="ITALIC">Loss of resources</HT></TXT></NP></TI></TITLE><P>The loss of resources is defined as an outage or dysfunction due to unavailability of such resources, e.g., as maintenance parts.</P></GR.SEQ></CELL></ROW><ROW><CELL COL="1"><GR.SEQ LEVEL="3"><TITLE><TI><NP><NO.P>4.3</NO.P><TXT><HT TYPE="ITALIC">Loss of support services</HT></TXT></NP></TI></TITLE><P>The loss of support services is defined as an outage or dysfunction due to unavailability of support services required for proper operation of the system, including network connectivity of the provider’s infrastructure and of the user device.</P></GR.SEQ></CELL></ROW><ROW><CELL COL="1"><HT TYPE="BOLD">TT5. Malicious actions</HT></CELL></ROW><ROW><CELL COL="1"><GR.SEQ LEVEL="3"><TITLE><TI><NP><NO.P>5.1</NO.P><TXT><HT TYPE="ITALIC">Interception of information</HT></TXT></NP></TI></TITLE><P>The interception of information is defined as the capture of information improperly secured in transmission, including man-in-the-middle attacks.</P></GR.SEQ></CELL></ROW><ROW><CELL COL="1"><GR.SEQ LEVEL="3"><TITLE><TI><NP><NO.P>5.2</NO.P><TXT><HT TYPE="ITALIC">Phishing and spoofing</HT></TXT></NP></TI></TITLE><P>Phishing is defined as the capture of information provided by the user following a deceptive interaction, often associate to the spoofing of legitimate communication means and websites. These threats target the user and typically contribute to Identity theft (R4) and Unauthorised transactions (R9), often through Data theft (R5) or Data disclosure (R6).</P></GR.SEQ></CELL></ROW><ROW><CELL COL="1"><GR.SEQ LEVEL="3"><TITLE><TI><NP><NO.P>5.3</NO.P><TXT><HT TYPE="ITALIC">Replay of messages</HT></TXT></NP></TI></TITLE><P>Replay of messages is defined as the reuse of previously intercepted messages to perform unauthorised transactions, often at protocol level. This technical threat mainly contributes to unauthorised transactions, which may then lead to other risks, depending on the transaction.</P></GR.SEQ></CELL></ROW><ROW><CELL COL="1"><GR.SEQ LEVEL="3"><TITLE><TI><NP><NO.P>5.4</NO.P><TXT><HT TYPE="ITALIC">Brute-force attack</HT></TXT></NP></TI></TITLE><P>Brute-force attack is defined as a breach of security, often confidentiality, by performing a large number of interactions until the responses provide valuable information.</P></GR.SEQ></CELL></ROW><ROW><CELL COL="1"><GR.SEQ LEVEL="3"><TITLE><TI><NP><NO.P>5.5</NO.P><TXT><HT TYPE="ITALIC">Software vulnerabilities</HT></TXT></NP></TI></TITLE><P>The threat related to software vulnerabilities is a breach of security through exploitation of a software vulnerability in the components of the wallet or in the software and hardware components used in the implementation of the wallet, including published vulnerabilities and unpublished (0-day) vulnerabilities.</P></GR.SEQ></CELL></ROW><ROW><CELL COL="1"><GR.SEQ LEVEL="3"><TITLE><TI><NP><NO.P>5.6</NO.P><TXT><HT TYPE="ITALIC">Supply chain attacks</HT></TXT></NP></TI></TITLE><P>A supply chain attack is defined as a breach of security through attacks perpetrated on the supplier of the wallet provider or of its users to enable further attacks on the wallet itself.</P></GR.SEQ></CELL></ROW><ROW><CELL COL="1"><GR.SEQ LEVEL="3"><TITLE><TI><NP><NO.P>5.7</NO.P><TXT><HT TYPE="ITALIC">Malware</HT></TXT></NP></TI></TITLE><P>Malware is defined as a breach of security through malicious applications performing unwanted and illegitimate actions on the wallet.</P></GR.SEQ></CELL></ROW><ROW><CELL COL="1"><GR.SEQ LEVEL="3"><TITLE><TI><NP><NO.P>5.8</NO.P><TXT><HT TYPE="ITALIC">Random number prediction</HT></TXT></NP></TI></TITLE><P>Random number prediction is defined as the enablement of brute-force attacks through partial or complete prediction of generated random numbers.</P></GR.SEQ></CELL></ROW></CORPUS></TBL></GR.SEQ><?PAGE NO="23"?><GR.SEQ LEVEL="2"><TITLE><TI><P><HT TYPE="ITALIC">SECTION IV</HT></P></TI><STI><P><HT TYPE="BOLD"><HT TYPE="ITALIC">Threats to the wallets</HT></HT></P></STI></TITLE><P>This last section presents a selection of typical threat scenarios specific to the wallets, which are mapped to the key related high-level risks, as listed above. This list indicates threats that need to be covered, but it does not constitute an exhaustive list of threats, which depends greatly on the architecture of the selected wallet solution and on the evolution of the threat environment. Additionally, in the risk assessment and proposed measures, the wallet provider can only be responsible for those components in scope of certification (*).</P><TBL COLS="3" NO.SEQ="0006"><CORPUS><ROW TYPE="HEADER"><CELL COL="1" TYPE="HEADER"><P>ID</P><P><HT TYPE="ITALIC">Identifier</HT></P></CELL><CELL COL="2" TYPE="HEADER"><P>Threat description</P><P><HT TYPE="ITALIC">Description of the identified threat</HT> (*)</P></CELL><CELL COL="3" TYPE="HEADER"><P>Risk title</P><P><HT TYPE="ITALIC">Related risks</HT></P></CELL></ROW><ROW><CELL COL="1">TR1</CELL><CELL COL="2">An attacker can revoke pseudonyms without justified reason.</CELL><CELL COL="3">Creation or use of a fake electronic identity (R2)</CELL></ROW><ROW><CELL COL="1">TR2</CELL><CELL COL="2">An attacker can issue fabricated electronic identities that do not exist.</CELL><CELL COL="3">Creation or use of a fake electronic identity (R2)</CELL></ROW><ROW><CELL COL="1">TR3</CELL><CELL COL="2">An attacker can start to issue unauthorised PIDs.</CELL><CELL COL="3">Creation or use of a fake electronic identity (R2)</CELL></ROW><ROW><CELL COL="1">TR4</CELL><CELL COL="2">An attacker can get an administrator to enter a wrong PID provider into the PID provider trusted list.</CELL><CELL COL="3">Creation or use of a fake electronic identity (R2)</CELL></ROW><ROW><CELL COL="1">TR5</CELL><CELL COL="2">An attacker can bypass the remote identity proofing service.</CELL><CELL COL="3">Creation or use of an existing electronic identity (R1) / Creation or use of a fake electronic identity (R2)</CELL></ROW><ROW><CELL COL="1">TR6</CELL><CELL COL="2">An attacker can bypass the physical identity proofing service.</CELL><CELL COL="3">Creation or use of an existing electronic identity (R1) / Creation or use of a fake electronic identity (R2)</CELL></ROW><ROW><CELL COL="1">TR7</CELL><CELL COL="2">An attacker can bypass the identity proofing services related to the use of a remote (qualified) certificate.</CELL><CELL COL="3">Creation or use of an existing electronic identity (R1) / Creation or use of a fake electronic identity (R2)</CELL></ROW><ROW><CELL COL="1">TR8</CELL><CELL COL="2">An attacker can get access to a wallet that is not bound to a person.</CELL><CELL COL="3">Creation or use of an existing electronic identity (R1) / Creation or use of a fake electronic identity (R2)</CELL></ROW><ROW><CELL COL="1">TR9</CELL><CELL COL="2">An attacker can defeat technical and procedural controls to create wrong PIDs.</CELL><CELL COL="3">Creation or use of an existing electronic identity (R1) / Creation or use of a fake electronic identity (R2)</CELL></ROW><ROW><CELL COL="1">TR10</CELL><CELL COL="2">An attacker can activate a new wallet on an invalid WSCD.</CELL><CELL COL="3">Creation or use of an existing electronic identity (R1) / Creation or use of a fake electronic identity (R2)</CELL></ROW><ROW><CELL COL="1">TR11</CELL><CELL COL="2">An attacker can bypass the identity proofing service related to the use of existing eID means.</CELL><CELL COL="3">Creation or use of an existing electronic identity (R1) / Identify theft (R4) / Unauthorised transaction (R9)</CELL></ROW><ROW><CELL COL="1">TR12</CELL><CELL COL="2">An attacker can circumvent the verification by the PID provider that the wallet is controlled by the user and have a PID issued into a compromised wallet under the attacker’s control.</CELL><CELL COL="3">Creation or use of an existing electronic identity (R1) / Identify theft (R4) / Unauthorised transaction (R9)</CELL></ROW><?PAGE NO="24"?><ROW><CELL COL="1">TR13</CELL><CELL COL="2">An attacker can get a valid PID into an invalid wallet unit.</CELL><CELL COL="3">Creation or use of an existing electronic identity (R1) / Identify theft (R4) / Unauthorised transaction (R9)</CELL></ROW><ROW><CELL COL="1">TR14</CELL><CELL COL="2">A PID provider can issue fabricated identities where the identity is related to an existing person.</CELL><CELL COL="3">Creation or use of an existing electronic identity (R1) / Identity theft (R4) / Unauthorised transaction (R9)</CELL></ROW><ROW><CELL COL="1">TR15</CELL><CELL COL="2">An attacker can link a PID with the wrong wallet because the PID provider is not able to link the PID to the correct wallet.</CELL><CELL COL="3">Creation or use of an existing electronic identity (R1) / Identify theft (R4) / Unauthorised transaction (R9)</CELL></ROW><ROW><CELL COL="1">TR16</CELL><CELL COL="2">An attacker can make the user approving the activation of a new wallet unit/instance under the attacker’s control – with subsequent control of attestations as well.</CELL><CELL COL="3">Creation or use of an existing electronic identity (R1) / Creation or use of a fake electronic identity (R2) / Identify theft (R4) / Unauthorised transaction (R9)</CELL></ROW><ROW><CELL COL="1">TR17</CELL><CELL COL="2">An attacker can issue a PID of another state to access data / digital assets of targeted citizens.</CELL><CELL COL="3">Creation or use of an existing electronic identity (R1) / Identity theft (R4) / Unauthorised transaction (R9)</CELL></ROW><ROW><CELL COL="1">TR18</CELL><CELL COL="2">An attacker can defeat technical and procedural controls to create fake (Q)EAAs.</CELL><CELL COL="3">Creation or use of fake attributes (R3)</CELL></ROW><ROW><CELL COL="1">TR19</CELL><CELL COL="2">An attacker can present (Q)EAAs that are not validly issued to them.</CELL><CELL COL="3">Creation or use of fake attributes (R3)</CELL></ROW><ROW><CELL COL="1">TR20</CELL><CELL COL="2">An attacker can attack the cryptographic linking mechanism of the wallet between the PID and a (Q)EAA that should not be issued to them.</CELL><CELL COL="3">Creation or use of fake attributes (R3)</CELL></ROW><ROW><CELL COL="1">TR21</CELL><CELL COL="2">An attacker can use a (Q)EAA in a wallet, although the physical counterpart of the (Q)EAA is expired or invalid.</CELL><CELL COL="3">Creation or use of fake attributes (R3)</CELL></ROW><ROW><CELL COL="1">TR22</CELL><CELL COL="2">An attacker can circumvent the verification by the (Q)EAA provider that the wallet is in control of the user and have a (Q)EAA issued into a compromised wallet under the attacker’s control.</CELL><CELL COL="3">Creation or use of fake attributes (R3)</CELL></ROW><ROW><CELL COL="1">TR23</CELL><CELL COL="2">An attacker can forge electronic attestations of attributes.</CELL><CELL COL="3">Creation or use of fake attributes (R3)</CELL></ROW><ROW><CELL COL="1">TR24</CELL><CELL COL="2">An attacker can inject forged electronic attestations of attributes into a wallet.</CELL><CELL COL="3">Creation or use of fake attributes (R3)</CELL></ROW><ROW><CELL COL="1">TR25</CELL><CELL COL="2">The wallet can present attributes to a relying party without the approval of a user.</CELL><CELL COL="3">Data disclosure (R6)</CELL></ROW><ROW><CELL COL="1">TR26</CELL><CELL COL="2">PID, (Q)EAAs or pseudonyms can be presented to a wrong relying party.</CELL><CELL COL="3">Data disclosure (R6)</CELL></ROW><ROW><CELL COL="1">TR27</CELL><CELL COL="2">An attacker can initiate a malicious renewal of EAA.</CELL><CELL COL="3">Data disclosure (R6)</CELL></ROW><ROW><CELL COL="1">TR28</CELL><CELL COL="2">An attacker can get a user into wrongfully approving a request for electronic attestations of attributes (phishing or other).</CELL><CELL COL="3">Data disclosure (R6)</CELL></ROW><?PAGE NO="25"?><ROW><CELL COL="1">TR29</CELL><CELL COL="2">An attacker can leak attributes from the wallet and identify the wallet user where identification is not required/allowed.</CELL><CELL COL="3">Data disclosure (R6)</CELL></ROW><ROW><CELL COL="1">TR30</CELL><CELL COL="2">An attacker can defeat technical and procedural controls to extract data.</CELL><CELL COL="3">Data disclosure (R6)</CELL></ROW><ROW><CELL COL="1">TR31</CELL><CELL COL="2">A request can be leaked to an attacker.</CELL><CELL COL="3">Data disclosure (R6)</CELL></ROW><ROW><CELL COL="1">TR32</CELL><CELL COL="2">An attacker can obtain knowledge on the embedded disclosure policy for attributes and present attributes contained in the current request by wallet units.</CELL><CELL COL="3">Data disclosure (R6)</CELL></ROW><ROW><CELL COL="1">TR33</CELL><CELL COL="2">An attacker can extract logs, or parts of them.</CELL><CELL COL="3">Data disclosure (R6)</CELL></ROW><ROW><CELL COL="1">TR34</CELL><CELL COL="2">An attacker can know whether a wallet is installed on the same device he is using, or on another one, and get information on it.</CELL><CELL COL="3">Data disclosure (R6)</CELL></ROW><ROW><CELL COL="1">TR35</CELL><CELL COL="2">An attacker can obtain a knowledge factor used for user authenticating to the WSCA.</CELL><CELL COL="3">Data disclosure (R6)</CELL></ROW><ROW><CELL COL="1">TR36</CELL><CELL COL="2">The electronic attestation of attributes about a person that is presented in multiple transactions with a relying party, or across different relying parties, unintentionally allows to link multiple transactions to the relevant person.</CELL><CELL COL="3">Data disclosure (R6)</CELL></ROW><ROW><CELL COL="1">TR37</CELL><CELL COL="2">A public attestation/relying party revocation list can contain information about the user’s usage of their attestation (e.g. location, IP address …).</CELL><CELL COL="3">Data disclosure (R6)</CELL></ROW><ROW><CELL COL="1">TR38</CELL><CELL COL="2">Not being able to prove user’s consent for shared attributes, relying parties can affect the integrity of logs.</CELL><CELL COL="3">Data disclosure (R6)</CELL></ROW><ROW><CELL COL="1">TR39</CELL><CELL COL="2">An attacker can unlawfully trace wallet users using unique/traceable identifiers.</CELL><CELL COL="3">Data disclosure (R6) / Surveillance (R14)</CELL></ROW><ROW><CELL COL="1">TR40</CELL><CELL COL="2">A relying party that consists of multiple units/entities that each have a different scope of what they are allowed to request/process, can request and process data for which they do not have lawful grounds for.</CELL><CELL COL="3">Data disclosure (R6) / Unauthorised transaction (R9)</CELL></ROW><ROW><CELL COL="1">TR41</CELL><CELL COL="2">An attacker can subvert the integrity and authenticity checks by the wallet of PIDs to always return success.</CELL><CELL COL="3">Data manipulation (R7)</CELL></ROW><ROW><CELL COL="1">TR42</CELL><CELL COL="2">An attacker can bypass or subvert the performance of checks by the wallet that verify the integrity and authenticity of requested attributes to always return success.</CELL><CELL COL="3">Data manipulation (R7)</CELL></ROW><ROW><CELL COL="1">TR43</CELL><CELL COL="2">An attacker can bypass or subvert the performance of checks by the wallet that verify all requested attributes belonging to the same user to always return success.</CELL><CELL COL="3">Data manipulation (R7)</CELL></ROW><ROW><CELL COL="1">TR44</CELL><CELL COL="2">An attacker can bypass or subvert the performance of checks by the wallet that verify the PID is valid and issued by a trusted PID provider to always return success.</CELL><CELL COL="3">Data manipulation (R7)</CELL></ROW><?PAGE NO="26"?><ROW><CELL COL="1">TR45</CELL><CELL COL="2">An attacker can bypass or subvert the performance of checks by the wallet that verify that a QEAA is valid and issued by a qualified TSP, who is registered to issue the QEAA, to always return success.</CELL><CELL COL="3">Data manipulation (R7)</CELL></ROW><ROW><CELL COL="1">TR46</CELL><CELL COL="2">An attacker can bypass or subvert the performance of checks by the wallet that verify whether the PID has been revoked by the PID provider to always return success.</CELL><CELL COL="3">Data manipulation (R7)</CELL></ROW><ROW><CELL COL="1">TR47</CELL><CELL COL="2">An attacker can bypass or subvert the performance of checks by the wallet that verify whether the (Q)EAA has been revoked by the (Q)EAA provider to always return success.</CELL><CELL COL="3">Data manipulation (R7)</CELL></ROW><ROW><CELL COL="1">TR48</CELL><CELL COL="2">An attacker can modify the content of backup and recovery data that should be exclusively under the user’s control.</CELL><CELL COL="3">Data manipulation (R7) / Data loss (R8)</CELL></ROW><ROW><CELL COL="1">TR49</CELL><CELL COL="2">An attacker can modify the transaction history for a given wallet instance from the activity logs.</CELL><CELL COL="3">Data manipulation (R7) / Data loss (R8)</CELL></ROW><ROW><CELL COL="1">TR50</CELL><CELL COL="2">An attacker can eavesdrop during the connection from the wallet to relying parties.</CELL><CELL COL="3">Data theft (R5) / Data disclosure (R6)</CELL></ROW><ROW><CELL COL="1">TR51</CELL><CELL COL="2">An attacker can convince a user to share personal data (i.e. PID, EAA-s, pseudonyms, electronic signatures, logs and other data) with the attacker or with a third party that the user did not intend to do so.</CELL><CELL COL="3">Data theft (R5) / Data disclosure (R6)</CELL></ROW><ROW><CELL COL="1">TR52</CELL><CELL COL="2">An attacker can read the transaction history for a given wallet instance from the activity logs.</CELL><CELL COL="3">Data theft (R5) / Data disclosure (R6)</CELL></ROW><ROW><CELL COL="1">TR53</CELL><CELL COL="2">An attacker can export or extract cryptographic key material outside of the WSCD.</CELL><CELL COL="3">Data theft (R5) / Data disclosure (R6) / Unauthorised transaction (R9)</CELL></ROW><ROW><CELL COL="1">TR54</CELL><CELL COL="2">An attacker can read the content of backup and recovery data that should be exclusively under the user’s control.</CELL><CELL COL="3">Data theft (R5) / Data disclosure (R6)</CELL></ROW><ROW><CELL COL="1">TR55</CELL><CELL COL="2">An attacker can bypass the user authentication method to use a pseudonym generated by a wallet unit.</CELL><CELL COL="3">Identity theft (R4)</CELL></ROW><ROW><CELL COL="1">TR56</CELL><CELL COL="2">An attacker can propose an application that mimics a specific legitimate wallet to users.</CELL><CELL COL="3">Identity theft (R4)</CELL></ROW><ROW><CELL COL="1">TR57</CELL><CELL COL="2">An attacker can export wallet data, including PID, (Q)EAAs or logs.</CELL><CELL COL="3">Identity theft (R4)</CELL></ROW><ROW><CELL COL="1">TR58</CELL><CELL COL="2">An attacker can export cryptographic binding material.</CELL><CELL COL="3">Identity theft (R4)</CELL></ROW><ROW><CELL COL="1">TR59</CELL><CELL COL="2">An attacker can take over identities through the cryptographic keys of the wallet.</CELL><CELL COL="3">Identity theft (R4)</CELL></ROW><ROW><CELL COL="1">TR60</CELL><CELL COL="2">An attacker can duplicate another user’s personal wallet unit on their personal device and use it.</CELL><CELL COL="3">Identify theft (R4) / Creation or use of an existing electronic identity (R1)</CELL></ROW><?PAGE NO="27"?><ROW><CELL COL="1">TR61</CELL><CELL COL="2">Authorities of another state can ask the user to show and/or share all the wallet data in a situation of proximity, such as when crossing the border of that state.</CELL><CELL COL="3">Identify theft (R4) / Surveillance (R14)</CELL></ROW><ROW><CELL COL="1">TR62</CELL><CELL COL="2">Users cannot transfer their transaction logs after failure of a user device, resulting in a loss of traceability of previous transactions on the new wallet.</CELL><CELL COL="3">Repudiation (R11)</CELL></ROW><ROW><CELL COL="1">TR63</CELL><CELL COL="2">Users cannot recover their transaction logs after failure of a user device, resulting in a loss of traceability on the new wallet.</CELL><CELL COL="3">Repudiation (R11)</CELL></ROW><ROW><CELL COL="1">TR64</CELL><CELL COL="2">Relying parties can have difficulties proving consent for remote electronic signatures.</CELL><CELL COL="3">Repudiation (R11)</CELL></ROW><ROW><CELL COL="1">TR65</CELL><CELL COL="2">An attacker can flood the connection(s) with requests during the connection to relying parties.</CELL><CELL COL="3">Service disruption (R13)</CELL></ROW><ROW><CELL COL="1">TR66</CELL><CELL COL="2">An attacker can flood a status provisioning service with connections to relying parties.</CELL><CELL COL="3">Service disruption (R13)</CELL></ROW><ROW><CELL COL="1">TR67</CELL><CELL COL="2">An attacker can make the attribute presentation appearing as contested/denied, despite the attribute presentation stating its validity.</CELL><CELL COL="3">Service disruption (R13)</CELL></ROW><ROW><CELL COL="1">TR68</CELL><CELL COL="2">An attacker can revoke a PID without justified reason.</CELL><CELL COL="3">Service disruption (R13)</CELL></ROW><ROW><CELL COL="1">TR69</CELL><CELL COL="2">An attacker can revoke a PID without user consent.</CELL><CELL COL="3">Service disruption (R13)</CELL></ROW><ROW><CELL COL="1">TR70</CELL><CELL COL="2">An attacker can revoke a (Q)EAA without justified reason.</CELL><CELL COL="3">Service disruption (R13)</CELL></ROW><ROW><CELL COL="1">TR71</CELL><CELL COL="2">An attacker can revoke a (Q)EAA without user consent.</CELL><CELL COL="3">Service disruption (R13)</CELL></ROW><ROW><CELL COL="1">TR72</CELL><CELL COL="2">An attacker can trigger multiple identification requests without them being recognised as intentional orphan requests.</CELL><CELL COL="3">Service disruption (R13)</CELL></ROW><ROW><CELL COL="1">TR73</CELL><CELL COL="2">An attacker can send multiple requests with no follow-up transaction.</CELL><CELL COL="3">Service disruption (R13)</CELL></ROW><ROW><CELL COL="1">TR74</CELL><CELL COL="2">An attacker can allow a relying party to request identification without a matching identification (response) and full control.</CELL><CELL COL="3">Service disruption (R13)</CELL></ROW><ROW><CELL COL="1">TR75</CELL><CELL COL="2">An attacker can send a response to a request after its timeout, or similar situations leading to a service disruption.</CELL><CELL COL="3">Service disruption (R13)</CELL></ROW><ROW><CELL COL="1">TR76</CELL><CELL COL="2">A relying party can send multiple invalid requests.</CELL><CELL COL="3">Service disruption (R13)</CELL></ROW><ROW><CELL COL="1">TR77</CELL><CELL COL="2">An attacker can send multiple invalid requests to a wallet provider.</CELL><CELL COL="3">Service disruption (R13)</CELL></ROW><ROW><CELL COL="1">TR78</CELL><CELL COL="2">An attacker can make a Member State unable to revoke an untrusted PID provider from the trusted PID provider trusted list.</CELL><CELL COL="3">Service disruption (R13)</CELL></ROW><ROW><CELL COL="1">TR79</CELL><CELL COL="2">An attacker can prevent suspension or revocation of a wallet.</CELL><CELL COL="3">Service disruption (R13)</CELL></ROW><?PAGE NO="28"?><ROW><CELL COL="1">TR80</CELL><CELL COL="2">An attacker can block transactions by relying parties, users and/or PID provider.</CELL><CELL COL="3">Service disruption (R13)</CELL></ROW><ROW><CELL COL="1">TR81</CELL><CELL COL="2">An attacker can disable or make a WSCD unavailable.</CELL><CELL COL="3">Service disruption (R13)</CELL></ROW><ROW><CELL COL="1">TR82</CELL><CELL COL="2">An attacker can make the PID provider unable to revoke or suspend PIDs.</CELL><CELL COL="3">Service disruption (R13) / Unauthorised transaction (R9)</CELL></ROW><ROW><CELL COL="1">TR83</CELL><CELL COL="2">A relying party can derive the user’s identity data beyond data shared with them.</CELL><CELL COL="3">Surveillance (R14)</CELL></ROW><ROW><CELL COL="1">TR84</CELL><CELL COL="2">A group of colluding relying parties or PID providers can derive the user’s identity data beyond data known to them.</CELL><CELL COL="3">Surveillance (R14)</CELL></ROW><ROW><CELL COL="1">TR85</CELL><CELL COL="2">An attacker can track and trace a user by using person identification data of the user where identification of the user is not required.</CELL><CELL COL="3">Surveillance (R14)</CELL></ROW><ROW><CELL COL="1">TR86</CELL><CELL COL="2">An attacker can combine a <QUOT.START CODE="2018" ID="QS0001" REF.END="QE0001"/>forged<QUOT.END CODE="2019" ID="QE0001" REF.START="QS0001"/> presentation of (Q)EAA combinations.</CELL><CELL COL="3">Transaction manipulation (R10)</CELL></ROW><ROW><CELL COL="1">TR87</CELL><CELL COL="2">An attacker can activate/take over the wallet remotely (e.g., a bank app embedding an authentication or attestation request) without the explicit consent or sole control of the user, in situations where the user is unaware of (e.g., asleep), or cannot see the relying party.</CELL><CELL COL="3">Transaction manipulation (R10)</CELL></ROW><ROW><CELL COL="1">TR88</CELL><CELL COL="2">Attackers can make changes to a request’s metadata (service name, usages, etc.).</CELL><CELL COL="3">Transaction manipulation (R10)</CELL></ROW><ROW><CELL COL="1">TR89</CELL><CELL COL="2">Attackers can make changes to response information (service state, nonce, etc.).</CELL><CELL COL="3">Transaction manipulation (R10)</CELL></ROW><ROW><CELL COL="1">TR90</CELL><CELL COL="2">Attackers can make changes to a request’s attribute information (over asking, etc.).</CELL><CELL COL="3">Transaction manipulation (R10)</CELL></ROW><ROW><CELL COL="1">TR91</CELL><CELL COL="2">A relying party can replay elements from a previous session in another session.</CELL><CELL COL="3">Transaction manipulation (R10)</CELL></ROW><ROW><CELL COL="1">TR92</CELL><CELL COL="2">An attacker can replace or modify the PID during its transfer from the PID provider to the wallet unit.</CELL><CELL COL="3">Transaction manipulation (R10)</CELL></ROW><ROW><CELL COL="1">TR93</CELL><CELL COL="2">An attacker can replace or modify the PID during its transfer from the wallet unit to the online relying party.</CELL><CELL COL="3">Transaction manipulation (R10)</CELL></ROW><ROW><CELL COL="1">TR94</CELL><CELL COL="2">An attacker can replace or modify the PID during its transfer from the wallet unit to the offline relying party.</CELL><CELL COL="3">Transaction manipulation (R10)</CELL></ROW><ROW><CELL COL="1">TR95</CELL><CELL COL="2">An attacker can issue a PID without the user’s consent.</CELL><CELL COL="3">Unauthorised transaction (R9)</CELL></ROW><ROW><CELL COL="1">TR96</CELL><CELL COL="2">An attacker can use revoked or invalid embedded disclosure policies, possibly without the relying parties’ knowledge.</CELL><CELL COL="3">Unauthorised transaction (R9)</CELL></ROW><ROW><CELL COL="1">TR97</CELL><CELL COL="2">An attacker can trick the wallet into verifying wrong electronic signatures.</CELL><CELL COL="3">Unauthorised transaction (R9)</CELL></ROW><ROW><CELL COL="1">TR98</CELL><CELL COL="2">An attacker can use the wallet outside of the user’s control.</CELL><CELL COL="3">Unauthorised transaction (R9)</CELL></ROW><?PAGE NO="29"?><ROW><CELL COL="1">TR99</CELL><CELL COL="2">An attacker can convince a user to authenticate and approve transactions with an attacker or unauthorised third party.</CELL><CELL COL="3">Unauthorised transaction (R9)</CELL></ROW><ROW><CELL COL="1">TR100</CELL><CELL COL="2">An attacker can make a user electronically sign without presenting the content to the user or after presenting wrong content.</CELL><CELL COL="3">Unauthorised transaction (R9)</CELL></ROW><ROW><CELL COL="1">TR101</CELL><CELL COL="2">An attacker can bypass access control of the user’s account with the wallet provider.</CELL><CELL COL="3">Unauthorised transaction (R9)</CELL></ROW><ROW><CELL COL="1">TR102</CELL><CELL COL="2">An attacker can impersonate relying parties during the connection to relying parties.</CELL><CELL COL="3">Unauthorised transaction (R9) / Data disclosure (R6)</CELL></ROW><ROW><CELL COL="1">TR103</CELL><CELL COL="2">The user behind the relying party – browser connection can be different from the user behind the relying party – wallet connection.</CELL><CELL COL="3">Unauthorised transaction (R9) / Data disclosure (R6) / Identity theft (R4)</CELL></ROW><ROW><CELL COL="1">TR104</CELL><CELL COL="2">An attacker can convince the user to revoke the user’s wallet without reason.</CELL><CELL COL="3">Unauthorised transaction (R9) / Service disruption (R13)</CELL></ROW><ROW><CELL COL="1">TR105</CELL><CELL COL="2">An attacker can perform man-in-the-middle attacks.</CELL><CELL COL="3">Unauthorised transaction (R9) / Data disclosure (R6) / Surveillance (R14)</CELL></ROW><ROW><CELL COL="1">TR106</CELL><CELL COL="2">An attacker can present invalid or revoked attributes from a wallet that does not regularly connect to the network.</CELL><CELL COL="3">Effect on various risks</CELL></ROW><ROW><CELL COL="1">TR107</CELL><CELL COL="2">An attacker can steal information from a user by spoofing a wallet.</CELL><CELL COL="3">Effect on various risks</CELL></ROW><ROW><CELL COL="1">TR108</CELL><CELL COL="2">An attacker can impersonate the user by replaying/imitating a data request (e.g., authentication), which would appear as valid.</CELL><CELL COL="3">Effect on various risks</CELL></ROW><ROW><CELL COL="1">TR109</CELL><CELL COL="2">An attacker can replay an embedded disclosure policy towards a user, to imitate an approved request.</CELL><CELL COL="3">Effect on various risks</CELL></ROW><ROW><CELL COL="1">TR110</CELL><CELL COL="2">An attacker can exploit the lack of information of wallet users, or undue delays, after a security breach or compromise.</CELL><CELL COL="3">Effect on various risks</CELL></ROW><ROW><CELL COL="1">TR111</CELL><CELL COL="2">An attacker can modify a previously installed legitimate wallet instance to add malicious features.</CELL><CELL COL="3">Effect on various risks</CELL></ROW><ROW><CELL COL="1">TR112</CELL><CELL COL="2">An attacker can modify a legitimate wallet instance and propose it to users as a legitimate one.</CELL><CELL COL="3">Effect on various risks</CELL></ROW><ROW><CELL COL="1">TR113</CELL><CELL COL="2">An attacker can defeat the user authentication mechanism itself to bypass the authentication of the wallet user.</CELL><CELL COL="3">Effect on various risks</CELL></ROW><ROW><CELL COL="1">TR114</CELL><CELL COL="2">An attacker can introduce malicious code or backdoors into the wallet code during its deployment to the user device.</CELL><CELL COL="3">Effect on various risks</CELL></ROW><ROW><CELL COL="1">TR115</CELL><CELL COL="2">An attacker can introduce malicious code or backdoors into the wallet code during its development.</CELL><CELL COL="3">Effect on various risks</CELL></ROW><ROW><CELL COL="1">TR116</CELL><CELL COL="2">An attacker can tamper with the generation of random numbers to reduce their entropy sufficiently to enable attacks.</CELL><CELL COL="3">Effect on various risks</CELL></ROW><?PAGE NO="30"?><ROW><CELL COL="1">TR117</CELL><CELL COL="2">An attacker can tamper with user devices in the supply chain to include code or configurations that do not meet the conditions of use of the wallet.</CELL><CELL COL="3">Effect on various risks</CELL></ROW><ROW><CELL COL="1">TR118</CELL><CELL COL="2">An attacker can activate a wallet unit while using a spoofed WSCD controlled by the attackers.</CELL><CELL COL="3">Effect on various risks</CELL></ROW><ROW><CELL COL="1">TR119</CELL><CELL COL="2">An attacker can read information sent to the WSCA and/or the WSCD.</CELL><CELL COL="3">Effect on various risks</CELL></ROW><ROW><CELL COL="1">TR120</CELL><CELL COL="2">An attacker can send arbitrary information to the WSCA.</CELL><CELL COL="3">Effect on various risks</CELL></ROW><ROW><CELL COL="1">TR121</CELL><CELL COL="2">An attacker can steal information by intercepting the exchanges between the WSCA and the WSCD.</CELL><CELL COL="3">Effect on various risks</CELL></ROW><ROW><CELL COL="1">TR122</CELL><CELL COL="2">An attacker can send arbitrary information to the WSCD.</CELL><CELL COL="3">Effect on various risks</CELL></ROW><ROW><CELL COL="1">TR123</CELL><CELL COL="2">An attacker can send information to the WSCD, circumnavigating the WSCA.</CELL><CELL COL="3">Effect on various risks</CELL></ROW><ROW><CELL COL="1">TR124</CELL><CELL COL="2">An attacker can use phishing to get users to a fake wallet and PID management web application.</CELL><CELL COL="3">Effect on various risks</CELL></ROW><ROW><CELL COL="1">TR125</CELL><CELL COL="2">An attacker can replace a wallet’s keys with other keys to create messages to be used in another attack.</CELL><CELL COL="3">Effect on various risks</CELL></ROW><ROW><CELL COL="1">TR126</CELL><CELL COL="2">An attacker can modify or destroy a wallet’s keys, making some functions of the wallet unusable.</CELL><CELL COL="3">Effect on various risks</CELL></ROW><ROW><CELL COL="1">TR127</CELL><CELL COL="2">An attacker can control a malware to access data stored in the wallet.</CELL><CELL COL="3">Effect on various risks</CELL></ROW><ROW><CELL COL="1">TR128</CELL><CELL COL="2">An attacker can access evidence generated in the wallet.</CELL><CELL COL="3">Effect on various risks</CELL></ROW><ROW><CELL COL="1">TR129</CELL><CELL COL="2">Wallet providers can access objects in the wallet.</CELL><CELL COL="3">Effect on various risks</CELL></ROW><ROW><CELL COL="1">TR130</CELL><CELL COL="2">Wallet providers can access evidence generated in the wallet.</CELL><CELL COL="3">Effect on various risks</CELL></ROW><ROW><CELL COL="1">TR131</CELL><CELL COL="2">An attacker can steal an unlocked wallet device.</CELL><CELL COL="3">Effect on various risks</CELL></ROW><ROW><CELL COL="1">TR132</CELL><CELL COL="2">An attacker can manipulate the system to prevent certain events from being logged.</CELL><CELL COL="3">Effect on various risks</CELL></ROW><ROW><CELL COL="1">TR133</CELL><CELL COL="2">An attacker can intercept communication between the wallet instance and the WSCA, or replay/imitate a user (e.g. by hijacking authentication mechanism).</CELL><CELL COL="3">Effect on various risks</CELL></ROW></CORPUS></TBL></GR.SEQ></GR.SEQ></CONTENTS></ANNEX>
