<?xml version="1.0" encoding="UTF-8"?>
<ANNEX xmlns:xsi="http://www.w3.org/2001/XMLSchema-instance" xsi:noNamespaceSchemaLocation="http://formex.publications.europa.eu/schema/formex-06.02.1-20231031.xd" NNC="YES"><BIB.INSTANCE><DOCUMENT.REF FILE="L_202402981EN.doc.fmx.xml"><COLL>L</COLL><NO.DOC FORMAT="YN" TYPE="OJ"><COM>EU</COM><YEAR>2024</YEAR><NO.CURRENT>2981</NO.CURRENT></NO.DOC><LG.OJ>EN</LG.OJ><PAGE.FIRST>1</PAGE.FIRST><PAGE.SEQ>1</PAGE.SEQ><VOLUME.REF>01</VOLUME.REF></DOCUMENT.REF><DATE ISO="20241128">20241128</DATE><LG.DOC>EN</LG.DOC><NO.SEQ>0001.0006</NO.SEQ><PAGE.FIRST>39</PAGE.FIRST><PAGE.SEQ>1</PAGE.SEQ><PAGE.LAST>40</PAGE.LAST><PAGE.TOTAL>2</PAGE.TOTAL></BIB.INSTANCE><TITLE><TI><P>ANNEX VI</P></TI><STI><P><HT TYPE="BOLD">METHODOLOGY TO ASSESS THE ACCEPTABILITY OF ASSURANCE INFORMATION</HT></P></STI></TITLE><CONTENTS><GR.SEQ LEVEL="1"><TITLE><TI><NP><NO.P>1.</NO.P><TXT><HT TYPE="BOLD">Assessing the availability of assurance documentation</HT></TXT></NP></TI></TITLE><P>Evaluators shall list the assurance documentation available for every relevant component of the wallet solution and the electronic identification scheme under which they are provided. Then, evaluators shall assess the overall relevance of each piece of assurance documentation for the dependency review.</P><P>The following aspects shall be considered in the analysis:</P><LIST TYPE="ARAB"><ITEM><NP><NO.P>(1)</NO.P><TXT>about the assurance documentation itself:</TXT><P><LIST TYPE="alpha"><ITEM><NP><NO.P>(a)</NO.P><TXT>the type of assurance documentation, with all required details,</TXT><P>(examples of such documents are certificates of conformity according to EN ISO/IEC 27001:2022 or Type 1 or Type 2 for ISAE reports);</P></NP></ITEM><ITEM><NP><NO.P>(b)</NO.P><TXT>the period covered or period of validity,</TXT><P>(this period may be supplemented with a bridge letter (a document to cover a period of time between the end date of the reporting period of the current ISAE report and the release of a new ISAE report) or similar a statement);</P></NP></ITEM><ITEM><NP><NO.P>(c)</NO.P><TXT>the applicable framework (e.g. existing standard);</TXT></NP></ITEM><ITEM><NP><NO.P>(d)</NO.P><TXT>whether the assurance documentation includes a mapping to the scheme’s requirements;</TXT></NP></ITEM></LIST></P></NP></ITEM><ITEM><NP><NO.P>(2)</NO.P><TXT>about the assurance report issuer’s professional competence and impartiality:</TXT><P><LIST TYPE="alpha"><ITEM><NP><NO.P>(a)</NO.P><TXT>name of the certification body and, if available, name of the lead evaluator;</TXT></NP></ITEM><ITEM><NP><NO.P>(b)</NO.P><TXT>evidence of the certification body’s and the evaluator’s competence (e.g. accreditation, personal certification, etc.);</TXT></NP></ITEM><ITEM><NP><NO.P>(c)</NO.P><TXT>evidence of the certification body’s and the evaluator’s impartiality (e.g. accreditation, etc.).</TXT></NP></ITEM></LIST></P></NP></ITEM></LIST></GR.SEQ><GR.SEQ LEVEL="1"><TITLE><TI><NP><NO.P>2.</NO.P><TXT><HT TYPE="BOLD">Assessing assurance related to individual requirements</HT></TXT></NP></TI></TITLE><P>Evaluators shall verify that the assurance documentation available for the wallet solution and the electronic identification scheme under which they are provided is adequate to determine that the wallet solution meets the expectations relative to the certification scheme’s individual requirements.</P><P>This assessment shall be performed for every relevant component of the wallet solution and the electronic identification scheme under which they are provided, by formulating an assumption on the wallet solution’s security controls.</P><P>For each such assumption, the evaluation team shall determine whether or not the assurance provided in the available assurance documentation is adequate.</P><P>The determination that the assurance is adequate shall be based on the following:</P><LIST TYPE="ARAB"><ITEM><NP><NO.P>(1)</NO.P><TXT>the required information is available, with the expected assurance level, in the assurance documentation;</TXT></NP></ITEM><ITEM><NP><NO.P>(2)</NO.P><TXT>the information available in the assurance documentation does not cover the full scope of the requirement, but additional controls or compensating controls (i.e., internal controls that reduce the risk of existing or potential control weakness) implemented in the wallet solution or in the electronic identification scheme under which they are provided allow the evaluators to determine that the information is adequate;</TXT></NP></ITEM><?PAGE NO="40"?><ITEM><NP><NO.P>(3)</NO.P><TXT>the information available in the assurance documentation does not offer the expected assurance level but the controls implemented to assess and monitor the wallet provider allow the evaluators to determine that the information is adequate;</TXT></NP></ITEM><ITEM><NP><NO.P>(4)</NO.P><TXT>if the assurance documentation mentions nonconformities on the design or implementation of the controls used to meet an assumption, the remedial actions proposed and implemented by the wallet provider and reviewed by its evaluators shall be adequate to guarantee that the assumption is indeed met.</TXT></NP></ITEM></LIST></GR.SEQ></CONTENTS></ANNEX>
