<?xml version="1.0" encoding="UTF-8"?>
<DOC xmlns:xsi="http://www.w3.org/2001/XMLSchema-instance" xsi:noNamespaceSchemaLocation="http://formex.publications.europa.eu/schema/formex-06.02.1-20231031.xd"><BIB.DOC><PROD.ID>20241126025</PROD.ID><FIN.ID>545320</FIN.ID><NO.DOC FORMAT="YN" TYPE="OJ"><COM>EU</COM><YEAR>2024</YEAR><NO.CURRENT>2981</NO.CURRENT></NO.DOC><DURAB TYPE="DUR"/><AUTHOR>COM</AUTHOR><NO.ELI ID="http://data.europa.eu/eli/reg_impl/2024/2981/oj">ELI:http://data.europa.eu/eli/reg_impl/2024/2981/oj</NO.ELI></BIB.DOC><PUBLICATION.REF FILE="L_202402981EN.toc.fmx.xml"><COLL>L</COLL><NO.DOC FORMAT="YN" TYPE="OJ"><COM>EU</COM><YEAR>2024</YEAR><NO.CURRENT>2981</NO.CURRENT></NO.DOC><DATE ISO="20241204">20241204</DATE><LG.OJ>EN</LG.OJ><VOLUME.REF>01</VOLUME.REF></PUBLICATION.REF><FMX><DOC.MAIN.PUB NO.SEQ="0001" SYNOPTISM="D0001"><LG.DOC>EN</LG.DOC><LEGAL.VALUE>REG_IMPL</LEGAL.VALUE><DATE ISO="20241128">20241128</DATE><PAGE.FIRST>1</PAGE.FIRST><PAGE.LAST>17</PAGE.LAST><PAGE.TOTAL>17</PAGE.TOTAL><PAGE.SEQ>1</PAGE.SEQ><REF.PHYS FILE="L_202402981EN.000101.fmx.xml" TYPE="DOC.XML"/></DOC.MAIN.PUB><DOC.SUB.PUB NO.SEQ="0001.0001" SYNOPTISM="D0001.0001" TYPE="ANNEX" IN.SUMMARY="NO"><PAGE.FIRST>18</PAGE.FIRST><PAGE.LAST>30</PAGE.LAST><PAGE.TOTAL>13</PAGE.TOTAL><PAGE.SEQ>1</PAGE.SEQ><REF.PHYS FILE="L_202402981EN.001801.fmx.xml" TYPE="DOC.XML"/></DOC.SUB.PUB><DOC.SUB.PUB NO.SEQ="0001.0002" SYNOPTISM="D0001.0002" TYPE="ANNEX" IN.SUMMARY="NO"><PAGE.FIRST>31</PAGE.FIRST><PAGE.LAST>32</PAGE.LAST><PAGE.TOTAL>2</PAGE.TOTAL><PAGE.SEQ>1</PAGE.SEQ><REF.PHYS FILE="L_202402981EN.003101.fmx.xml" TYPE="DOC.XML"/></DOC.SUB.PUB><DOC.SUB.PUB NO.SEQ="0001.0003" SYNOPTISM="D0001.0003" TYPE="ANNEX" IN.SUMMARY="NO"><PAGE.FIRST>33</PAGE.FIRST><PAGE.LAST>33</PAGE.LAST><PAGE.TOTAL>1</PAGE.TOTAL><PAGE.SEQ>1</PAGE.SEQ><REF.PHYS FILE="L_202402981EN.003301.fmx.xml" TYPE="DOC.XML"/></DOC.SUB.PUB><DOC.SUB.PUB NO.SEQ="0001.0004" SYNOPTISM="D0001.0004" TYPE="ANNEX" IN.SUMMARY="NO"><PAGE.FIRST>34</PAGE.FIRST><PAGE.LAST>37</PAGE.LAST><PAGE.TOTAL>4</PAGE.TOTAL><PAGE.SEQ>1</PAGE.SEQ><REF.PHYS FILE="L_202402981EN.003401.fmx.xml" TYPE="DOC.XML"/></DOC.SUB.PUB><DOC.SUB.PUB NO.SEQ="0001.0005" SYNOPTISM="D0001.0005" TYPE="ANNEX" IN.SUMMARY="NO"><PAGE.FIRST>38</PAGE.FIRST><PAGE.LAST>38</PAGE.LAST><PAGE.TOTAL>1</PAGE.TOTAL><PAGE.SEQ>1</PAGE.SEQ><REF.PHYS FILE="L_202402981EN.003801.fmx.xml" TYPE="DOC.XML"/></DOC.SUB.PUB><DOC.SUB.PUB NO.SEQ="0001.0006" SYNOPTISM="D0001.0006" TYPE="ANNEX" IN.SUMMARY="NO"><PAGE.FIRST>39</PAGE.FIRST><PAGE.LAST>40</PAGE.LAST><PAGE.TOTAL>2</PAGE.TOTAL><PAGE.SEQ>1</PAGE.SEQ><REF.PHYS FILE="L_202402981EN.003901.fmx.xml" TYPE="DOC.XML"/></DOC.SUB.PUB><DOC.SUB.PUB NO.SEQ="0001.0007" SYNOPTISM="D0001.0007" TYPE="ANNEX" IN.SUMMARY="NO"><PAGE.FIRST>41</PAGE.FIRST><PAGE.LAST>41</PAGE.LAST><PAGE.TOTAL>1</PAGE.TOTAL><PAGE.SEQ>1</PAGE.SEQ><REF.PHYS FILE="L_202402981EN.004101.fmx.xml" TYPE="DOC.XML"/></DOC.SUB.PUB><DOC.SUB.PUB NO.SEQ="0001.0008" SYNOPTISM="D0001.0008" TYPE="ANNEX" IN.SUMMARY="NO"><PAGE.FIRST>42</PAGE.FIRST><PAGE.LAST>42</PAGE.LAST><PAGE.TOTAL>1</PAGE.TOTAL><PAGE.SEQ>1</PAGE.SEQ><REF.PHYS FILE="L_202402981EN.004201.fmx.xml" TYPE="DOC.XML"/></DOC.SUB.PUB><DOC.SUB.PUB NO.SEQ="0001.0009" SYNOPTISM="D0001.0009" TYPE="ANNEX" IN.SUMMARY="NO"><PAGE.FIRST>43</PAGE.FIRST><PAGE.LAST>44</PAGE.LAST><PAGE.TOTAL>2</PAGE.TOTAL><PAGE.SEQ>1</PAGE.SEQ><REF.PHYS FILE="L_202402981EN.004301.fmx.xml" TYPE="DOC.XML"/></DOC.SUB.PUB></FMX><PAPER><VOLUME.PAPER><ITEM.VOLUME REF.NO.SEQ="0001"><TITLE REF.TITLE="T0001"/><ITEM.REF>1</ITEM.REF></ITEM.VOLUME></VOLUME.PAPER></PAPER><PDF><ITEM.VOLUME REF.NO.SEQ="0001"><TITLE ID.TITLE="T0001"><TI><P>Commission Implementing Regulation (EU) 2024/2981 of <DATE ISO="20241128">28 November 2024</DATE> laying down rules for the application of Regulation (EU) No 910/2014 of the European Parliament and the Council as regards the certification of European Digital Identity Wallets</P></TI></TITLE><ITEM.REF REF.PDF="L_202402981EN.pdf">1</ITEM.REF></ITEM.VOLUME></PDF></DOC>
