<?xml version="1.0" encoding="UTF-8"?>
<ANNEX xmlns:xsi="http://www.w3.org/2001/XMLSchema-instance" xsi:noNamespaceSchemaLocation="http://formex.publications.europa.eu/schema/formex-06.02.1-20231031.xd" NNC="YES"><BIB.INSTANCE><DOCUMENT.REF FILE="L_202402981EN.doc.fmx.xml"><COLL>L</COLL><NO.DOC FORMAT="YN" TYPE="OJ"><COM>EU</COM><YEAR>2024</YEAR><NO.CURRENT>2981</NO.CURRENT></NO.DOC><LG.OJ>EN</LG.OJ><PAGE.FIRST>1</PAGE.FIRST><PAGE.SEQ>1</PAGE.SEQ><VOLUME.REF>01</VOLUME.REF></DOCUMENT.REF><DATE ISO="20241128">20241128</DATE><LG.DOC>EN</LG.DOC><NO.SEQ>0001.0002</NO.SEQ><PAGE.FIRST>31</PAGE.FIRST><PAGE.SEQ>1</PAGE.SEQ><PAGE.LAST>32</PAGE.LAST><PAGE.TOTAL>2</PAGE.TOTAL></BIB.INSTANCE><TITLE><TI><P>ANNEX II</P></TI><STI><P><HT TYPE="BOLD">CRITERIA TO ASSESS THE ACCEPTABILITY OF ASSURANCE INFORMATION</HT></P></STI></TITLE><CONTENTS><TBL COLS="3" NO.SEQ="0001"><CORPUS><ROW TYPE="HEADER"><CELL COL="1" TYPE="HEADER">Name</CELL><CELL COL="2" TYPE="HEADER">Object</CELL><CELL COL="3" TYPE="HEADER">Points of attention</CELL></ROW><ROW><CELL COL="1">EUCC</CELL><CELL COL="2">ICT Products</CELL><CELL COL="3"><P>About the issuer: none (accredited certification bodies)</P><P>About the scope:</P><LIST TYPE="DASH"><ITEM><P>Check the protection profile and security target</P></ITEM><ITEM><P>Check the evaluation assurance level and augmentations</P></ITEM></LIST><P>About the assurance:</P><LIST TYPE="DASH"><ITEM><P>Check restrictions in the user documentation</P></ITEM><ITEM><P>For composition, may require access to evaluation technical report</P></ITEM></LIST></CELL></ROW><ROW><CELL COL="1">EUCS (when available)</CELL><CELL COL="2">Cloud services</CELL><CELL COL="3"><P>About the issuer: none (accredited certification bodies)</P><P>About the scope:</P><LIST TYPE="DASH"><ITEM><P>Check the cloud service description</P></ITEM><ITEM><P>Check the evaluation level and extension profiles</P></ITEM></LIST><P>About the assurance:</P><LIST TYPE="DASH"><ITEM><P>Check the transparency information and, if needed, the composition information</P></ITEM></LIST></CELL></ROW><ROW><CELL COL="1">Common Criteria schemes operated in the EU, including SOG-IS schemes</CELL><CELL COL="2">ICT products</CELL><CELL COL="3"><P>About the issuer: none (Member States)</P><P>About the scope:</P><LIST TYPE="DASH"><ITEM><P>Check the protection profile and security target</P></ITEM><ITEM><P>Check the evaluation assurance level and augmentations</P></ITEM></LIST><P>About the assurance:</P><LIST TYPE="DASH"><ITEM><P>Check restrictions in the user documentation</P></ITEM><ITEM><P>For composition, may require access to evaluation technical report</P></ITEM></LIST></CELL></ROW><ROW><CELL COL="1">EN 17640:2018 (FITCEM, including CSPN, BSZ, LINCE, BSZA)</CELL><CELL COL="2">ICT products</CELL><CELL COL="3"><P>About the issuer:</P><LIST TYPE="DASH"><ITEM><P>Check the scheme and the requirements for certification bodies</P></ITEM></LIST><P>About the scope:</P><LIST TYPE="DASH"><ITEM><P>Check the product description</P></ITEM><ITEM><P>Check the security claims</P></ITEM><ITEM><P>Check the assurance level</P></ITEM></LIST><P>About the assurance:</P><LIST TYPE="DASH"><ITEM><P>Check the activities performed and the findings in the report</P></ITEM></LIST></CELL></ROW><ROW><CELL COL="1">Certification schemes of qualified signature creation devices in accordance with Art. 30 of Regulation (EU) No 910/2014</CELL><CELL COL="2">QSCD</CELL><CELL COL="3"><P>About the issuer:</P><LIST TYPE="DASH"><ITEM><P>Check the scheme and the requirements for certification bodies</P></ITEM></LIST><P>About the scope:</P><LIST TYPE="DASH"><ITEM><P>Check the product description</P></ITEM><ITEM><P>Check the security claims</P></ITEM><ITEM><P>Check the assurance level</P></ITEM></LIST><P>About the assurance:</P><LIST TYPE="DASH"><ITEM><P>Check the activities performed</P></ITEM></LIST></CELL></ROW><?PAGE NO="32"?><ROW><CELL COL="1">EN ISO/IEC 27001:2022</CELL><CELL COL="2">ISMS</CELL><CELL COL="3"><P>About the issuer: none (Accredited certification bodies)</P><P>About the scope:</P><LIST TYPE="DASH"><ITEM><P>Check the management system description</P></ITEM><ITEM><P>Check the statement of applicability</P></ITEM></LIST><P>About the assurance:</P><LIST TYPE="DASH"><ITEM><P>Check the activities performed</P></ITEM></LIST></CELL></ROW><ROW><CELL COL="1">SOC2</CELL><CELL COL="2">Organisations</CELL><CELL COL="3"><P>About the issuer:</P><LIST TYPE="DASH"><ITEM><P>Check their public accountant status</P></ITEM></LIST><P>About the scope:</P><LIST TYPE="DASH"><ITEM><P>Check the Management Statement and the description of the controls</P></ITEM><ITEM><P>Check the statement of applicability</P></ITEM></LIST><P>About the assurance:</P><LIST TYPE="DASH"><ITEM><P>Check the findings in the report</P></ITEM><ITEM><P>Check bridge letters if needed</P></ITEM></LIST></CELL></ROW><ROW><CELL COL="1">MDSCert (GSMA) (when available)</CELL><CELL COL="2">Mobile Devices</CELL><CELL COL="3"><P>About the issuer:</P><LIST TYPE="DASH"><ITEM><P>Check the requirements for certification bodies</P></ITEM></LIST><P>About the scope:</P><LIST TYPE="DASH"><ITEM><P>Check the security assurance level</P></ITEM><ITEM><P>Check the scheme requirements</P></ITEM></LIST><P>About the assurance:</P><LIST TYPE="DASH"><ITEM><P>Check the activities and findings in the report</P></ITEM></LIST></CELL></ROW><ROW><CELL COL="1">Other schemes</CELL><CELL COL="2">Any component</CELL><CELL COL="3"><P>About the scheme:</P><LIST TYPE="DASH"><ITEM><P>Check the relevance and provisions of the scheme</P></ITEM></LIST><P>About the issuer:</P><LIST TYPE="DASH"><ITEM><P>Check the requirements for certification bodies</P></ITEM></LIST><P>About the scope:</P><LIST TYPE="DASH"><ITEM><P>Check the scheme requirements</P></ITEM><ITEM><P>Check the security target or similar document describing the security functional and assurance requirements</P></ITEM><ITEM><P>Check the product description and selected security functional requirements</P></ITEM></LIST><P>About the assurance:</P><LIST TYPE="DASH"><ITEM><P>Check the activities and findings in the report</P></ITEM></LIST></CELL></ROW></CORPUS></TBL></CONTENTS></ANNEX>
