<?xml version="1.0" encoding="UTF-8"?>
<ACT xmlns:xsi="http://www.w3.org/2001/XMLSchema-instance" xsi:noNamespaceSchemaLocation="http://formex.publications.europa.eu/schema/formex-06.02.1-20231031.xd" NNC="YES"><BIB.INSTANCE><DOCUMENT.REF FILE="L_202402981EN.doc.fmx.xml"><COLL>L</COLL><NO.DOC FORMAT="YN" TYPE="OJ"><COM>EU</COM><YEAR>2024</YEAR><NO.CURRENT>2981</NO.CURRENT></NO.DOC><LG.OJ>EN</LG.OJ><PAGE.FIRST>1</PAGE.FIRST><PAGE.SEQ>1</PAGE.SEQ><VOLUME.REF>01</VOLUME.REF></DOCUMENT.REF><DATE ISO="20241128">20241128</DATE><LG.DOC>EN</LG.DOC><NO.SEQ>0001</NO.SEQ><PAGE.FIRST>1</PAGE.FIRST><PAGE.SEQ>1</PAGE.SEQ><PAGE.LAST>17</PAGE.LAST><PAGE.TOTAL>17</PAGE.TOTAL><NO.DOC FORMAT="YN" TYPE="OJ"><COM>EU</COM><YEAR>2024</YEAR><NO.CURRENT>2981</NO.CURRENT></NO.DOC></BIB.INSTANCE><TITLE><TI><P><HT TYPE="UC">Commission Implementing Regulation</HT> (EU) 2024/2981</P><P>of <DATE ISO="20241128">28 November 2024</DATE></P><P>laying down rules for the application of Regulation (EU) No 910/2014 of the European Parliament and the Council as regards the certification of European Digital Identity Wallets</P></TI></TITLE><PREAMBLE><PREAMBLE.INIT>THE EUROPEAN COMMISSION,</PREAMBLE.INIT><GR.VISA><VISA>Having regard to the Treaty on the Functioning of the European Union,</VISA><VISA>Having regard to Regulation (EU) No 910/2014 of the European Parliament and of the Council of <DATE ISO="20140723">23 July 2014</DATE> on electronic identification and trust services for electronic transactions in the internal market and repealing Directive 1999/93/EC<NOTE NOTE.ID="E0001" NUMBERING="ARAB" NUMBERING.CONTINUED="YES" TYPE="FOOTNOTE"><P><REF.DOC.OJ COLL="L" DATE.PUB="20140828" NO.OJ="257" PAGE.FIRST="73">OJ L 257, 28.8.2014, p. 73</REF.DOC.OJ>, ELI: <LINK URI="http://data.europa.eu/eli/reg/2014/910/oj">http://data.europa.eu/eli/reg/2014/910/oj</LINK>.</P></NOTE>, and in particular Article 5c(6) thereof,</VISA></GR.VISA><GR.CONSID><GR.CONSID.INIT>Whereas:</GR.CONSID.INIT><CONSID><NP><NO.P>(1)</NO.P><TXT>Pursuant to Article 5c of Regulation (EU) No 910/2014, the certification of European Digital Identity Wallets (<QUOT.START CODE="2018" ID="QS0001" REF.END="QE0001"/>wallets<QUOT.END CODE="2019" ID="QE0001" REF.START="QS0001"/>) is to be made in accordance with functional, cybersecurity, and data protection requirements to ensure a high level of security and trust in the wallets. Those certification requirements need to be harmonised across Member States in order to prevent market fragmentation and to build a robust framework.</TXT></NP></CONSID><CONSID><NP><NO.P>(2)</NO.P><TXT>Regulation (EU) 2016/679 of the European Parliament and of the Council<NOTE NOTE.ID="E0002" NUMBERING="ARAB" NUMBERING.CONTINUED="YES" TYPE="FOOTNOTE"><P>Regulation (EU) 2016/679 of the European Parliament and of the Council of <DATE ISO="20160427">27 April 2016</DATE> on the protection of natural persons with regard to the processing of personal data and on the free movement of such data, and repealing Directive 95/46/EC (General Data Protection Regulation) (<REF.DOC.OJ COLL="L" DATE.PUB="20160504" NO.OJ="119" PAGE.FIRST="1">OJ L 119, 4.5.2016, p. 1</REF.DOC.OJ>, ELI: <LINK URI="http://data.europa.eu/eli/reg/2016/679/oj">http://data.europa.eu/eli/reg/2016/679/oj</LINK>).</P></NOTE> and, where relevant, Directive 2002/58/EC of the European Parliament and of the Council<NOTE NOTE.ID="E0003" NUMBERING="ARAB" NUMBERING.CONTINUED="YES" TYPE="FOOTNOTE"><P>Directive 2002/58/EC of the European Parliament and of the Council of <DATE ISO="20020712">12 July 2002</DATE> concerning the processing of personal data and the protection of privacy in the electronic communications sector (Directive on privacy and electronic communications) (<REF.DOC.OJ COLL="L" DATE.PUB="20020731" NO.OJ="201" PAGE.FIRST="37">OJ L 201, 31.7.2002, p. 37</REF.DOC.OJ>, ELI: <LINK URI="http://data.europa.eu/eli/dir/2002/58/oj">http://data.europa.eu/eli/dir/2002/58/oj</LINK>).</P></NOTE> apply to the personal data processing activities under this Regulation.</TXT></NP></CONSID><CONSID><NP><NO.P>(3)</NO.P><TXT>The Commission regularly assesses new technologies, practices, standards or technical specifications. To ensure the highest level of harmonisation among Member States for the development and certification of the wallets, the technical specifications set out in this Regulation rely on the work carried out on the basis of Commission Recommendation (EU) 2021/946 of <DATE ISO="20210603">3 June 2021</DATE> on a common Union Toolbox for a coordinated approach towards a European Digital Identity Framework<NOTE NOTE.ID="E0004" NUMBERING="ARAB" NUMBERING.CONTINUED="YES" TYPE="FOOTNOTE"><P><REF.DOC.OJ COLL="L" DATE.PUB="20210614" NO.OJ="210" PAGE.FIRST="51">OJ L 210, 14.6.2021, p. 51</REF.DOC.OJ>, ELI: <LINK URI="http://data.europa.eu/eli/reco/2021/946/oj">http://data.europa.eu/eli/reco/2021/946/oj</LINK>.</P></NOTE> and in particular the Architecture and Reference Framework which is part of it. In accordance with recital 75 of Regulation (EU) 2024/1183 of the European Parliament and of the Council<NOTE NOTE.ID="E0005" NUMBERING="ARAB" NUMBERING.CONTINUED="YES" TYPE="FOOTNOTE"><P>Regulation (EU) 2024/1183 of the European Parliament and of the Council of <DATE ISO="20240411">11 April 2024</DATE> amending Regulation (EU) No 910/2014 as regards establishing the European Digital Identity Framework (<REF.DOC COLL="L" CONTEXT="EUR-LEX" DATE.PUB="20240430" NO.DOC="1183" URI="http://data.europa.eu/eli/reg/2024/1183/oj">OJ L, 2024/1183, 30.4.2024, ELI: http://data.europa.eu/eli/reg/2024/1183/oj</REF.DOC>).</P></NOTE>, the Commission should review and update this Implementing Regulation, if necessary, to keep it in line with global developments, the Architecture and Reference Framework and to follow the best practices on the internal market.</TXT></NP></CONSID><CONSID><NP><NO.P>(4)</NO.P><TXT>In order to attest conformity to cybersecurity requirements included in the certification framework, the certification of wallet solutions should refer to, where available and relevant, European cybersecurity certification schemes established pursuant to Regulation (EU) 2019/881 of the European Parliament and of the Council<NOTE NOTE.ID="E0006" NUMBERING="ARAB" NUMBERING.CONTINUED="YES" TYPE="FOOTNOTE"><P>Regulation (EU) 2019/881 of the European Parliament and of the Council of <DATE ISO="20190417">17 April 2019</DATE> on ENISA (the European Union Agency for Cybersecurity) and on information and communications technology cybersecurity certification and repealing Regulation (EU) No 526/2013 (Cybersecurity Act) (<REF.DOC.OJ COLL="L" DATE.PUB="20190607" NO.OJ="151" PAGE.FIRST="15">OJ L 151, 7.6.2019, p. 15</REF.DOC.OJ>, ELI: <LINK URI="http://data.europa.eu/eli/reg/2019/881/oj">http://data.europa.eu/eli/reg/2019/881/oj</LINK>).</P></NOTE>. In the absence of such schemes, or when they partially cover cybersecurity requirements, this Regulation sets out the general requirements applying to national certification schemes, covering functional, cybersecurity, and data protection requirements.</TXT></NP></CONSID><?PAGE NO="2"?><CONSID><NP><NO.P>(5)</NO.P><TXT>Pursuant to Article 5a(11) of Regulation (EU) No 910/2014, the wallets are to be certified against assurance level high as set out in Regulation (EU) No 910/2014, as well as Commission Implementing Regulation (EU) 2015/1502<NOTE NOTE.ID="E0007" NUMBERING="ARAB" NUMBERING.CONTINUED="YES" TYPE="FOOTNOTE"><P>Commission Implementing Regulation (EU) 2015/1502 of <DATE ISO="20150908">8 September 2015</DATE> on setting out minimum technical specifications and procedures for assurance levels for electronic identification means pursuant to Article 8(3) of Regulation (EU) No 910/2014 of the European Parliament and of the Council on electronic identification and trust services for electronic transactions in the internal market (<REF.DOC.OJ COLL="L" DATE.PUB="20150909" NO.OJ="235" PAGE.FIRST="7">OJ L 235, 9.9.2015, p. 7</REF.DOC.OJ>, ELI: <LINK URI="http://data.europa.eu/eli/reg_impl/2015/1502/oj">http://data.europa.eu/eli/reg_impl/2015/1502/oj</LINK>).</P></NOTE>. That assurance level has to be reached by the overall wallet solution. Under this Regulation, some components of the wallet solution may be certified at a lower assurance level, provided this is duly justified and without prejudice to the assurance level high reached by the overall solution.</TXT></NP></CONSID><CONSID><NP><NO.P>(6)</NO.P><TXT>All national certification schemes should assign a scheme owner who will be responsible for the development and maintenance of the certification scheme. The scheme owner may be a conformity assessment body, a governmental body or authority, a trade association, a group of conformity assessment bodies, or any appropriate body and can be different than the body operating the national certification scheme.</TXT></NP></CONSID><CONSID><NP><NO.P>(7)</NO.P><TXT>The object of certification should include the software components of the wallet solution, such as the wallet instance. The wallet secure cryptographic application (<QUOT.START CODE="2018" ID="QS0002" REF.END="QE0002"/>WSCA<QUOT.END CODE="2019" ID="QE0002" REF.START="QS0002"/>), the wallet secure cryptographic device (<QUOT.START CODE="2018" ID="QS0003" REF.END="QE0003"/>WSCD<QUOT.END CODE="2019" ID="QE0003" REF.START="QS0003"/>) and the platforms on which these software components are executed, while being part of the operating environment, should only be included in the object of certification when they are provided by the wallet solution. In other cases, and in particular when these devices and platforms are provided by end users, providers should establish assumptions on the wallet solution’s operating environment, including on these devices and platforms, and implement measures to confirm that these assumptions are verified in practice. In order to ensure protection of critical assets through hardware and system software used to manage and protect cryptographic keys created, stored or processed by the WSCD, the WSCD needs to satisfy high standards of certification as reflected in international standards such as Common Criteria (<QUOT.START CODE="2018" ID="QS0004" REF.END="QE0004"/>EUCC<QUOT.END CODE="2019" ID="QE0004" REF.START="QS0004"/>), established in Commission Implementing Regulation (EU) 2024/482<NOTE NOTE.ID="E0008" NUMBERING="ARAB" NUMBERING.CONTINUED="YES" TYPE="FOOTNOTE"><P>Commission Implementing Regulation (EU) 2024/482 of <DATE ISO="20240131">31 January 2024</DATE> laying down rules for the application of Regulation (EU) 2019/881 of the European Parliament and of the Council as regards the adoption of the European Common Criteria-based cybersecurity certification scheme (EUCC) (<REF.DOC COLL="L" CONTEXT="EUR-LEX" DATE.PUB="20240207" NO.DOC="482" URI="http://data.europa.eu/eli/reg/2024/482/oj">OJ L, 2024/482, 7.2.2024, ELI: http://data.europa.eu/eli/reg/2024/482/oj</REF.DOC>).</P></NOTE>, by EAL4 evaluation and advanced methodical vulnerability analysis, such as comparable to AVA_VAN.5. These certification standards should be used at the latest when certification of the conformity of wallets is carried out following a European cybersecurity certification scheme adopted pursuant to Regulation (EU) 2019/881.</TXT></NP></CONSID><CONSID><NP><NO.P>(8)</NO.P><TXT>Fully mobile, secure and user-friendly wallets are supported by the availability of standardised and certified tamper-resistant solutions, such as embedded secure elements, external devices such as smartcards, or embedded SIM platforms in mobile devices. It is important to ensure the timely access to embedded secure elements for national eID means and wallets and to coordinate efforts by Member States in this area. The European Digital Identity Cooperation Group established pursuant to Article 46e(1) of Regulation (EU) No 910/2014 (<QUOT.START CODE="2018" ID="QS0005" REF.END="QE0005"/>Cooperation Group<QUOT.END CODE="2019" ID="QE0005" REF.START="QS0005"/>), should therefore establish a dedicated subgroup for this purpose. Consulting relevant stakeholders, this subgroup should agree on a joint roadmap for access to embedded secure elements to be considered by the Commission for the review report on the Regulation (EU) No 910/2014. In order to facilitate the uptake of the wallet at national level, the Commission should furthermore, in cooperation with Member States, develop and continuously update a manual for use cases as part of the Architecture and Reference Framework.</TXT></NP></CONSID><CONSID><NP><NO.P>(9)</NO.P><TXT>The object of certification of national certification schemes should also include the processes that are used to provide and operate the wallet solution, even if the definition or execution of those processes are subcontracted to third parties. In order to demonstrate that the processes satisfy the schemes’ requirements, assurance information is allowed to be used as evidence, provided that a dependency analysis is used to determine if the assurance information is sufficient. Assurance information comes in many different forms, including reports and certificates of conformity, which can be private, national, European or international, based on standards or on technical specifications. The objective of the dependency analysis is to assess the quality of the assurance information available about a wallet’s components.</TXT></NP></CONSID><?PAGE NO="3"?><CONSID><NP><NO.P>(10)</NO.P><TXT>Following procedures established for this purpose, the Cooperation Group should be able to provide opinions and recommendations on the draft national certification schemes submitted to it. These national certification schemes should be specific to the wallet architecture and there should be specific profiles for each specific architecture supported.</TXT></NP></CONSID><CONSID><NP><NO.P>(11)</NO.P><TXT>In order to ensure a common understanding of, and harmonised approach to, the assessment of the most critical risks that might affect the provision and operation of wallets, a register of risks and threats that should be taken into consideration when designing wallet solutions independently of their specific architecture should be drawn-up. The cybersecurity objectives described in Regulation (EU) No 910/2014, such as confidentiality, integrity and availability of the wallet solution, as well as user and data privacy, should be borne in mind when identifying which risks should be included in the register. Due consideration of risks and threats included in this risk register should be part of the requirements of national certification schemes. To keep in line with the continuously evolving threat landscape, the risk register should be maintained and regularly updated in collaboration with the Cooperation Group.</TXT></NP></CONSID><CONSID><NP><NO.P>(12)</NO.P><TXT>When establishing their certification schemes, scheme owners should perform a risk assessment to refine and complement the risks and threats listed in the register with risks and threats specific to the architecture or implementation of the wallet solution. The risk assessment should consider how the applicable risks and threats can be appropriately treated. Wallet providers should complement the scheme’s risk assessment to identify any risks and threats specific to their implementation and propose appropriate treatment measures for evaluation by the certification body.</TXT></NP></CONSID><CONSID><NP><NO.P>(13)</NO.P><TXT>To demonstrate that a wallet solution architecture meets the applicable security requirements, each architecture-specific scheme or profile should contain at least a description of the wallet solution architecture, a list of security requirements applicable to the wallet solution architecture, an evaluation plan to confirm that a wallet solution based on this architecture meets those requirements and a risk assessment. National certification schemes should require wallet providers to demonstrate how the design of the wallet solution that they provide matches the reference architecture and details the security controls and validation plans for the specific wallet solution. National certification schemes should also define a conformity assessment activity to verify that the wallet design properly reflects the selected profile’s reference architecture. National certification schemes should comply with the requirements set out in Article 51 of Regulation (EU) 2019/881, except for its points (e) and (f), related to logging.</TXT></NP></CONSID><CONSID><NP><NO.P>(14)</NO.P><TXT>Concerning the certification of products, certificates of conformity issued under the EU cybersecurity certification scheme on EUCC, and certificates of conformity issued under national certification schemes in the context of the SOG-IS Mutual Recognition Agreement, should be allowed to be used. Furthermore, other national certification schemes should be allowed to be used for less sensitive product components, such as those established following the standard CEN EN 17640 for fixed time cybersecurity evaluation methodology.</TXT></NP></CONSID><CONSID><NP><NO.P>(15)</NO.P><TXT>The EU Digital Identity Wallet Trust Mark (<QUOT.START CODE="2018" ID="QS0006" REF.END="QE0006"/>Trust Mark<QUOT.END CODE="2019" ID="QE0006" REF.START="QS0006"/>) should be used to indicate in a clear, simple and recognisable manner that a wallet has been provided in accordance with Regulation (EU) No 910/2014. Therefore, it should be considered as a mark of conformity for a wallet solution certified under national certification schemes. National certification schemes should not define any other marks of conformity.</TXT></NP></CONSID><CONSID><NP><NO.P>(16)</NO.P><TXT>In order to discourage fraud, national certification schemes should define actions to be taken where certification under the scheme is being claimed fraudulently.</TXT></NP></CONSID><?PAGE NO="4"?><CONSID><NP><NO.P>(17)</NO.P><TXT>To ensure an efficient management of vulnerability notifications, providers of wallet solutions and the electronic identification scheme under which they are provided should define and implement processes to evaluate the severity and potential impact of vulnerabilities. National certification schemes should set a threshold over which the certification body is to be notified. Such notification requirement should not affect the criteria established by data protection legislation and Member States’ data protection authorities for notification on personal data breaches. Possible synergies could be established between the mandatory notification of breach or compromise of the wallet solutions and the notification of personal data breaches pursuant to Regulation (EU) 2016/679. The certification body’s assessment of a vulnerability impact analysis report should be without prejudice to a data protection authority’s assessment of a data protection impact assessment pursuant to Articles 35 and 36 of Regulation (EU) 2016/679.</TXT></NP></CONSID><CONSID><NP><NO.P>(18)</NO.P><TXT>The providers of wallet solutions and the electronic identification scheme under which they are provided should notify the scheme owner of any justifications for exceptions to the vulnerability assessment required for the evaluation of the WSCD and WSCA, as set out in Annex IV.</TXT></NP></CONSID><CONSID><NP><NO.P>(19)</NO.P><TXT>The cancellation of a certificate of conformity might have severe consequences such as the revocation of all deployed wallet units. Therefore, certification bodies should only consider cancellation if an unremedied vulnerability is likely to significantly affect the reliability of the wallet solution or the reliability of another wallet solution.</TXT></NP></CONSID><CONSID><NP><NO.P>(20)</NO.P><TXT>A specific process for the update of national certification schemes should be put in place to manage the transition between successive releases of the schemes, in particular in relation to actions to be taken by the certificate holder regarding upcoming evaluations, maintenance, recertification and special evaluations.</TXT></NP></CONSID><CONSID><NP><NO.P>(21)</NO.P><TXT>To facilitate transparency, wallet providers should publicly share security information about their wallet solution.</TXT></NP></CONSID><CONSID><NP><NO.P>(22)</NO.P><TXT>Where national certification schemes rely on assurance information from other certification schemes or sources, a dependency analysis should be carried out to verify that the assurance documentation, for instance assurance reports and certificates of conformity, is available and adequate for the wallet solutions and the electronic identification scheme under which they are provided. The basis for this dependency analysis should be the risk assessment of the wallet solutions and the electronic identification scheme under which they are provided. The evaluation should determine whether the assurance documentation available for a given wallet solution and the electronic identification scheme under which it is provided is adequate to provide assurance corresponding to the targeted evaluation level. The evaluation should also update the dependency analysis, or entirely re-evaluate it, where necessary.</TXT></NP></CONSID><CONSID><NP><NO.P>(23)</NO.P><TXT>Certification bodies should issue certificates of conformity in national certification schemes, together with a publicly available certification report, as referred to in Article 5d(2), point (a), of Regulation (EU) No 910/2014. The associated certification assessment report should be made available to the Cooperation Group.</TXT></NP></CONSID><CONSID><NP><NO.P>(24)</NO.P><TXT>National certification schemes should set out yearly surveillance evaluation to ensure that the processes around the management and maintenance of the wallets are operating effectively, meaning that they operate as defined in the policies determining the processes. The biennial vulnerability assessment is a requirement stemming from Regulation (EU) No 910/2014, to ensure that the wallet solution continues to cover appropriately the cybersecurity risks and threats identified in the risk register, including any evolution of the threat landscape. The notions of surveillance evaluations, recertification evaluations and special evaluations should be in accordance with EN ISO/IEC 17021-1:2015.</TXT></NP></CONSID><CONSID><NP><NO.P>(25)</NO.P><TXT>A certification cycle ends with the expiry of the certificate of conformity, or with the issuance of a new certificate of conformity following a successful recertification evaluation. The recertification evaluation should include an evaluation of all components of the object of certification, including an evaluation of the effectiveness and, where applicable, a vulnerability assessment. During recertification, it should be possible to reuse results from previous evaluations on components that have not changed.</TXT></NP></CONSID><?PAGE NO="5"?><CONSID><NP><NO.P>(26)</NO.P><TXT>When a European cybersecurity certification scheme is adopted, national certification schemes with the same scope should cease issuing certifications after a defined transition period as referred to in Article 57(1) of Regulation (EU) 2019/881.</TXT></NP></CONSID><CONSID><NP><NO.P>(27)</NO.P><TXT>National certification schemes should rely on existing frameworks and reuse evidence as appropriate in order to ensure harmonisation and interoperability. Member States may conclude agreements for the cross-border reuse of certification schemes or parts thereof. The European Commission and ENISA should, in cooperation with the Cooperation Group, support Member States in the development and maintenance of their national certification schemes ensuring knowledge-sharing and best practices.</TXT></NP></CONSID><CONSID><NP><NO.P>(28)</NO.P><TXT>The European Data Protection Supervisor was consulted in accordance with Article 42(1) of Regulation (EU) 2018/1725 of the European Parliament and of the Council<NOTE NOTE.ID="E0009" NUMBERING="ARAB" NUMBERING.CONTINUED="YES" TYPE="FOOTNOTE"><P>Regulation (EU) 2018/1725 of the European Parliament and of the Council of <DATE ISO="20181023">23 October 2018</DATE> on the protection of natural persons with regard to the processing of personal data by the Union institutions, bodies, offices and agencies and on the free movement of such data, and repealing Regulation (EC) No 45/2001 and Decision No 1247/2002/EC (<REF.DOC.OJ COLL="L" DATE.PUB="20181121" NO.OJ="295" PAGE.FIRST="39">OJ L 295, 21.11.2018, p. 39</REF.DOC.OJ>, ELI: <LINK URI="http://data.europa.eu/eli/reg/2018/1725/oj">http://data.europa.eu/eli/reg/2018/1725/oj</LINK>).</P></NOTE>, and delivered its opinion on <DATE ISO="20240930">30 September 2024</DATE>.</TXT></NP></CONSID><CONSID><NP><NO.P>(29)</NO.P><TXT>The measures provided for in this Regulation are in accordance with the opinion of the Committee referred to in Article 48(1) of Regulation (EU) No 910/2014,</TXT></NP></CONSID></GR.CONSID><PREAMBLE.FINAL>HAS ADOPTED THIS REGULATION:</PREAMBLE.FINAL></PREAMBLE><ENACTING.TERMS><DIVISION><TITLE><TI><P>CHAPTER I</P></TI><STI><P><HT TYPE="BOLD">GENERAL PROVISIONS</HT></P></STI></TITLE><ARTICLE IDENTIFIER="001"><TI.ART>Article 1</TI.ART><STI.ART>Subject matter and scope</STI.ART><ALINEA>This Regulation sets out reference standards and establishes specifications and procedures to build a robust framework for the certification of wallets to be updated on a regular basis to keep in line with technology and standards developments and with the work carried out on the basis of Recommendation (EU) 2021/946 on a common Union Toolbox for a coordinated approach towards a European Digital Identity Framework, and in particular the Architecture and Reference Framework.</ALINEA></ARTICLE><ARTICLE IDENTIFIER="002"><TI.ART>Article 2</TI.ART><STI.ART>Definitions</STI.ART><ALINEA><P>For the purpose of this Regulation, the following definitions apply:</P><LIST TYPE="ARAB"><ITEM><NP><NO.P>(1)</NO.P><TXT><QUOT.START CODE="2018" ID="QS0007" REF.END="QE0007"/>wallet solution<QUOT.END CODE="2019" ID="QE0007" REF.START="QS0007"/> means a combination of software, hardware, services, settings, and configurations, including wallet instances, one or more wallet secure cryptographic applications and one or more wallet secure cryptographic devices;</TXT></NP></ITEM><ITEM><NP><NO.P>(2)</NO.P><TXT><QUOT.START CODE="2018" ID="QS0008" REF.END="QE0008"/>scheme owner<QUOT.END CODE="2019" ID="QE0008" REF.START="QS0008"/> means an organisation which is responsible for developing and maintaining a certification scheme;</TXT></NP></ITEM><ITEM><NP><NO.P>(3)</NO.P><TXT><QUOT.START CODE="2018" ID="QS0009" REF.END="QE0009"/>object of certification<QUOT.END CODE="2019" ID="QE0009" REF.START="QS0009"/> means products, processes and services or a combination thereof to which specified requirements apply;</TXT></NP></ITEM><ITEM><NP><NO.P>(4)</NO.P><TXT><QUOT.START CODE="2018" ID="QS0010" REF.END="QE0010"/>wallet secure cryptographic application<QUOT.END CODE="2019" ID="QE0010" REF.START="QS0010"/> means an application that manages critical assets by being linked to and using the cryptographic and non-cryptographic functions provided by the wallet secure cryptographic device;</TXT></NP></ITEM><ITEM><NP><NO.P>(5)</NO.P><TXT><QUOT.START CODE="2018" ID="QS0011" REF.END="QE0011"/>wallet instance<QUOT.END CODE="2019" ID="QE0011" REF.START="QS0011"/> means the application installed and configured on a wallet user’s device or environment, which is part of a wallet unit, and that the wallet user uses to interact with the wallet unit;</TXT></NP></ITEM><?PAGE NO="6"?><ITEM><NP><NO.P>(6)</NO.P><TXT><QUOT.START CODE="2018" ID="QS0012" REF.END="QE0012"/>wallet secure cryptographic device<QUOT.END CODE="2019" ID="QE0012" REF.START="QS0012"/> means a tamper-resistant device that provides an environment that is linked to and used by the wallet secure cryptographic application to protect critical assets and provide cryptographic functions for the secure execution of critical operations;</TXT></NP></ITEM><ITEM><NP><NO.P>(7)</NO.P><TXT><QUOT.START CODE="2018" ID="QS0013" REF.END="QE0013"/>risk register<QUOT.END CODE="2019" ID="QE0013" REF.START="QS0013"/> means a record of information relevant to the certification process about identified risks;</TXT></NP></ITEM><ITEM><NP><NO.P>(8)</NO.P><TXT><QUOT.START CODE="2018" ID="QS0014" REF.END="QE0014"/>wallet provider<QUOT.END CODE="2019" ID="QE0014" REF.START="QS0014"/> means a natural or legal person who provides wallet solutions;</TXT></NP></ITEM><ITEM><NP><NO.P>(9)</NO.P><TXT><QUOT.START CODE="2018" ID="QS0015" REF.END="QE0015"/>certification body<QUOT.END CODE="2019" ID="QE0015" REF.START="QS0015"/> means a third-party conformity assessment body operating certification schemes;</TXT></NP></ITEM><ITEM><NP><NO.P>(10)</NO.P><TXT><QUOT.START CODE="2018" ID="QS0016" REF.END="QE0016"/>wallet unit<QUOT.END CODE="2019" ID="QE0016" REF.START="QS0016"/> means a unique configuration of a wallet solution that includes wallet instances, wallet secure cryptographic applications and wallet secure cryptographic devices provided by a wallet provider to an individual wallet user;</TXT></NP></ITEM><ITEM><NP><NO.P>(11)</NO.P><TXT><QUOT.START CODE="2018" ID="QS0017" REF.END="QE0017"/>critical assets<QUOT.END CODE="2019" ID="QE0017" REF.START="QS0017"/> means assets within or in relation to a wallet unit of such extraordinary importance that where their availability, confidentiality or integrity are compromised, this would have a very serious, debilitating effect on the ability to rely on the wallet unit;</TXT></NP></ITEM><ITEM><NP><NO.P>(12)</NO.P><TXT><QUOT.START CODE="2018" ID="QS0018" REF.END="QE0018"/>wallet user<QUOT.END CODE="2019" ID="QE0018" REF.START="QS0018"/> means a user who is in control of the wallet unit;</TXT></NP></ITEM><ITEM><NP><NO.P>(13)</NO.P><TXT><QUOT.START CODE="2018" ID="QS0019" REF.END="QE0019"/>incident<QUOT.END CODE="2019" ID="QE0019" REF.START="QS0019"/> means an incident as defined in point (6) of Article 6 of Directive (EU) 2022/2555 of the European Parliament and of the Council<NOTE NOTE.ID="E0010" NUMBERING="ARAB" NUMBERING.CONTINUED="YES" TYPE="FOOTNOTE"><P>Directive (EU) 2022/2555 of the European Parliament and of the Council of <DATE ISO="20221214">14 December 2022</DATE> on measures for a high common level of cybersecurity across the Union, amending Regulation (EU) No 910/2014 and Directive (EU) 2018/1972, and repealing Directive (EU) 2016/1148 (NIS 2 Directive) (<REF.DOC.OJ COLL="L" DATE.PUB="20221227" NO.OJ="333" PAGE.FIRST="80">OJ L 333, 27.12.2022, p. 80</REF.DOC.OJ>, ELI: <LINK URI="http://data.europa.eu/eli/dir/2022/2555/oj">http://data.europa.eu/eli/dir/2022/2555/oj</LINK>).</P></NOTE>;</TXT></NP></ITEM><ITEM><NP><NO.P>(14)</NO.P><TXT><QUOT.START CODE="2018" ID="QS0020" REF.END="QE0020"/>embedded disclosure policy<QUOT.END CODE="2019" ID="QE0020" REF.START="QS0020"/> means a set of rules, embedded in an electronic attestation of attributes by its provider, that indicates the conditions that a wallet-relying party has to meet to access the electronic attestation of attributes.</TXT></NP></ITEM></LIST></ALINEA></ARTICLE></DIVISION><DIVISION><TITLE><TI><P>CHAPTER II</P></TI><STI><P><HT TYPE="BOLD">NATIONAL CERTIFICATION SCHEMES</HT></P></STI></TITLE><ARTICLE IDENTIFIER="003"><TI.ART>Article 3</TI.ART><STI.ART>Establishment of national certification schemes</STI.ART><PARAG IDENTIFIER="003.001"><NO.PARAG>1.</NO.PARAG><ALINEA>Member States shall assign a scheme owner for each national certification scheme.</ALINEA></PARAG><PARAG IDENTIFIER="003.002"><NO.PARAG>2.</NO.PARAG><ALINEA>The object of certification defined in national certification schemes shall be the provision and operation of wallet solutions and of the electronic identification schemes under which they are provided.</ALINEA></PARAG><PARAG IDENTIFIER="003.003"><NO.PARAG>3.</NO.PARAG><ALINEA><P>In accordance with Implementing Regulation (EU) 2015/1502, the object of certification in national certification schemes shall include the following elements:</P><LIST TYPE="alpha"><ITEM><NP><NO.P>(a)</NO.P><TXT>the software components, including settings and configurations of a wallet solution and of the electronic identification scheme under which the wallet solutions are provided;</TXT></NP></ITEM><ITEM><NP><NO.P>(b)</NO.P><TXT>the hardware components and platforms on which the software components referred to in point (b) run on or rely upon for critical operations, in cases where they are provided directly or indirectly by the wallet solution and electronic identification scheme under which they are provided and when they are required to meet the desired level of assurance for those software components. When the hardware components and platforms are not provided by the wallet provider, national certification schemes shall formulate assumptions for evaluation of the hardware components and platforms, under which resistance against attackers with high attack potential in line with Implementing Regulation (EU) 2015/1502 can be provided, and specify the evaluation activities to confirm these assumptions as referred in Annex IV;</TXT></NP></ITEM><?PAGE NO="7"?><ITEM><NP><NO.P>(c)</NO.P><TXT>the processes that support the provision and operation of a wallet solution, including the user onboarding process as referred to in Article 5a of Regulation (EU) No 910/2014, covering at least enrolment, electronic means management and organisation pursuant to section 2.1, 2.2, and 2.4 of Annex I to Implementing Regulation (EU) 2015/1502.</TXT></NP></ITEM></LIST></ALINEA></PARAG><PARAG IDENTIFIER="003.004"><NO.PARAG>4.</NO.PARAG><ALINEA>National certification schemes shall include a description of the specific architecture of the wallet solutions and of the electronic identification scheme under which they are provided. When national certification schemes cover more than one specific architecture, they shall include a profile for each specific architecture.</ALINEA></PARAG><PARAG IDENTIFIER="003.005"><NO.PARAG>5.</NO.PARAG><ALINEA><P>For each profile, national certification schemes shall set out at least the following:</P><LIST TYPE="alpha"><ITEM><NP><NO.P>(a)</NO.P><TXT>the specific architecture of a wallet solution and of the electronic identification scheme under which they are provided;</TXT></NP></ITEM><ITEM><NP><NO.P>(b)</NO.P><TXT>the security controls associated to assurance levels set out in Article 8 of Regulation (EU) No 910/2014;</TXT></NP></ITEM><ITEM><NP><NO.P>(c)</NO.P><TXT>an evaluation plan drawn-up in accordance with section 7.4.1 of EN ISO/IEC 17065;2012;</TXT></NP></ITEM><ITEM><NP><NO.P>(d)</NO.P><TXT>the security requirements necessary to address the cybersecurity risks and threats listed in the risk register set out in Annex I of this Regulation, up to the required assurance level, and to meet, where applicable, the objectives defined in Article 51 of Regulation (EU) 2019/881;</TXT></NP></ITEM><ITEM><NP><NO.P>(e)</NO.P><TXT>a mapping of the controls referred to in point (b) of this paragraph to the components of the architecture;</TXT></NP></ITEM><ITEM><NP><NO.P>(f)</NO.P><TXT>a description of how the security controls, the mapping, the security requirements and the evaluation plan referred to in points (b) to (c) allow providers of wallet solutions and the electronic identification scheme under which they are provided to adequately address the cybersecurity risks and threats identified in the risk register referred to in point (d), up to the required assurance level based on a risk assessment to refine and complement the risks and threats listed in the risk register with risks and threats specific to the architecture.</TXT></NP></ITEM></LIST></ALINEA></PARAG><PARAG IDENTIFIER="003.006"><NO.PARAG>6.</NO.PARAG><ALINEA>The evaluation plan referred to in paragraph 5, point (c) shall list evaluation activities to be included in the evaluation of wallet solutions and of the electronic identification scheme under which they are provided.</ALINEA></PARAG><PARAG IDENTIFIER="003.007"><NO.PARAG>7.</NO.PARAG><ALINEA>The evaluation activity referred to in paragraph 6 shall require providers of wallet solutions and the electronic identification scheme under which they are provided to provide information meeting the requirements listed in Annex II.</ALINEA></PARAG></ARTICLE><ARTICLE IDENTIFIER="004"><TI.ART>Article 4</TI.ART><STI.ART>General requirements</STI.ART><PARAG IDENTIFIER="004.001"><NO.PARAG>1.</NO.PARAG><ALINEA><P>National certification schemes shall cover functional, cybersecurity and data protection requirements by using, when available and applicable, the following certification schemes:</P><LIST TYPE="alpha"><ITEM><NP><NO.P>(a)</NO.P><TXT>European cybersecurity certification schemes established pursuant to Regulation (EU) 2019/881, including the EUCC;</TXT></NP></ITEM><ITEM><NP><NO.P>(b)</NO.P><TXT>national cybersecurity certification schemes covered by the EUCC, in accordance with Article 49 of Implementing Regulation (EU) 2024/482.</TXT></NP></ITEM></LIST></ALINEA></PARAG><PARAG IDENTIFIER="004.002"><NO.PARAG>2.</NO.PARAG><ALINEA><P>National certification schemes may, in addition, when available and applicable, refer to:</P><LIST TYPE="alpha"><ITEM><NP><NO.P>(a)</NO.P><TXT>other relevant national certification schemes;</TXT></NP></ITEM><ITEM><NP><NO.P>(b)</NO.P><TXT>international, European, and national standards;</TXT></NP></ITEM><?PAGE NO="8"?><ITEM><NP><NO.P>(c)</NO.P><TXT>technical specifications that meet the requirements set out in Annex II to Regulation (EU) No 1025/2012 of the European Parliament and of the Council<NOTE NOTE.ID="E0011" NUMBERING="ARAB" NUMBERING.CONTINUED="YES" TYPE="FOOTNOTE"><P>Regulation (EU) No 1025/2012 of the European Parliament and of the Council of <DATE ISO="20121025">25 October 2012</DATE> on European standardisation, amending Council Directives 89/686/EEC and 93/15/EEC and Directives 94/9/EC, 94/25/EC, 95/16/EC, 97/23/EC, 98/34/EC, 2004/22/EC, 2007/23/EC, 2009/23/EC and 2009/105/EC of the European Parliament and of the Council and repealing Council Decision 87/95/EEC and Decision No 1673/2006/EC of the European Parliament and of the Council (<REF.DOC.OJ COLL="L" DATE.PUB="20121114" NO.OJ="316" PAGE.FIRST="12">OJ L 316, 14.11.2012, p. 12</REF.DOC.OJ>, ELI: <LINK URI="http://data.europa.eu/eli/reg/2012/1025/oj">http://data.europa.eu/eli/reg/2012/1025/oj</LINK>).</P></NOTE>.</TXT></NP></ITEM></LIST></ALINEA></PARAG><PARAG IDENTIFIER="004.003"><NO.PARAG>3.</NO.PARAG><ALINEA><P>National certification schemes shall:</P><LIST TYPE="alpha"><ITEM><NP><NO.P>(a)</NO.P><TXT>specify the elements listed in section 6.5 of EN ISO/IEC 17067:2013;</TXT></NP></ITEM><ITEM><NP><NO.P>(b)</NO.P><TXT>be implemented as a type 6 scheme, in accordance with section 5.3.8 of EN ISO/IEC 17067:2013.</TXT></NP></ITEM></LIST></ALINEA></PARAG><PARAG IDENTIFIER="004.004"><NO.PARAG>4.</NO.PARAG><ALINEA><P>National certification schemes shall comply with the following requirements:</P><LIST TYPE="alpha"><ITEM><NP><NO.P>(a)</NO.P><TXT>only providers referred to in Article 5a(2) of Regulation (EU) No 910/2014 are eligible to be issued certificates under the national certification schemes;</TXT></NP></ITEM><ITEM><NP><NO.P>(b)</NO.P><TXT>only the Trust Mark is used as mark of conformity;</TXT></NP></ITEM><ITEM><NP><NO.P>(c)</NO.P><TXT>providers of wallet solutions and the electronic identification scheme under which they are provided include references to Regulation (EU) No 910/2014 and this Regulation when referring to the scheme;</TXT></NP></ITEM><ITEM><NP><NO.P>(d)</NO.P><TXT>providers of wallet solutions and the electronic identification scheme under which they are provided, complement the scheme’s risk assessment as referred to in Article 3, paragraph 5 point (f), to identify risks and threats specific to their implementation and propose appropriate treatment measures for all relevant risks and threats;</TXT></NP></ITEM><ITEM><NP><NO.P>(e)</NO.P><TXT>responsibilities and the legal action are established and include references to the applicable national legislation, which defines the responsibilities and possible legal action, where certification under the scheme is being used fraudulently.</TXT></NP></ITEM></LIST></ALINEA></PARAG><PARAG IDENTIFIER="004.005"><NO.PARAG>5.</NO.PARAG><ALINEA>The assessment referred to in paragraph 4, point (d) shall be shared with the certification body for evaluation.</ALINEA></PARAG></ARTICLE><ARTICLE IDENTIFIER="005"><TI.ART>Article 5</TI.ART><STI.ART>Incident and vulnerability management</STI.ART><PARAG IDENTIFIER="005.001"><NO.PARAG>1.</NO.PARAG><ALINEA>National certification schemes shall contain incident and vulnerability management requirements in accordance with paragraphs 2 to 9.</ALINEA></PARAG><PARAG IDENTIFIER="005.002"><NO.PARAG>2.</NO.PARAG><ALINEA>The holder of a certificate of conformity of a wallet solution and of the electronic identification scheme under which it is provided shall notify their certification body without undue delay of any breach or compromise of the wallet solution, or of the electronic identification scheme under which it is provided, that is likely to impact its conformity with the requirements of the national certification schemes’ requirements.</ALINEA></PARAG><PARAG IDENTIFIER="005.003"><NO.PARAG>3.</NO.PARAG><ALINEA>The holder of a certificate of conformity shall establish, maintain and operate a vulnerability management policy and procedures, taking into account the procedures set out in existing European and international standards, including EN ISO/IEC 30111:2019.</ALINEA></PARAG><PARAG IDENTIFIER="005.004"><NO.PARAG>4.</NO.PARAG><ALINEA>The holder of the certificate of conformity shall notify the issuing certification body of the vulnerabilities and changes affecting the wallet solution, based on defined criteria on the impact of these vulnerabilities and changes.</ALINEA></PARAG><PARAG IDENTIFIER="005.005"><NO.PARAG>5.</NO.PARAG><ALINEA><P>The holder of the certificate of conformity shall prepare a vulnerability impact analysis report for any vulnerability that affects the software components of the wallet solution. The report shall include the following information:</P><LIST TYPE="alpha"><ITEM><NP><NO.P>(a)</NO.P><TXT>the impact of the vulnerability on the certified wallet solution;</TXT></NP></ITEM><ITEM><NP><NO.P>(b)</NO.P><TXT>possible risks associated with the proximity or likelihood of an attack;</TXT></NP></ITEM><?PAGE NO="9"?><ITEM><NP><NO.P>(c)</NO.P><TXT>whether the vulnerability can be remedied using available means;</TXT></NP></ITEM><ITEM><NP><NO.P>(d)</NO.P><TXT>where the vulnerability can be remedied using available means, possible ways to remedy the vulnerability.</TXT></NP></ITEM></LIST></ALINEA></PARAG><PARAG IDENTIFIER="005.006"><NO.PARAG>6.</NO.PARAG><ALINEA>Where notification is required in paragraph 4, the holder of the certificate of conformity shall transmit, without undue delay, the vulnerability impact analysis report referred to in paragraph 5 to the certification body.</ALINEA></PARAG><PARAG IDENTIFIER="005.007"><NO.PARAG>7.</NO.PARAG><ALINEA>The holder of a certificate of conformity shall establish, maintain and operate a vulnerability management policy meeting the requirements set out in Annex I to the Cyber Resilience Act<NOTE NOTE.ID="E0012" NUMBERING="ARAB" NUMBERING.CONTINUED="YES" TYPE="FOOTNOTE"><P>Regulation (EU) 2024/2847 of the European Parliament and of the Council of <DATE ISO="20241023">23 October 2024</DATE> on horizontal cybersecurity requirements for products with digital elements and amending Regulations (EU) No 168/2013 and (EU) No 2019/1020 and Directive (EU) 2020/1828 (Cyber Resilience Act) (<REF.DOC COLL="L" CONTEXT="EUR-LEX" DATE.PUB="20241120" NO.DOC="2847" URI="http://data.europa.eu/eli/reg/2024/2847/oj">OJ L, 2024/2847, 20.11.2024, ELI: http://data.europa.eu/eli/reg/2024/2847/oj</REF.DOC>).</P></NOTE>.</ALINEA></PARAG><PARAG IDENTIFIER="005.008"><NO.PARAG>8.</NO.PARAG><ALINEA>National certification schemes shall establish vulnerability disclosure requirements applicable to certification bodies.</ALINEA></PARAG><PARAG IDENTIFIER="005.009"><NO.PARAG>9.</NO.PARAG><ALINEA>The holder of a certificate of conformity shall disclose and register any publicly known and remediated vulnerability in the wallet solution or in one of the online repositories referred to in Annex V.</ALINEA></PARAG></ARTICLE><ARTICLE IDENTIFIER="006"><TI.ART>Article 6</TI.ART><STI.ART>Maintenance of national certification schemes</STI.ART><PARAG IDENTIFIER="006.001"><NO.PARAG>1.</NO.PARAG><ALINEA>National certification schemes shall contain a process for reviewing their operation on a periodic basis. That process shall aim at confirming their adequacy and at identifying aspects requiring improvement, taking into account feedback from stakeholders.</ALINEA></PARAG><PARAG IDENTIFIER="006.002"><NO.PARAG>2.</NO.PARAG><ALINEA><P>National certification schemes shall include provisions concerning their maintenance. This process shall include at least the following requirements:</P><LIST TYPE="alpha"><ITEM><NP><NO.P>(a)</NO.P><TXT>rules for the governance of the national certification schemes’ definition and requirements;</TXT></NP></ITEM><ITEM><NP><NO.P>(b)</NO.P><TXT>the establishment of timelines for the issuance of certificates following the adoption of updated versions of the national certification schemes, both for new certificates of conformity and for previously issued ones;</TXT></NP></ITEM><ITEM><NP><NO.P>(c)</NO.P><TXT>a periodic review of the national certification schemes, to ensure that the national certification schemes’ requirements are being applied in a consistent manner, taking into account at least the following aspects:</TXT><P><LIST TYPE="DASH"><ITEM><P>requests for clarification addressed to the scheme owner related to the national certification scheme requirements;</P></ITEM><ITEM><P>feedback from stakeholders and other interested parties;</P></ITEM><ITEM><P>responsiveness of the national certification scheme owner to requests of information.</P></ITEM></LIST></P></NP></ITEM><ITEM><NP><NO.P>(d)</NO.P><TXT>rules for monitoring reference documents and procedures for the evolution of national certification schemes’ reference versions, including at least transition periods;</TXT></NP></ITEM><ITEM><NP><NO.P>(e)</NO.P><TXT>a process to ensure the latest cybersecurity risks and threats as listed in the risk register set out in Annex I of this Regulation are covered;</TXT></NP></ITEM><ITEM><NP><NO.P>(f)</NO.P><TXT>a process for managing other changes in national certification schemes.</TXT></NP></ITEM></LIST></ALINEA></PARAG><?PAGE NO="10"?><PARAG IDENTIFIER="006.003"><NO.PARAG>3.</NO.PARAG><ALINEA>National certification schemes shall contain requirements for performing evaluations on currently certified products within a certain period after the revision of the scheme, or after the release of new specifications or standards, or new versions thereof, with which the wallet solutions and the electronic identification scheme under which they are provided shall comply.</ALINEA></PARAG></ARTICLE></DIVISION><DIVISION><TITLE><TI><P>CHAPTER III</P></TI><STI><P><HT TYPE="BOLD">REQUIREMENTS RELATING TO SCHEME OWNERS</HT></P></STI></TITLE><ARTICLE IDENTIFIER="007"><TI.ART>Article 7</TI.ART><STI.ART>General requirements</STI.ART><PARAG IDENTIFIER="007.001"><NO.PARAG>1.</NO.PARAG><ALINEA>Scheme owners shall develop and maintain national certification schemes and govern their operations.</ALINEA></PARAG><PARAG IDENTIFIER="007.002"><NO.PARAG>2.</NO.PARAG><ALINEA>Scheme owners may subcontract all or part of their tasks to a third party. When subcontracting to a private party, scheme owners shall set out the duties and responsibilities of all parties by contract. Scheme owners shall remain responsible for all subcontracted activities performed by their subcontractors.</ALINEA></PARAG><PARAG IDENTIFIER="007.003"><NO.PARAG>3.</NO.PARAG><ALINEA><P>Scheme owners shall perform their monitoring activities, if applicable, at least on the basis of the following information:</P><LIST TYPE="alpha"><ITEM><NP><NO.P>(a)</NO.P><TXT>information coming from certification bodies, national accreditation bodies, and relevant market surveillance authorities;</TXT></NP></ITEM><ITEM><NP><NO.P>(b)</NO.P><TXT>information resulting from its own or another authority’s audits and investigations;</TXT></NP></ITEM><ITEM><NP><NO.P>(c)</NO.P><TXT>complaints and appeals received pursuant to Article 15.</TXT></NP></ITEM></LIST></ALINEA></PARAG><PARAG IDENTIFIER="007.004"><NO.PARAG>4.</NO.PARAG><ALINEA>Scheme owners shall inform the Cooperation Group of revisions to the national certification schemes. That notification shall provide adequate information for the Cooperation Group to issue recommendations to scheme owners and opinions about the updated national certification schemes.</ALINEA></PARAG></ARTICLE></DIVISION><DIVISION><TITLE><TI><P>CHAPTER IV</P></TI><STI><P><HT TYPE="BOLD">REQUIREMENTS RELATING TO PROVIDERS OF WALLET SOLUTIONS AND THE ELECTRONIC IDENTIFICATION SCHEME UNDER WHICH THEY ARE PROVIDED</HT></P></STI></TITLE><ARTICLE IDENTIFIER="008"><TI.ART>Article 8</TI.ART><STI.ART>General requirements</STI.ART><PARAG IDENTIFIER="008.001"><NO.PARAG>1.</NO.PARAG><ALINEA>National certification schemes shall contain cybersecurity requirements based on a risk assessment of each specific supported architecture. Those cybersecurity requirements shall aim to treat the identified cybersecurity risks and threats, as established in the risk register set out in Annex I.</ALINEA></PARAG><PARAG IDENTIFIER="008.002"><NO.PARAG>2.</NO.PARAG><ALINEA>In line with Article 5a(23) of Regulation (EU) No 910/2014, national certification schemes shall require wallet solutions, and the electronic identification schemes under which they are provided, to be resistant against attackers with high attack potential for assurance level high, as referred to Implementing Regulation (EU) 2015/1502.</ALINEA></PARAG><PARAG IDENTIFIER="008.003"><NO.PARAG>3.</NO.PARAG><ALINEA><P>National certification schemes shall establish security criteria, which shall include the following requirements:</P><LIST TYPE="alpha"><ITEM><NP><NO.P>(a)</NO.P><TXT>Cyber Resilience Act where applicable, or requirements meeting the security objectives set out in Article 51 of Regulation (EU) 2019/881;</TXT></NP></ITEM><ITEM><NP><NO.P>(b)</NO.P><TXT>the establishment and implementation of policies and procedures concerning the management of risks associated with the operation of a wallet solution, including the identification and assessment of risks and the mitigation of the identified risks;</TXT></NP></ITEM><?PAGE NO="11"?><ITEM><NP><NO.P>(c)</NO.P><TXT>the establishment and implementation of policies and procedures related to the management of changes and to the management of vulnerabilities in accordance with Article 5 of this Regulation;</TXT></NP></ITEM><ITEM><NP><NO.P>(d)</NO.P><TXT>the establishment and implementation of human resource management policies and procedures, including requirements on expertise, reliability, experience, security training, and qualifications of personnel involved in the development or operation of the wallet solution;</TXT></NP></ITEM><ITEM><NP><NO.P>(e)</NO.P><TXT>requirements relating to the wallet solution’s operating environment, including in the form of assumptions on the security of the devices and platforms on which the software components of the wallet solution run, including WSCDs and where applicable and relevant, conformity assessment requirements to confirm that those assumptions are verified on the relevant devices and platforms;</TXT></NP></ITEM><ITEM><NP><NO.P>(f)</NO.P><TXT>for each assumption that is not backed by a certificate of conformity or other acceptable assurance information, a description of the mechanism that the wallet provider uses to enforce the assumption, as well as a justification that the mechanism is sufficient to ensure that the assumption is verified;</TXT></NP></ITEM><ITEM><NP><NO.P>(g)</NO.P><TXT>the establishment and implementation of measures to ensure the use of a currently certified version of the wallet solution.</TXT></NP></ITEM></LIST></ALINEA></PARAG><PARAG IDENTIFIER="008.004"><NO.PARAG>4.</NO.PARAG><ALINEA>National certification schemes shall contain functional requirements relating to update mechanisms for every software component of the wallet solutions and the electronic identification scheme under which they are provided for the operations listed in Annex III.</ALINEA></PARAG><PARAG IDENTIFIER="008.005"><NO.PARAG>5.</NO.PARAG><ALINEA><P>National certification schemes shall require that the following information and documentation is provided or otherwise made available to the certification body by the applicant for certification:</P><LIST TYPE="alpha"><ITEM><NP><NO.P>(a)</NO.P><TXT>evidence related to the information referred to in Annex IV, point 1, including where necessary details on the wallet solution and its source code, including:</TXT><P><LIST TYPE="DASH"><ITEM><P><HT TYPE="ITALIC">architecture information:</HT> for every component of the wallet solution (including product, process and service components), a description of its essential security properties, including its external dependencies;</P></ITEM><ITEM><P><HT TYPE="ITALIC">controls and assurance levels:</HT> for every security control of the wallet solution, a description of the control and the required assurance level, based on the Annex to Implementing Regulation (EU) 2015/1502, which sets out a number of technical specifications and procedures that apply to the various controls implemented by the electronic identification means;</P></ITEM><ITEM><P><HT TYPE="ITALIC">mapping the controls to architecture components:</HT> a description of how the controls of the wallet are implemented using the different components of the wallet solution, based on a rationale explaining why a given assurance level is required, and how the control is implemented with all required security aspects at the appropriate level;</P></ITEM><ITEM><P><HT TYPE="ITALIC">rationale and justification of risk coverage:</HT> a justification of:</P><P><LIST TYPE="DASH"><ITEM><P>the mapping of controls to components;</P></ITEM><ITEM><P>the suitability of the proposed evaluation plan to appropriately cover all controls;</P></ITEM><ITEM><P>the coverage provided by the controls of the cybersecurity risks and threats identified in the risk register, complemented by controls of risks and threats specific to the implementation, at the appropriate assurance level;</P></ITEM></LIST></P></ITEM></LIST></P></NP></ITEM><ITEM><NP><NO.P>(b)</NO.P><TXT>the information listed in Annex V;</TXT></NP></ITEM><ITEM><NP><NO.P>(c)</NO.P><TXT>a complete list of the certificates of conformity and other assurance information used as evidence during the evaluation activities;</TXT></NP></ITEM><ITEM><NP><NO.P>(d)</NO.P><TXT>any other information relevant for the evaluation activities.</TXT></NP></ITEM></LIST></ALINEA></PARAG></ARTICLE></DIVISION><?PAGE NO="12"?><DIVISION><TITLE><TI><P>CHAPTER V</P></TI><STI><P><HT TYPE="BOLD">REQUIREMENTS RELATING TO CERTIFICATION BODIES</HT></P></STI></TITLE><ARTICLE IDENTIFIER="009"><TI.ART>Article 9</TI.ART><STI.ART>General requirements</STI.ART><PARAG IDENTIFIER="009.001"><NO.PARAG>1.</NO.PARAG><ALINEA>Certification bodies shall be accredited by national accreditation bodies appointed pursuant to Regulation (EC) No 765/2008 of the European Parliament and of the Council<NOTE NOTE.ID="E0013" NUMBERING="ARAB" NUMBERING.CONTINUED="YES" TYPE="FOOTNOTE"><P>Regulation (EC) No 765/2008 of the European Parliament and of the Council of <DATE ISO="20080709">9 July 2008</DATE> setting out the requirements for accreditation and market surveillance relating to the marketing of products and repealing Regulation (EEC) No 339/93 (<REF.DOC.OJ COLL="L" DATE.PUB="20080813" NO.OJ="218" PAGE.FIRST="30">OJ L 218, 13.8.2008, p. 30</REF.DOC.OJ>, ELI: <LINK URI="http://data.europa.eu/eli/reg/2008/765/oj">http://data.europa.eu/eli/reg/2008/765/oj</LINK>).</P></NOTE> in accordance with EN ISO/IEC 17065:2012, provided that they comply with the requirements set out in national certification schemes in accordance with paragraph 2.</ALINEA></PARAG><PARAG IDENTIFIER="009.002"><NO.PARAG>2.</NO.PARAG><ALINEA><P>For the purposes of accreditation, certification bodies shall comply with all the following competence requirements:</P><LIST TYPE="alpha"><ITEM><NP><NO.P>(a)</NO.P><TXT>detailed and technical knowledge of the relevant architectures of a wallet solution and of the electronic identification scheme under which they are provided, as well as of the threats and risks relevant to those architectures;</TXT></NP></ITEM><ITEM><NP><NO.P>(b)</NO.P><TXT>knowledge of available security solutions and of their properties pursuant to the Annex of Implementing Regulation (EU) 2015/1502;</TXT></NP></ITEM><ITEM><NP><NO.P>(c)</NO.P><TXT>knowledge of the activities performed in virtue of certificates of conformity applied to components of the wallet solution and the electronic identification scheme under which they are provided, as being the object of certification;</TXT></NP></ITEM><ITEM><NP><NO.P>(d)</NO.P><TXT>detailed knowledge of the applicable national certification scheme as established in accordance with Chapter II.</TXT></NP></ITEM></LIST></ALINEA></PARAG><PARAG IDENTIFIER="009.003"><NO.PARAG>3.</NO.PARAG><ALINEA><P>Certification bodies shall perform their surveillance activities in particular on the basis of the following information:</P><LIST TYPE="alpha"><ITEM><NP><NO.P>(a)</NO.P><TXT>information coming from national accreditation bodies, and relevant market surveillance authorities;</TXT></NP></ITEM><ITEM><NP><NO.P>(b)</NO.P><TXT>information resulting from their own or another authority’s audits and investigations;</TXT></NP></ITEM><ITEM><NP><NO.P>(c)</NO.P><TXT>complaints and appeals received pursuant to Article 15.</TXT></NP></ITEM></LIST></ALINEA></PARAG></ARTICLE><ARTICLE IDENTIFIER="010"><TI.ART>Article 10</TI.ART><STI.ART>Subcontracting</STI.ART><ALINEA><P>Certification bodies may subcontract the evaluation activities, as set out in Article 13, to third parties. Where evaluation activities are subcontracted, national certification schemes shall establish the following:</P><LIST TYPE="ARAB"><ITEM><NP><NO.P>(1)</NO.P><TXT>all subcontractors of the certification body performing evaluation activities shall, as applicable and appropriate for the activities to be performed, meet the requirements of harmonised standards like EN ISO/IEC 17025:2017 for testing, EN ISO/IEC 17020:2012 for inspection, EN ISO/IEC 17021-1:2015 for audit, and EN ISO/IEC 17029:2019 for validation and verification;</TXT></NP></ITEM><ITEM><NP><NO.P>(2)</NO.P><TXT>certification bodies shall take responsibility for all evaluation activities outsourced to other bodies and demonstrate that they have taken appropriate measures during their accreditation, including by relying on their subcontractors’ own accreditation, when applicable;</TXT></NP></ITEM><ITEM><NP><NO.P>(3)</NO.P><TXT>the degree to which prior agreement to outsourcing needs shall be obtained from scheme owners or the client whose wallet solution is being certified under the certification scheme.</TXT></NP></ITEM></LIST></ALINEA></ARTICLE><?PAGE NO="13"?><ARTICLE IDENTIFIER="011"><TI.ART>Article 11</TI.ART><STI.ART>Notification to the supervisory body</STI.ART><ALINEA>Certification bodies shall notify the supervisory body referred to in Article 46a(1) of Regulation (EU) No 910/2014 of the issuance, suspension and cancellation of certificates of conformity of wallet solutions and the electronic identification scheme under which they are provided.</ALINEA></ARTICLE><ARTICLE IDENTIFIER="012"><TI.ART>Article 12</TI.ART><STI.ART>Incident and vulnerability management</STI.ART><PARAG IDENTIFIER="012.001"><NO.PARAG>1.</NO.PARAG><ALINEA>Certification bodies shall suspend, without undue delay, the certificate of conformity of the wallet solutions and the electronic identification scheme under which they are provided after they confirm that the notified security breach or compromise impacts the conformity with the national certification schemes’ requirements, of the wallet solution or of the electronic identification scheme under which they are provided.</ALINEA></PARAG><PARAG IDENTIFIER="012.002"><NO.PARAG>2.</NO.PARAG><ALINEA>Certification bodies shall cancel the certificate of conformity that has been suspended following a security breach or compromise that has not been remedied in a timely manner.</ALINEA></PARAG><PARAG IDENTIFIER="012.003"><NO.PARAG>3.</NO.PARAG><ALINEA>Certification bodies shall cancel certificates of conformity where an identified vulnerability has not been remedied commensurately with its severity and potential impact in a timely manner, in accordance with Articles 5c(4) and 5e(2) of Regulation (EU) No 910/2014.</ALINEA></PARAG></ARTICLE></DIVISION><DIVISION><TITLE><TI><P>CHAPTER VI</P></TI><STI><P><HT TYPE="BOLD">CONFORMITY ASSESSMENT ACTIVITIES</HT></P></STI></TITLE><ARTICLE IDENTIFIER="013"><TI.ART>Article 13</TI.ART><STI.ART>Evaluation activities</STI.ART><PARAG IDENTIFIER="013.001"><NO.PARAG>1.</NO.PARAG><ALINEA><P>National certification schemes shall contain methods and procedures to be used by the conformity assessment bodies when conducting their evaluation activities in accordance with EN ISO/IEC 17065:2012, which shall cover at least the following aspects:</P><LIST TYPE="alpha"><ITEM><NP><NO.P>(a)</NO.P><TXT>the methods and procedures to conduct evaluation activities, including those related to WSCD, as set out in Annex IV;</TXT></NP></ITEM><ITEM><NP><NO.P>(b)</NO.P><TXT>the audit of the implementation of the wallet solution and the electronic identification scheme under which they are provided, based on the risk register, set out in Annex I and complemented where necessary by implementation-specific risks;</TXT></NP></ITEM><ITEM><NP><NO.P>(c)</NO.P><TXT>functional testing activities, based, when available and appropriate, on test suites that are defined according to technical specifications or standards;</TXT></NP></ITEM><ITEM><NP><NO.P>(d)</NO.P><TXT>assessment of the existence and suitability of maintenance processes, including at least version management, update management and vulnerability management;</TXT></NP></ITEM><ITEM><NP><NO.P>(e)</NO.P><TXT>assessment of the operating effectiveness of the maintenance processes, including at least version management, update management and vulnerability management;</TXT></NP></ITEM><ITEM><NP><NO.P>(f)</NO.P><TXT>dependency analysis provided by the wallet provider, including a methodology to assess the acceptability of assurance information, which shall include the elements set out in Annex VI;</TXT></NP></ITEM><ITEM><NP><NO.P>(g)</NO.P><TXT>vulnerability assessment, at the appropriate level, including:</TXT><P><LIST TYPE="DASH"><ITEM><P>a review of the design of the wallet solution, and where applicable, of its source code;</P></ITEM><ITEM><P>testing of the resistance of the wallet solution against attackers with high attack potential for assurance level <QUOT.START CODE="2018" ID="QS0021" REF.END="QE0021"/>high<QUOT.END CODE="2019" ID="QE0021" REF.START="QS0021"/> pursuant to Section 2.2.1 of the Annex to Implementing Regulation (EU) 2015/1502;</P></ITEM></LIST></P></NP></ITEM><?PAGE NO="14"?><ITEM><NP><NO.P>(h)</NO.P><TXT>assessment of the evolution of the threat environment and its impact on the coverage of the risks by the wallet solution, to determine which evaluation activities are required on the various components of the wallet solution.</TXT></NP></ITEM></LIST></ALINEA></PARAG><PARAG IDENTIFIER="013.002"><NO.PARAG>2.</NO.PARAG><ALINEA>National certification schemes shall contain an evaluation to determine whether the implementation of wallet solutions and the electronic identification scheme under which those wallet solutions are provided match the architecture set out in Article 3 paragraph 5, point (a), as well as an evaluation to determine whether the evaluation plan proposed together with the implementation matches the evaluation plan referred to in Article 3 paragraph 5, point (c).</ALINEA></PARAG><PARAG IDENTIFIER="013.003"><NO.PARAG>3.</NO.PARAG><ALINEA>National certification schemes shall set out sampling rules, in order to avoid the repetition of identical evaluation activities and to focus on activities that are specific to a given variant. Those sampling rules shall allow functional and security tests to be performed only on a sample of variants of a target component of a wallet solution and the electronic identification scheme under which they a provided and on a sample of target devices. National certification schemes shall require all certification bodies to justify their use of sampling.</ALINEA></PARAG><PARAG IDENTIFIER="013.004"><NO.PARAG>4.</NO.PARAG><ALINEA>National certification schemes shall require the evaluation, by the certification body, of the WSCA based on the methods and procedures set out in Annex IV.</ALINEA></PARAG></ARTICLE><ARTICLE IDENTIFIER="014"><TI.ART>Article 14</TI.ART><STI.ART>Certification activities</STI.ART><PARAG IDENTIFIER="014.001"><NO.PARAG>1.</NO.PARAG><ALINEA><P>National certification schemes shall set out an attestation activity for the purpose of issuing a certificate of conformity, in accordance with section V(a) of EN ISO/IEC 17067:2013, Table 1, including the following aspects:</P><LIST TYPE="alpha"><ITEM><NP><NO.P>(a)</NO.P><TXT>the content of the certificate of conformity as set out in Annex VII;</TXT></NP></ITEM><ITEM><NP><NO.P>(b)</NO.P><TXT>how the results of the evaluation are to be reported in the public certification report, including at least a summary of the preliminary audit and validation plan, as set out in Annex VIII;</TXT></NP></ITEM><ITEM><NP><NO.P>(c)</NO.P><TXT>the content of the evaluation results reported in the certification assessment report, including the elements set out in Annex VIII.</TXT></NP></ITEM></LIST></ALINEA></PARAG><PARAG IDENTIFIER="014.002"><NO.PARAG>2.</NO.PARAG><ALINEA>The certification assessment report may be made available to the Cooperation Group and to the Commission.</ALINEA></PARAG></ARTICLE><ARTICLE IDENTIFIER="015"><TI.ART>Article 15</TI.ART><STI.ART>Complaints and appeals</STI.ART><ALINEA>National certification schemes shall contain procedures or references to the applicable national legislation, which define the mechanism to effectively lodge and handle complaints and appeals in relation to their implementation of the certification scheme or to a certificate of conformity issued. These procedures shall include the provision of information to the complainant of the progress of the proceedings and on the decision taken, and information to the complainant on the right to an effective judicial remedy. National certification schemes shall require that all complaints and appeals that have not been or cannot be resolved by the certification body are sent to the scheme owner for assessment and resolution.</ALINEA></ARTICLE><ARTICLE IDENTIFIER="016"><TI.ART>Article 16</TI.ART><STI.ART>Surveillance activities</STI.ART><PARAG IDENTIFIER="016.001"><NO.PARAG>1.</NO.PARAG><ALINEA>National certification schemes shall require certification bodies to implement surveillance activities consisting of surveillance evaluation of processes combined with random tests or inspections.</ALINEA></PARAG><PARAG IDENTIFIER="016.002"><NO.PARAG>2.</NO.PARAG><ALINEA>National certification schemes shall contain requirements for scheme owners to monitor the compliance of certification bodies with their obligations pursuant to Regulation (EU) No 910/2014 and pursuant to national certification schemes, if applicable.</ALINEA></PARAG><?PAGE NO="15"?><PARAG IDENTIFIER="016.003"><NO.PARAG>3.</NO.PARAG><ALINEA><P>National certification schemes shall contain requirements for certification bodies to monitor the following:</P><LIST TYPE="alpha"><ITEM><NP><NO.P>(a)</NO.P><TXT>compliance by holders of a certificate of conformity issued under national certification schemes with their obligations concerning certification pursuant to Regulation (EU) No 910/2014 and pursuant to national certification schemes;</TXT></NP></ITEM><ITEM><NP><NO.P>(b)</NO.P><TXT>compliance of the certified wallet solution with the requirements set out in national certification schemes.</TXT></NP></ITEM></LIST></ALINEA></PARAG></ARTICLE><ARTICLE IDENTIFIER="017"><TI.ART>Article 17</TI.ART><STI.ART>Consequences of non-compliance</STI.ART><ALINEA><P>National certification schemes shall set out the consequences of non-conformity of a certified wallet solution and of the electronic identification scheme under which they are provided, with the requirements set out in this Regulation. Those consequences shall include the following aspects:</P><LIST TYPE="ARAB"><ITEM><NP><NO.P>(1)</NO.P><TXT>the obligation on the certification body to inform the holder of the certificate of conformity and to request the holder of the certificate of conformity to apply remedial actions;</TXT></NP></ITEM><ITEM><NP><NO.P>(2)</NO.P><TXT>the obligation on the certification body to inform other relevant market surveillance authorities where the non-conformity concerns relevant Union legislation;</TXT></NP></ITEM><ITEM><NP><NO.P>(3)</NO.P><TXT>the conditions for carrying out remedial actions by the holder of the certificate of conformity;</TXT></NP></ITEM><ITEM><NP><NO.P>(4)</NO.P><TXT>the conditions for the suspension of a certificate of conformity by the certification body and for restoration of the certificate of conformity after the non-conformity has been remediated;</TXT></NP></ITEM><ITEM><NP><NO.P>(5)</NO.P><TXT>the conditions for cancellation of a certificate of conformity by the certification body;</TXT></NP></ITEM><ITEM><NP><NO.P>(6)</NO.P><TXT>the consequences of non-compliance by the certification body with the requirements of the national certification scheme.</TXT></NP></ITEM></LIST></ALINEA></ARTICLE></DIVISION><DIVISION><TITLE><TI><P>CHAPTER VII</P></TI><STI><P><HT TYPE="BOLD">CERTIFICATION LIFECYCLE</HT></P></STI></TITLE><ARTICLE IDENTIFIER="018"><TI.ART>Article 18</TI.ART><STI.ART>Certification lifecycle</STI.ART><PARAG IDENTIFIER="018.001"><NO.PARAG>1.</NO.PARAG><ALINEA>The validity of certificates of conformity issued under national certification schemes shall be subject to regular evaluation activities by the certification body carried out in accordance with the requirements set out in Annex IX.</ALINEA></PARAG><PARAG IDENTIFIER="018.002"><NO.PARAG>2.</NO.PARAG><ALINEA>National certification schemes shall contain a process for the recertification of wallet solutions and the electronic identification scheme under which they are provided, upon request of the holder of the certificate of conformity before the expiry of the initial certificate of conformity. That process for recertification shall include a full evaluation of the wallet solution and of the electronic identification scheme under which they are provided, including a vulnerability assessment, following the principles set out in Annex IX.</ALINEA></PARAG><PARAG IDENTIFIER="018.003"><NO.PARAG>3.</NO.PARAG><ALINEA>National certification schemes shall contain a process for managing changes in a certified wallet solution and the electronic identification scheme under which they are provided. That process shall include rules for determining whether a change is to be covered by a special evaluation as referred to in paragraph 4 or by the verification of the operating effectiveness of the maintenance processes as referred to Annex IV.</ALINEA></PARAG><?PAGE NO="16"?><PARAG IDENTIFIER="018.004"><NO.PARAG>4.</NO.PARAG><ALINEA>National certification schemes shall contain a process for special evaluations in accordance with EN ISO/IEC 17065:2012. That process for special evaluations shall include a selection of activities to be performed to address the specific issue that triggered the special evaluation.</ALINEA></PARAG><PARAG IDENTIFIER="018.005"><NO.PARAG>5.</NO.PARAG><ALINEA>National certification schemes shall set out rules related to the cancellation of a certificate of conformity.</ALINEA></PARAG></ARTICLE></DIVISION><DIVISION><TITLE><TI><P>CHAPTER VIII</P></TI><STI><P><HT TYPE="BOLD">RECORDKEEPING AND PROTECTION OF INFORMATION</HT></P></STI></TITLE><ARTICLE IDENTIFIER="019"><TI.ART>Article 19</TI.ART><STI.ART>Retention of records</STI.ART><PARAG IDENTIFIER="019.001"><NO.PARAG>1.</NO.PARAG><ALINEA>National certification schemes shall contain requirements for certification bodies concerning a record system for all relevant information produced in connection with the conformity assessment activities that they perform, including data issued and received by providers of wallet solutions and the electronic identification schemes under which they are provided. The records of such information shall be stored in a secure manner. The records may be kept electronically and shall remain accessible for as long as required by Union law or national law, and for at least five years, after the cancellation or expiry of the relevant certificate of conformity.</ALINEA></PARAG><PARAG IDENTIFIER="019.002"><NO.PARAG>2.</NO.PARAG><ALINEA><P>National certification schemes shall set out requirements for the holder of the certificate of conformity to store the following information securely for the purpose of this Regulation, and for at least five years after the cancellation or expiry of the relevant certificate of conformity:</P><LIST TYPE="alpha"><ITEM><NP><NO.P>(a)</NO.P><TXT>records of the information provided to the certification body or any of its sub-contractors during the certification process;</TXT></NP></ITEM><ITEM><NP><NO.P>(b)</NO.P><TXT>specimens of hardware components that have been included in the scope of certification for the wallet solution.</TXT></NP></ITEM></LIST></ALINEA></PARAG><PARAG IDENTIFIER="019.003"><NO.PARAG>3.</NO.PARAG><ALINEA>National certification schemes shall require the holder of the certificate of conformity to make the information referred to in paragraph 1 available to the certification body or the supervisory body referred to in Article 46a(1) of Regulation (EU) No 910/2014 upon request.</ALINEA></PARAG></ARTICLE><ARTICLE IDENTIFIER="020"><TI.ART>Article 20</TI.ART><STI.ART>Protection of information</STI.ART><ALINEA>Under national certification schemes, all persons or organisations that are granted access to information in the execution of activities under the national certification scheme shall be required to ensure the security and protection of trade secrets and other confidential information, as well as preserving intellectual property rights, and take the necessary and appropriate technical and organisational measures to ensure this confidentiality.</ALINEA></ARTICLE></DIVISION><?PAGE NO="17"?><DIVISION><TITLE><TI><P>CHAPTER IX</P></TI><STI><P><HT TYPE="BOLD">FINAL PROVISIONS</HT></P></STI></TITLE><ARTICLE IDENTIFIER="021"><TI.ART>Article 21</TI.ART><STI.ART>Transition to a European cybersecurity certification scheme</STI.ART><ALINEA>This Regulation shall be subject to review, on the adoption of the first European cybersecurity certification scheme for wallet solutions and the electronic identification schemes under which they are provided, with the objective of taking into account the contribution of such a European cybersecurity certification scheme to the overall certification of wallet solutions and the electronic identification schemes under which they are provided.</ALINEA></ARTICLE><ARTICLE IDENTIFIER="022"><TI.ART>Article 22</TI.ART><STI.ART>Entry into force</STI.ART><ALINEA>This Regulation shall enter into force on the twentieth day following that of its publication in the <HT TYPE="ITALIC">Official Journal of the European Union</HT>.</ALINEA></ARTICLE></DIVISION></ENACTING.TERMS><FINAL><P>This Regulation shall be binding in its entirety and directly applicable in all Member States.</P><SIGNATURE><PL.DATE><P>Done at Brussels, <DATE ISO="20241128">28 November 2024</DATE>.</P></PL.DATE><SIGNATORY><P><HT TYPE="ITALIC">For the Commission</HT></P><P><HT TYPE="ITALIC">The President</HT></P><P>Ursula <HT TYPE="UC">von der Leyen</HT></P></SIGNATORY></SIGNATURE></FINAL></ACT>
