<?xml version="1.0" encoding="UTF-8"?>
<ANNEX xmlns:xsi="http://www.w3.org/2001/XMLSchema-instance" xsi:noNamespaceSchemaLocation="http://formex.publications.europa.eu/schema/formex-06.02.1-20231031.xd" NNC="YES"><BIB.INSTANCE><DOCUMENT.REF FILE="L_202402981EN.doc.fmx.xml"><COLL>L</COLL><NO.DOC FORMAT="YN" TYPE="OJ"><COM>EU</COM><YEAR>2024</YEAR><NO.CURRENT>2981</NO.CURRENT></NO.DOC><LG.OJ>EN</LG.OJ><PAGE.FIRST>1</PAGE.FIRST><PAGE.SEQ>1</PAGE.SEQ><VOLUME.REF>01</VOLUME.REF></DOCUMENT.REF><DATE ISO="20241128">20241128</DATE><LG.DOC>EN</LG.DOC><NO.SEQ>0001.0008</NO.SEQ><PAGE.FIRST>42</PAGE.FIRST><PAGE.SEQ>1</PAGE.SEQ><PAGE.LAST>42</PAGE.LAST><PAGE.TOTAL>1</PAGE.TOTAL></BIB.INSTANCE><TITLE><TI><P>ANNEX VIII</P></TI><STI><P><HT TYPE="BOLD">CONTENT OF THE PUBLIC CERTIFICATION REPORT AND THE CERTIFICATION ASSESSMENT REPORT</HT></P></STI></TITLE><CONTENTS><NP><NO.P>1.</NO.P><TXT>The public certification report shall contain at least the following aspects:</TXT><P><LIST TYPE="alpha"><ITEM><NP><NO.P>(a)</NO.P><TXT>executive summary;</TXT></NP></ITEM><ITEM><NP><NO.P>(b)</NO.P><TXT>identification of the wallet solution and of the electronic identification scheme under which they are provided;</TXT></NP></ITEM><ITEM><NP><NO.P>(c)</NO.P><TXT>a description of the wallet solution and of the electronic identification scheme under which they are provided;</TXT></NP></ITEM><ITEM><NP><NO.P>(d)</NO.P><TXT>the security information to be made publicly available, as described in Annex V, or a pointer to this information;</TXT></NP></ITEM><ITEM><NP><NO.P>(e)</NO.P><TXT>a summary of the preliminary audit and validation plan;</TXT></NP></ITEM><ITEM><NP><NO.P>(f)</NO.P><TXT>a summary of the review and the certification decision.</TXT></NP></ITEM></LIST></P></NP><NP><NO.P>2.</NO.P><TXT>The certification assessment report shall at least contain:</TXT><P><LIST TYPE="alpha"><ITEM><NP><NO.P>(a)</NO.P><TXT>a description of the wallet solution’s design, the identification system and the onboarding process, together with the risk assessment and the specific validation plan;</TXT></NP></ITEM><ITEM><NP><NO.P>(b)</NO.P><TXT>a description of how the wallet solution meets the requirements of assurance level high and of how this is demonstrated by the results of the certification assessment of the wallet solution conducted in accordance with this Regulation;</TXT></NP></ITEM><ITEM><NP><NO.P>(c)</NO.P><TXT>a description of the result of assessment of the conformity of the wallet solution and of the electronic identification scheme under which the corresponding wallet units are provided with, in particular the conformity with the following:</TXT><P><LIST TYPE="DASH"><ITEM><P>the requirements set out in Article 5a(4), (5), and (8) of Regulation (EU) No 910/2014;</P></ITEM><ITEM><P>the requirement for logical separation set out in Article 5a(14) of Regulation (EU) No 910/2014;</P></ITEM><ITEM><P>where applicable, the standards and technical specifications referred to in Article 5a(24) of Regulation (EU) No 910/2014, while describing how these requirements relate to the corresponding normative requirements specified by national certification schemes;</P></ITEM></LIST></P></NP></ITEM><ITEM><NP><NO.P>(d)</NO.P><TXT>a summary of the result of the performance of the validation plan, including all identified nonconformities.</TXT></NP></ITEM></LIST></P></NP></CONTENTS></ANNEX>
