<?xml version="1.0" encoding="UTF-8"?>
<ANNEX xmlns:xsi="http://www.w3.org/2001/XMLSchema-instance" xsi:noNamespaceSchemaLocation="http://formex.publications.europa.eu/schema/formex-06.02.1-20231031.xd" NNC="YES"><BIB.INSTANCE><DOCUMENT.REF FILE="L_202402981EN.doc.fmx.xml"><COLL>L</COLL><NO.DOC FORMAT="YN" TYPE="OJ"><COM>EU</COM><YEAR>2024</YEAR><NO.CURRENT>2981</NO.CURRENT></NO.DOC><LG.OJ>EN</LG.OJ><PAGE.FIRST>1</PAGE.FIRST><PAGE.SEQ>1</PAGE.SEQ><VOLUME.REF>01</VOLUME.REF></DOCUMENT.REF><DATE ISO="20241128">20241128</DATE><LG.DOC>EN</LG.DOC><NO.SEQ>0001.0009</NO.SEQ><PAGE.FIRST>43</PAGE.FIRST><PAGE.SEQ>1</PAGE.SEQ><PAGE.LAST>44</PAGE.LAST><PAGE.TOTAL>2</PAGE.TOTAL></BIB.INSTANCE><TITLE><TI><P>ANNEX IX</P></TI><STI><P><HT TYPE="BOLD">SCHEDULE FOR MANDATORY SURVEILLANCE EVALUATIONS</HT></P></STI></TITLE><CONTENTS><NP><NO.P>1.</NO.P><TXT>Article 18 specifies requirements for the certification lifecycle, in particular the performance of regular evaluation activities. These activities shall include at least the following:</TXT><P><LIST TYPE="alpha"><ITEM><NP><NO.P>(a)</NO.P><TXT>a full evaluation of the object of conformity assessment in the initial evaluation and at every recertification evaluation, including an update feature of any product component;</TXT></NP></ITEM><ITEM><NP><NO.P>(b)</NO.P><TXT>a vulnerability assessment in the initial evaluation and at every recertification evaluation, and at least every two years in surveillance evaluations, covering at least the changes in the object of conformity assessment and the changes in the threat environment since the last vulnerability assessment;</TXT></NP></ITEM><ITEM><NP><NO.P>(c)</NO.P><TXT>additional activities such as penetration testing in case of an increased risk level or the emergence of new threats;</TXT></NP></ITEM><ITEM><NP><NO.P>(d)</NO.P><TXT>an evaluation of the operating effectiveness of maintenance processes at least every year in surveillance and recertification evaluations, covering at least version control, update and vulnerability management processes;</TXT></NP></ITEM><ITEM><NP><NO.P>(e)</NO.P><TXT>following a successful review and certification decision, the issuance of a certificate of conformity after the initial evaluation and after every recertification evaluation.</TXT></NP></ITEM></LIST></P></NP><NP><NO.P>2.</NO.P><TXT>A reference schedule is set out in Table 1 based on a 4-year cycle, where:</TXT><P><LIST TYPE="alpha"><ITEM><NP><NO.P>(a)</NO.P><TXT>year 1 starts when the certificate of conformity is first issued; and</TXT></NP></ITEM><ITEM><NP><NO.P>(b)</NO.P><TXT>all evaluation activities shall be performed within 12-months from the evaluation of the previous year.</TXT></NP></ITEM></LIST></P></NP><NP><NO.P>3.</NO.P><TXT>The schedule set out in Table 1 is a recommendation to ensure timely recertification and to avoid disruptions in the provision of the wallet solution. Other schedules may be possible, as long as the validity of the certificate of conformity does not exceed five years, as laid down in Article 5c(4) of Regulation (EU) No 910/2014.</TXT></NP><NP><NO.P>4.</NO.P><TXT>In addition to the regular evaluations, a special evaluation might be triggered at the demand of the certification body or of the holder of the certificate of conformity, following a significant change to the object of certification or to the threat environment.</TXT></NP><NP><NO.P>5.</NO.P><TXT>Any evaluation, including surveillance evaluations and special evaluations, might lead to the issuance of a new certificate of conformity, in particular in case of significant changes to the object of certification, but with the same date of expiry as the original certificate of conformity.</TXT><P><TBL COLS="3" NO.SEQ="0001"><TITLE><TI><P><HT TYPE="ITALIC">Table 1</HT></P></TI><STI><P><HT TYPE="BOLD">A full 4-year evaluation cycle</HT></P></STI></TITLE><CORPUS><ROW TYPE="HEADER"><CELL COL="1" TYPE="HEADER">Time</CELL><CELL COL="2" TYPE="HEADER">Eval. type</CELL><CELL COL="3" TYPE="HEADER">Activities</CELL></ROW><ROW><CELL COL="1">Year 0</CELL><CELL COL="2">Initial</CELL><CELL COL="3"><LIST TYPE="DASH"><ITEM><P>Full evaluation of the object of certification, including vulnerability assessment</P><P><LIST TYPE="DASH"><ITEM><P>Including a feature to perform updates on each software component</P></ITEM></LIST></P></ITEM><ITEM><P>Evaluation of the maintenance processes, excluding their operating effectiveness</P></ITEM><ITEM><P>Issuance of the certificate of conformity and start of the 4-year cycle</P></ITEM></LIST></CELL></ROW><ROW><CELL COL="1">Year 1</CELL><CELL COL="2">Surveillance</CELL><CELL COL="3"><LIST TYPE="DASH"><ITEM><P>Evaluation of the operating effectiveness of the maintenance processes</P><P><LIST TYPE="DASH"><ITEM><P>At least version check, update, vulnerability management</P></ITEM></LIST></P></ITEM><ITEM><P>Evaluation of changes impacting the security of the product</P></ITEM></LIST></CELL></ROW><?PAGE NO="44"?><ROW><CELL COL="1">Year 2</CELL><CELL COL="2">Surveillance</CELL><CELL COL="3"><LIST TYPE="DASH"><ITEM><P>Vulnerability assessment of the full solution</P></ITEM><ITEM><P>Evaluation of the operating effectiveness of the maintenance processes</P><P><LIST TYPE="DASH"><ITEM><P>At least version control, update, vulnerability management</P></ITEM></LIST></P></ITEM><ITEM><P>Evaluation of changes impacting the security of the product</P></ITEM></LIST></CELL></ROW><ROW><CELL COL="1">Year 3</CELL><CELL COL="2">Surveillance</CELL><CELL COL="3"><LIST TYPE="DASH"><ITEM><P>Evaluation of the operating effectiveness of the maintenance processes</P><P><LIST TYPE="DASH"><ITEM><P>At least version check, update, vulnerability management</P></ITEM></LIST></P></ITEM><ITEM><P>Evaluation of changes impacting the security of the product</P></ITEM></LIST></CELL></ROW><ROW><CELL COL="1">Year 4</CELL><CELL COL="2">Recertification</CELL><CELL COL="3"><LIST TYPE="ARAB"><ITEM><NP><NO.P>(1)</NO.P><TXT>Full evaluation of the object of certification, including vulnerability assessment</TXT></NP></ITEM><ITEM><NP><NO.P>(2)</NO.P><TXT>Simplified evaluation for features/processes that have not changed</TXT></NP></ITEM><ITEM><NP><NO.P>(3)</NO.P><TXT>Including a feature to perform updates on each software component</TXT></NP></ITEM><ITEM><NP><NO.P>(4)</NO.P><TXT>Evaluation of the maintenance processes, including their operating effectiveness</TXT></NP></ITEM><ITEM><NP><NO.P>(5)</NO.P><TXT>Issuance of a new certificate of conformity</TXT></NP></ITEM></LIST></CELL></ROW></CORPUS></TBL></P></NP></CONTENTS></ANNEX>
