<?xml version="1.0" encoding="UTF-8"?>
<ANNEX xmlns:xsi="http://www.w3.org/2001/XMLSchema-instance" xsi:noNamespaceSchemaLocation="http://formex.publications.europa.eu/schema/formex-06.02.1-20231031.xd" NNC="YES"><BIB.INSTANCE><DOCUMENT.REF FILE="L_202402981EN.doc.fmx.xml"><COLL>L</COLL><NO.DOC FORMAT="YN" TYPE="OJ"><COM>EU</COM><YEAR>2024</YEAR><NO.CURRENT>2981</NO.CURRENT></NO.DOC><LG.OJ>EN</LG.OJ><PAGE.FIRST>1</PAGE.FIRST><PAGE.SEQ>1</PAGE.SEQ><VOLUME.REF>01</VOLUME.REF></DOCUMENT.REF><DATE ISO="20241128">20241128</DATE><LG.DOC>EN</LG.DOC><NO.SEQ>0001.0007</NO.SEQ><PAGE.FIRST>41</PAGE.FIRST><PAGE.SEQ>1</PAGE.SEQ><PAGE.LAST>41</PAGE.LAST><PAGE.TOTAL>1</PAGE.TOTAL></BIB.INSTANCE><TITLE><TI><P>ANNEX VII</P></TI><STI><P><HT TYPE="BOLD">CONTENT OF THE CERTIFICATE OF CONFORMITY</HT></P></STI></TITLE><CONTENTS><NP><NO.P>1.</NO.P><TXT>A unique identifier allocated by the certification body issuing the certificate of conformity.</TXT></NP><NP><NO.P>2.</NO.P><TXT>Information related to the certified wallet solution and the electronic identification schemes under which they are provided, and about the holder of the certificate of conformity, including the following:</TXT><P><LIST TYPE="alpha"><ITEM><NP><NO.P>(a)</NO.P><TXT>name of the wallet solution;</TXT></NP></ITEM><ITEM><NP><NO.P>(b)</NO.P><TXT>name of the electronic identification schemes under which the wallet solution is provided;</TXT></NP></ITEM><ITEM><NP><NO.P>(c)</NO.P><TXT>version of the wallet solution that was evaluated;</TXT></NP></ITEM><ITEM><NP><NO.P>(d)</NO.P><TXT>name, address and contact information of the holder of the certificate of conformity;</TXT></NP></ITEM><ITEM><NP><NO.P>(e)</NO.P><TXT>link to the website of the holder of the certificate of conformity containing the information that is required to be made publicly available.</TXT></NP></ITEM></LIST></P></NP><NP><NO.P>3.</NO.P><TXT>Information related to the evaluation and certification of the wallet solution and the electronic identification schemes under which they are provided, including the following:</TXT><P><LIST TYPE="alpha"><ITEM><NP><NO.P>(a)</NO.P><TXT>name, address and contact information of the certification body that issued the certificate of conformity;</TXT></NP></ITEM><ITEM><NP><NO.P>(b)</NO.P><TXT>where different from the certification body, name of the conformity assessment body that performed the evaluation, together with information on its accreditation;</TXT></NP></ITEM><ITEM><NP><NO.P>(c)</NO.P><TXT>name of the scheme owner;</TXT></NP></ITEM><ITEM><NP><NO.P>(d)</NO.P><TXT>references to Regulation (EU) No 910/2014 and to this Regulation;</TXT></NP></ITEM><ITEM><NP><NO.P>(e)</NO.P><TXT>a reference to the certification report associated with the certificate of conformity;</TXT></NP></ITEM><ITEM><NP><NO.P>(f)</NO.P><TXT>a reference to the certification assessment report associated with the certificate of conformity;</TXT></NP></ITEM><ITEM><NP><NO.P>(g)</NO.P><TXT>a reference to the standards used for the evaluation, including their versions;</TXT></NP></ITEM><ITEM><NP><NO.P>(h)</NO.P><TXT>the date of issuance of the certificate of conformity;</TXT></NP></ITEM><ITEM><NP><NO.P>(i)</NO.P><TXT>the period of validity of the certificate of conformity.</TXT></NP></ITEM></LIST></P></NP></CONTENTS></ANNEX>
