<?xml version="1.0" encoding="UTF-8"?>
<ANNEX xmlns:xsi="http://www.w3.org/2001/XMLSchema-instance" xsi:noNamespaceSchemaLocation="http://formex.publications.europa.eu/schema/formex-06.02.3-20250123.xd" NNC="YES"><BIB.INSTANCE><DOCUMENT.REF FILE="L_202501943EN.doc.fmx.xml"><COLL>L</COLL><NO.DOC FORMAT="YN" TYPE="OJ"><COM>EU</COM><YEAR>2025</YEAR><NO.CURRENT>1943</NO.CURRENT></NO.DOC><LG.OJ>EN</LG.OJ><PAGE.FIRST>1</PAGE.FIRST><PAGE.SEQ>1</PAGE.SEQ><VOLUME.REF>01</VOLUME.REF></DOCUMENT.REF><DATE ISO="20250929">20250929</DATE><LG.DOC>EN</LG.DOC><NO.SEQ>0001.0002</NO.SEQ><PAGE.FIRST>8</PAGE.FIRST><PAGE.SEQ>1</PAGE.SEQ><PAGE.LAST>12</PAGE.LAST><PAGE.TOTAL>5</PAGE.TOTAL></BIB.INSTANCE><TITLE><TI><P>ANNEX II</P></TI></TITLE><CONTENTS><GR.SEQ LEVEL="1"><TITLE><TI><P><HT TYPE="BOLD">List of reference standards and specifications for qualified certificates for electronic seals</HT></P></TI></TITLE><P>The standards ETSI EN <FT TYPE="NUMBER">319411</FT>-2 V2.6.1 (<QUOT.START CODE="2018" ID="QS0001" REF.END="QE0001"/>ETSI EN <FT TYPE="NUMBER">319411</FT>-2<QUOT.END CODE="2019" ID="QE0001" REF.START="QS0001"/>), ETSI EN <FT TYPE="NUMBER">319412</FT>-1 V1.6.1 (<QUOT.START CODE="2018" ID="QS0002" REF.END="QE0002"/>ETSI EN <FT TYPE="NUMBER">319412</FT>-1<QUOT.END CODE="2019" ID="QE0002" REF.START="QS0002"/>), ETSI EN <FT TYPE="NUMBER">319412</FT>-3 V1.3.1 (<QUOT.START CODE="2018" ID="QS0003" REF.END="QE0003"/>ETSI EN <FT TYPE="NUMBER">319412</FT>-3<QUOT.END CODE="2019" ID="QE0003" REF.START="QS0003"/>), ETSI EN <FT TYPE="NUMBER">319412</FT>-2 V2.4.1 (<QUOT.START CODE="2018" ID="QS0004" REF.END="QE0004"/>ETSI EN <FT TYPE="NUMBER">319412</FT>-2<QUOT.END CODE="2019" ID="QE0004" REF.START="QS0004"/>), and ETSI EN <FT TYPE="NUMBER">319412</FT>-5 V2.5.1 (<QUOT.START CODE="2018" ID="QS0005" REF.END="QE0005"/>ETSI EN <FT TYPE="NUMBER">319412</FT>-5<QUOT.END CODE="2019" ID="QE0005" REF.START="QS0005"/>) apply with the following adaptations:</P><LIST TYPE="ARAB"><ITEM><NP><NO.P>1.</NO.P><TXT>For ETSI EN <FT TYPE="NUMBER">319411</FT>-2</TXT><P><LIST TYPE="ARAB"><ITEM><NP><NO.P>(1)</NO.P><TXT>2.1 Normative references</TXT><P><LIST TYPE="DASH"><ITEM><P>[1] ETSI EN <FT TYPE="NUMBER">319401</FT> V3.1.1 (2024-06) <QUOT.START CODE="2018" ID="QS0006" REF.END="QE0006"/>Electronic Signatures and Trust Infrastructures (ESI); General Policy Requirements for Trust Service Providers<QUOT.END CODE="2019" ID="QE0006" REF.START="QS0006"/>.</P></ITEM><ITEM><P>[2] ETSI EN <FT TYPE="NUMBER">319411</FT>-1 V1.5.1 (2025-04) <QUOT.START CODE="2018" ID="QS0007" REF.END="QE0007"/>Electronic Signatures and Trust Infrastructures (ESI); Policy and security requirements for trust service providers issuing certificates; Part 1: General requirements<QUOT.END CODE="2019" ID="QE0007" REF.START="QS0007"/>, with the following adaptations:</P><P>Clause 2.1 Normative references of ETSI EN <FT TYPE="NUMBER">319411</FT>-1 V1.5.1 shall be amended as follows:</P><P><LIST TYPE="DASH"><ITEM><P>[9] ETSI EN <FT TYPE="NUMBER">319401</FT> V3.1.1 (2024-06) <QUOT.START CODE="2018" ID="QS0008" REF.END="QE0008"/>Electronic Signatures and Trust Infrastructures (ESI); General Policy Requirements for Trust Service Providers<QUOT.END CODE="2019" ID="QE0008" REF.START="QS0008"/>.</P></ITEM><ITEM><P>[10] ETSI EN <FT TYPE="NUMBER">319412</FT>-2 V2.4.1 <QUOT.START CODE="2018" ID="QS0009" REF.END="QE0009"/>Electronic Signatures and Infrastructures (ESI); Certificate Profiles; Part 2: Certificate profile for certificates issued to natural persons<QUOT.END CODE="2019" ID="QE0009" REF.START="QS0009"/>.</P></ITEM><ITEM><P>[14] ETSI EN <FT TYPE="NUMBER">319412</FT>-1 V1.6.1 <QUOT.START CODE="2018" ID="QS0010" REF.END="QE0010"/>Electronic Signatures and Infrastructures (ESI); Certificate Profiles; Part 1: Overview and common data structures<QUOT.END CODE="2019" ID="QE0010" REF.START="QS0010"/>.</P></ITEM></LIST></P></ITEM><ITEM><P>[3] ETSI EN <FT TYPE="NUMBER">319412</FT>-5 V2.5.1 <QUOT.START CODE="2018" ID="QS0011" REF.END="QE0011"/>Electronic Signatures and Trust Infrastructures (ESI); Certificate Profiles; Part 5: QCStatements<QUOT.END CODE="2019" ID="QE0011" REF.START="QS0011"/>.</P></ITEM><ITEM><P>[5] ETSI EN <FT TYPE="NUMBER">319412</FT>-1 V1.6.1 <QUOT.START CODE="2018" ID="QS0012" REF.END="QE0012"/>Electronic Signatures and Trust Infrastructures (ESI); Certificate Profiles; Part 1: Overview and common data structures<QUOT.END CODE="2019" ID="QE0012" REF.START="QS0012"/>.</P></ITEM><ITEM><P>[6] CEN/TS 419261:2015 <QUOT.START CODE="2018" ID="QS0013" REF.END="QE0013"/>Security requirements for trustworthy systems managing certificates and time-stamps<QUOT.END CODE="2019" ID="QE0013" REF.START="QS0013"/>, (produced by CEN).</P></ITEM><ITEM><P>[7] European Cybersecurity Certification Group, Sub-group on Cryptography: <QUOT.START CODE="2018" ID="QS0014" REF.END="QE0014"/>Agreed Cryptographic Mechanisms<QUOT.END CODE="2019" ID="QE0014" REF.START="QS0014"/> published by ENISA.</P></ITEM><ITEM><P>[8] Implementing Regulation (EU) 2024/482 laying down rules for the application of Regulation (EU) 2019/881 of the European Parliament and of the Council as regards the adoption of the European Common Criteria-based cybersecurity certification scheme (EUCC).</P></ITEM><ITEM><P>[9] Implementing Regulation (EU) 2024/3144 amending Implementing Regulation (EU) 2024/482 as regards applicable international standards and correcting that Implementing Regulation.</P></ITEM><ITEM><P>[10] ISO/IEC 15408:2022 (parts 1 to 5) <QUOT.START CODE="2018" ID="QS0015" REF.END="QE0015"/>Information security, cybersecurity and privacy protection – Evaluation criteria for IT security<QUOT.END CODE="2019" ID="QE0015" REF.START="QS0015"/>.</P></ITEM><ITEM><P>[11] FIPS PUB 140-3 (2019) <QUOT.START CODE="2018" ID="QS0016" REF.END="QE0016"/>Security Requirements for Cryptographic Modules<QUOT.END CODE="2019" ID="QE0016" REF.START="QS0016"/>.</P></ITEM></LIST></P></NP></ITEM><ITEM><NP><NO.P>(2)</NO.P><TXT>5.2 Certification Practice Statement Requirements</TXT><P><LIST TYPE="DASH"><ITEM><P>OVR-5.2-02 The CP(s) identified by the TSP’s documentation shall specify the requirements on certificate profiles to be used.</P></ITEM></LIST></P></NP></ITEM><?PAGE NO="9"?><ITEM><NP><NO.P>(3)</NO.P><TXT>5.3 Certificate Policy name and identification</TXT><P><LIST TYPE="DASH"><ITEM><P>OVR-5.3-01 If any changes are made to a CP as described in clause 4.2.2 which affects the applicability, then the policy identifier shall be changed.</P></ITEM></LIST></P></NP></ITEM><ITEM><NP><NO.P>(4)</NO.P><TXT>6.1 Publication and repository responsibilities</TXT><P><LIST TYPE="DASH"><ITEM><P>OVR-6.1-02 The information identified in DIS-6.1-04 of ETSI EN <FT TYPE="NUMBER">319411</FT>-1 [2] shall be publicly and internationally available.</P></ITEM></LIST></P></NP></ITEM><ITEM><NP><NO.P>(5)</NO.P><TXT>6.2.2 Initial identity validation</TXT><P><LIST TYPE="DASH"><ITEM><P>REG-6.2.2-01A The collection of attributes and evidence on the subject’s identity as well as their validation shall be as specified in accordance with the implementing acts adopted pursuant to Article 24(1c) of Regulation (EU) No 910/2014 [i.1].</P></ITEM><ITEM><P>REG-6.2.2-03 [QCP-l] and [QCP-l-qscd] The identity of the legal person and, if applicable, any specific attributes of the person, shall be verified in accordance with the implementing acts adopted pursuant to Article 24(1c) of Regulation (EU) No 910/2014 [i.1].</P></ITEM><ITEM><P>NOTE 3 See note 2.</P></ITEM></LIST></P></NP></ITEM><ITEM><NP><NO.P>(6)</NO.P><TXT>6.3.3 Certificate issuance</TXT><P><LIST TYPE="DASH"><ITEM><P>GEN-6.3.3-01 The requirements GEN-6.3.3-01 to GEN-6.3.3-10 identified in ETSI EN <FT TYPE="NUMBER">319411</FT>-1 [2], clause 6.3.3 shall apply.</P></ITEM><ITEM><P>GEN-6.3.3-02 The CP identifier shall be [CHOICE]:</P><P><LIST TYPE="alpha"><ITEM><NP><NO.P>(a)</NO.P><TXT>[QCP-l]</TXT><P><LIST TYPE="DASH"><ITEM><P>as specified in clause 5.3, item (b), and/or</P></ITEM><ITEM><P>an OID, allocated by the TSP, other relevant stakeholder or further standardisation for a certificate policy enhancing the corresponding applicable policy requirements defined in the present document.</P></ITEM></LIST></P></NP></ITEM><ITEM><NP><NO.P>(b)</NO.P><TXT>[QCP-l-qscd]</TXT><P><LIST TYPE="DASH"><ITEM><P>as specified in clause 5.3, item (d), and/or</P></ITEM><ITEM><P>an OID, allocated by the TSP, other relevant stakeholder or further standardisation for a certificate policy enhancing the applicable policy requirements defined in the present document.</P></ITEM></LIST></P></NP></ITEM></LIST></P></ITEM></LIST></P></NP></ITEM><ITEM><NP><NO.P>(7)</NO.P><TXT>6.3.5 Key Pair and Certificate Usage</TXT><P><LIST TYPE="DASH"><ITEM><P>SDP-6.3.5-02A [CONDITIONAL] If the TSP manages the QSCD for the subject, the TSP shall be a qualified trust service provider providing a qualified trust service for the management of a remote qualified electronic seal creation device, in accordance with Regulation (EU) No 910/2014 [i.1]</P></ITEM><ITEM><P>SDP-6.3.5-11A The subscriber’s obligations (see clause 6.3.4) shall include, if the subscriber or subject generates the subject’s keys:</P><P><LIST TYPE="alpha"><ITEM><NP><NO.P>(a)</NO.P><TXT>an obligation to generate the subject keys using an algorithm compliant with the Agreed Cryptographic Mechanisms endorsed by the European Cybersecurity Certification Group and published by ENISA [7] for the uses of the certified key as identified in the CP; and</TXT></NP></ITEM><ITEM><NP><NO.P>(b)</NO.P><TXT>an obligation to use key length and algorithm compliant with the Agreed Cryptographic Mechanisms endorsed by the European Cybersecurity Certification Group and published by ENISA[7] for the uses of the certified key as identified in the CP during the validity time of the certificate.</TXT></NP></ITEM></LIST></P></ITEM></LIST></P></NP></ITEM><?PAGE NO="10"?><ITEM><NP><NO.P>(8)</NO.P><TXT>6.3.10 Certificate Status Services</TXT><P><LIST TYPE="DASH"><ITEM><P>CSS-6.3.10-08 [CONDITIONAL] If CRLs are provided, the TSP shall preserve the integrity and the availability of the last CRL at least for the period specified in the CPS as requested in CSS-6.3.10-12.</P></ITEM></LIST></P></NP></ITEM><ITEM><NP><NO.P>(9)</NO.P><TXT>6.4.4 Personnel Controls</TXT><P><LIST TYPE="DASH"><ITEM><P>OVR-6.4.4-02 TSP’s personnel in trusted roles, and if applicable its subcontractors in trusted roles, shall be able to fulfil the requirement of <QUOT.START CODE="2018" ID="QS0017" REF.END="QE0017"/>expert knowledge, experience and qualifications<QUOT.END CODE="2019" ID="QE0017" REF.START="QS0017"/> through formal training and credentials, or actual experience, or a combination of the two.</P></ITEM><ITEM><P>OVR-6.4.4-03 Compliance with OVR-6.4.4-02 shall include regular (at least every 12 months) updates on new threats and current security practices.</P></ITEM><ITEM><P>OVR-6.4.4-04 In addition to the trusted roles identified in ETSI EN <FT TYPE="NUMBER">319401</FT> [1], (clause 7.2-15), the trusted roles of the registration and revocation officers with responsibilities as defined in TS 419261 [6] shall be supported. In cases where the QTSP is directly managed by or operated on behalf of a Member State or public sector body, those additional trusted roles may be fulfilled by one or more formal representatives acting for and on behalf of the registration and revocation officers officiating in local or regional administrations.</P></ITEM></LIST></P></NP></ITEM><ITEM><NP><NO.P>(10)</NO.P><TXT>6.4.9 CA or RA Termination</TXT><P><LIST TYPE="DASH"><ITEM><P>OVR-6.4.9-02 The TSP’s termination plan shall comply with the requirements set out in the implementing acts adopted pursuant to Article 24(5) of Regulation (EU) No 910/2014 [i.1]].</P></ITEM></LIST></P></NP></ITEM><ITEM><NP><NO.P>(11)</NO.P><TXT>6.5.1 Key Pair Generation and Installation</TXT><P><LIST TYPE="DASH"><ITEM><P>OVR-6.5.1-01A CA key pair generation shall be performed using an algorithm compliant with the Agreed Cryptographic Mechanisms endorsed by the European Cybersecurity Certification Group published by ENISA [7] for the CA’s signing purposes.</P></ITEM><ITEM><P>OVR-6.5.1-01B The selected key length and algorithm for CA signing key shall be compliant with the Agreed Cryptographic Mechanisms endorsed by the European Cybersecurity Certification Group published by ENISA [7] for the CA’s signing purposes.</P></ITEM><ITEM><P>OVR-6.5.1-01C [CONDITIONAL] If the CA generates the subject’s keys, CA-generated subject keys shall be compliant with the Agreed Cryptographic Mechanisms endorsed by the European Cybersecurity Certification Group published by ENISA [7] for the purposes stated in the CP during the validity time of the certificate.</P></ITEM></LIST></P></NP></ITEM><ITEM><NP><NO.P>(12)</NO.P><TXT>6.5.2 Private key protection and cryptographic module engineering controls</TXT><P><LIST TYPE="DASH"><ITEM><P>GEN-6.5.2-01 All requirements identified in ETSI EN <FT TYPE="NUMBER">319411</FT>-1 [2], clause 6.5.2 shall apply, except requirements OVR-6.5.2-01, OVR-6.5.2-03 and OVR-6.5.2-04.</P></ITEM><ITEM><P>GEN-6.5.2-02 TSP’s key pair generation, including keys used by revocation and registration services, shall be carried out within a secure cryptographic device which is a trustworthy system certified in accordance with:</P><P><LIST TYPE="DASH"><ITEM><P>Common Criteria for Information Technology Security Evaluation, as set out in ISO/IEC 15408 [10] or in Common Criteria for Information Technology Security Evaluation, version CC:2002, Parts 1 through 5, published by the participants of the Arrangement on the Recognition of Common Criteria Certificates in the field of IT Security, and certified to EAL 4 or higher; or</P></ITEM><ITEM><P>the European Common Criteria-based cybersecurity certification scheme (EUCC) [8][9] and certified to EAL 4 or higher; or</P></ITEM><ITEM><P>until <DATE ISO="20301231">31.12.2030</DATE>, FIPS PUB 140-3 [11] level 3.</P></ITEM></LIST></P><?PAGE NO="11"?><P>This certification shall be to a security target or protection profile, or to a module design and security documentation, which meets the requirements of the present document, based on a risk analysis and taking into account physical and other non-technical security measures.</P><P>If the secure cryptographic device benefits from an EUCC [8][9] certification, then this device shall be configured and used in accordance with that certification.</P></ITEM><ITEM><P>GEN-6.5.2-03 The CA private signing key shall be held and used within a secure cryptographic device meeting the requirements of GEN-6.5.2-01 and GEN-6.5.2-02.</P></ITEM></LIST></P></NP></ITEM><ITEM><NP><NO.P>(13)</NO.P><TXT>6.5.7 Network Security Controls</TXT><P><LIST TYPE="DASH"><ITEM><P>OVR-6.5.7-02 The vulnerability scan requested by REQ-7.8-13 of ETSI EN <FT TYPE="NUMBER">319401</FT> [1] shall be performed at least once per quarter.</P></ITEM><ITEM><P>OVR-6.5.7-03 The penetration test requested by REQ-7.8-17X of ETSI EN <FT TYPE="NUMBER">319401</FT> [1] shall be performed at least once per year.</P></ITEM><ITEM><P>OVR-6.5.7-04 Firewalls shall be configured to prevent all protocols and accesses not required for the operation of the TSP.</P></ITEM></LIST></P></NP></ITEM><ITEM><NP><NO.P>(14)</NO.P><TXT>6.6.1 Certificate Profile</TXT><P><LIST TYPE="DASH"><ITEM><P>GEN-6.6.1-05 The certificate shall include one of the policy identifiers identified in GEN-6.3.3-02 [CHOICE].</P></ITEM></LIST></P></NP></ITEM></LIST></P></NP></ITEM><ITEM><NP><NO.P>2.</NO.P><TXT>For ETSI EN <FT TYPE="NUMBER">319412</FT>-3</TXT><P><LIST TYPE="ARAB"><ITEM><NP><NO.P>(1)</NO.P><TXT>2.1 Normative references</TXT><P><LIST TYPE="DASH"><ITEM><P>[2] ETSI EN <FT TYPE="NUMBER">319412</FT>-2 V2.4.1 <QUOT.START CODE="2018" ID="QS0018" REF.END="QE0018"/>Electronic Signatures and Infrastructures (ESI); Certificate Profiles; Part 2: Certificate Profile for certificates issued to natural persons<QUOT.END CODE="2019" ID="QE0018" REF.START="QS0018"/>.</P></ITEM></LIST></P></NP></ITEM><ITEM><NP><NO.P>(2)</NO.P><TXT>4.2.1 Subject</TXT><P><LIST TYPE="DASH"><ITEM><P>LEG-4.2.1-6 The organizationIdentifier attribute shall contain an identification of the subject organization different from the organization name. If an appropriate registration number is known to exist, then the organizationIdentifier attribute shall contain a value of that registration number as stated in the corresponding official record establishing that registration number.</P></ITEM></LIST></P></NP></ITEM></LIST></P></NP></ITEM><ITEM><NP><NO.P>3.</NO.P><TXT>For ETSI EN <FT TYPE="NUMBER">319412</FT>-2:</TXT><P><LIST TYPE="ARAB"><ITEM><NP><NO.P>(1)</NO.P><TXT>2.1 Normative references</TXT><P><LIST TYPE="DASH"><ITEM><P>[2] ETSI EN <FT TYPE="NUMBER">319412</FT>-5 V2.5.1 <QUOT.START CODE="2018" ID="QS0019" REF.END="QE0019"/>Electronic Signatures and Trust Infrastructures (ESI); Certificate Profiles; Part 5: QCStatements<QUOT.END CODE="2019" ID="QE0019" REF.START="QS0019"/>.</P></ITEM><ITEM><P>[9] European Cybersecurity Certification Group, Sub-group on Cryptography: <QUOT.START CODE="2018" ID="QS0020" REF.END="QE0020"/>Agreed Cryptographic Mechanisms<QUOT.END CODE="2019" ID="QE0020" REF.START="QS0020"/> published by ENISA.</P></ITEM></LIST></P></NP></ITEM><ITEM><NP><NO.P>(2)</NO.P><TXT>2.2 Informative references</TXT><P><LIST TYPE="DASH"><ITEM><P>[i.7] void.</P></ITEM></LIST></P></NP></ITEM><ITEM><NP><NO.P>(3)</NO.P><TXT>4.2.2 Signature</TXT><P><LIST TYPE="DASH"><ITEM><P>GEN-4.2.2-2 Signature algorithm shall be selected in accordance with the Agreed Cryptographic Mechanisms endorsed by the European Cybersecurity Certification Group and published by ENISA [9].</P></ITEM><ITEM><P>NOTE void.</P></ITEM></LIST></P></NP></ITEM><?PAGE NO="12"?><ITEM><NP><NO.P>(4)</NO.P><TXT>4.2.3.1 Legal person issuers</TXT><P><LIST TYPE="DASH"><ITEM><P>GEN-4.2.3.1-3 If an appropriate registration number is known to exist, then the identity of the issuer shall contain organizationIdentifier with a value of that registration number as stated in the corresponding official record establishing that registration number.</P></ITEM></LIST></P></NP></ITEM><ITEM><NP><NO.P>(5)</NO.P><TXT>4.2.5 Subject public key info</TXT><P><LIST TYPE="DASH"><ITEM><P>GEN-4.2.5-2 The subject public key shall be selected in accordance with the Agreed Cryptographic Mechanisms endorsed by the European Cybersecurity Certification Group and published by ENISA [9].</P></ITEM><ITEM><P>NOTE void.</P></ITEM></LIST></P></NP></ITEM><ITEM><NP><NO.P>(6)</NO.P><TXT>4.2.6 Serial number</TXT><P><LIST TYPE="DASH"><ITEM><P>GEN-4.2.6-01 The certificate serialNumber (as specified in IETF RFC 5280 [1] clause 4.1.2.2) shall be unique for each certificate issued by the TSP.</P></ITEM></LIST></P></NP></ITEM></LIST></P></NP></ITEM></LIST></GR.SEQ></CONTENTS></ANNEX>
