<?xml version="1.0" encoding="UTF-8"?>
<ANNEX xmlns:xsi="http://www.w3.org/2001/XMLSchema-instance" xsi:noNamespaceSchemaLocation="http://formex.publications.europa.eu/schema/formex-06.02.3-20250123.xd" NNC="YES"><BIB.INSTANCE><DOCUMENT.REF FILE="L_202501568EN.doc.fmx.xml"><COLL>L</COLL><NO.DOC FORMAT="YN" TYPE="OJ"><COM>EU</COM><YEAR>2025</YEAR><NO.CURRENT>1568</NO.CURRENT></NO.DOC><LG.OJ>EN</LG.OJ><PAGE.FIRST>1</PAGE.FIRST><PAGE.SEQ>1</PAGE.SEQ><VOLUME.REF>01</VOLUME.REF></DOCUMENT.REF><DATE ISO="20250729">20250729</DATE><LG.DOC>EN</LG.DOC><NO.SEQ>0001.0001</NO.SEQ><PAGE.FIRST>8</PAGE.FIRST><PAGE.SEQ>1</PAGE.SEQ><PAGE.LAST>10</PAGE.LAST><PAGE.TOTAL>3</PAGE.TOTAL></BIB.INSTANCE><TITLE><TI><P>ANNEX I</P></TI><STI><P>List of minimum information to be provided in the levels of assurance mapping document for the peer review referred to in Article 2(1), point (a)</P></STI></TITLE><CONTENTS><P>The level of assurance mapping document for the peer review referred to in Article 2, paragraph 1, point (a) shall include at least the following information:</P><LIST TYPE="ARAB"><ITEM><NP><NO.P>(1)</NO.P><TXT>general information, including:</TXT><P><LIST TYPE="alpha"><ITEM><NP><NO.P>(a)</NO.P><TXT>the name of the notifying Member State;</TXT></NP></ITEM><ITEM><NP><NO.P>(b)</NO.P><TXT>the title of the electronic identification scheme (if any);</TXT></NP></ITEM><ITEM><NP><NO.P>(c)</NO.P><TXT>the level or levels of assurance of the electronic identification scheme, indicated as low, substantial or high.</TXT></NP></ITEM></LIST></P></NP></ITEM><ITEM><NP><NO.P>(2)</NO.P><TXT>the authority or authorities responsible for the electronic identification scheme, including:</TXT><P><LIST TYPE="alpha"><ITEM><NP><NO.P>(a)</NO.P><TXT>the name or names of the authority or authorities responsible for the electronic identification scheme;</TXT></NP></ITEM><ITEM><NP><NO.P>(b)</NO.P><TXT>the email address of the authority or authorities responsible for the electronic identification scheme.</TXT></NP></ITEM></LIST></P></NP></ITEM><ITEM><NP><NO.P>(3)</NO.P><TXT>information on relevant parties, entities and bodies involved in the electronic identification scheme, including:</TXT><P><LIST TYPE="alpha"><ITEM><NP><NO.P>(a)</NO.P><TXT>the name of the entity or entities managing the registration process of the unique person identification data;</TXT></NP></ITEM><ITEM><NP><NO.P>(b)</NO.P><TXT>the name of the party or parties issuing the electronic identification means, and where applicable, an indication whether the party or parties are referred to in Article 7(a), point (i), (ii) or (iii) of Regulation (EU) No 910/2014;</TXT></NP></ITEM><ITEM><NP><NO.P>(c)</NO.P><TXT>the name of the party or parties operating the authentication procedure (the <QUOT.START CODE="2018" ID="QS0001" REF.END="QE0001"/>eIDAS node<QUOT.END CODE="2019" ID="QE0001" REF.START="QS0001"/>);</TXT></NP></ITEM><ITEM><NP><NO.P>(d)</NO.P><TXT>the name or names of the governance organisation or organisations participating in the supervisory regime related to the electronic identification scheme.</TXT></NP></ITEM></LIST></P></NP></ITEM><ITEM><NP><NO.P>(4)</NO.P><TXT>a description of the electronic identification scheme, including:</TXT><P><LIST TYPE="alpha"><ITEM><NP><NO.P>(a)</NO.P><TXT>where applicable, the document or documents that shall be enclosed for each of the following topics:</TXT><P><LIST TYPE="DASH"><ITEM><P>a brief description of the electronic identification scheme, including the context in which it operates, its scope, and availability to private relying parties;</P></ITEM><ITEM><P>a list of the additional attributes which may be provided in relation to natural persons under the electronic identification scheme if requested by a relying party;</P></ITEM><ITEM><P>a list of the additional attributes which may be provided in relation to legal persons under the electronic identification scheme if requested by a relying party.</P></ITEM></LIST></P></NP></ITEM><ITEM><NP><NO.P>(b)</NO.P><TXT>the applicable supervisory, liability and management regime, including:</TXT><P><LIST TYPE="DASH"><ITEM><P>a description of the supervisory regime of the electronic identification scheme including the evaluation process with respect to the following:</P><P><LIST TYPE="DASH"><ITEM><P>the supervisory regime applicable to the party or parties issuing the electronic identification means;</P></ITEM><ITEM><P>the supervisory regime applicable to the party or parties operating the eIDAS node.</P></ITEM></LIST></P></ITEM></LIST></P><?PAGE NO="9"?><P>Where applicable, these descriptions shall include the roles, responsibilities and powers of the governance organisations that participate in the supervisory regime referred to in point 3(d), and the entity to which they report. If the organisations do not report to the authority responsible for the scheme, full details of the entity to which they report shall be provided.</P><P><LIST TYPE="DASH"><ITEM><P>a description of the applicable national liability regime, including:</P><P><LIST TYPE="DASH"><ITEM><P>a description of the liability of the Member State under Article 11(1) of Regulation (EU) No 910/2014;</P></ITEM><ITEM><P>a description of the liability of the party or parties issuing the electronic identification means under Article 11(2) of Regulation (EU) No 910/2014;</P></ITEM><ITEM><P>a description of the liability of the party or parties operating the eIDAS node under Article 11(3) of Regulation (EU) No 910/2014.</P></ITEM></LIST></P></ITEM><ITEM><P>arrangements for managing, suspending or revoking either the entire identification scheme, or specific electronic identification means, or the eIDAS node, or its compromised parts.</P></ITEM></LIST></P></NP></ITEM><ITEM><NP><NO.P>(c)</NO.P><TXT>a description of the electronic identification scheme components, including:</TXT><P><LIST TYPE="DASH"><ITEM><P>a description of how the requirements in relation to minimum technical specifications and procedures for assurance levels for electronic identification means, as set out in Implementing Regulation (EU) 2015/1502, have been met, to substantiate the indicated assurance level for the enrolment;</P></ITEM><ITEM><P>a description of how the following processes are addressed under the electronic identification scheme, including documentation for the combination of options that were chosen by the Member State, for:</P><P><LIST TYPE="DASH"><ITEM><P>application and registration;</P></ITEM><ITEM><P>identity proofing and verification of a natural person:</P></ITEM><ITEM><P>identity proofing and verification of a legal person;</P></ITEM><ITEM><P>binding between the electronic identification means for natural and legal persons.</P></ITEM></LIST></P></ITEM><ITEM><P>with regards to the electronic identification means management, a description of how the following processes are addressed under the electronic identification means:</P><P><LIST TYPE="DASH"><ITEM><P>characteristics and design of the electronic identification means, including, where appropriate, information on security certification;</P></ITEM><ITEM><P>issuance, delivery and activation;</P></ITEM><ITEM><P>suspension, revocation and reactivation;</P></ITEM><ITEM><P>renewal and replacement.</P></ITEM></LIST></P></ITEM><ITEM><P>with regards to authentication, a description of the authentication mechanism, including terms of access to authentication by relying parties other than public sector bodies;</P></ITEM><ITEM><P>with regards to the management and organisation, a description of the management and organisation of the following aspects:</P><P><LIST TYPE="DASH"><ITEM><P>general provisions on management and organisation;</P></ITEM><ITEM><P>published notices and user information;</P></ITEM><ITEM><P>information security management;</P></ITEM><ITEM><P>record keeping.</P></ITEM><?PAGE NO="10"?><ITEM><P>facilities and staff;</P></ITEM><ITEM><P>technical controls.</P></ITEM><ITEM><P>compliance and audit.</P></ITEM></LIST></P></ITEM></LIST></P></NP></ITEM><ITEM><NP><NO.P>(d)</NO.P><TXT>a description of how interoperability and minimum technical and operational security requirements are met;</TXT></NP></ITEM><ITEM><NP><NO.P>(e)</NO.P><TXT>a list of all the supporting documentation submitted and a statement to which of the elements above they relate, including references to any domestic legislation which relates to the electronic identification provision relevant to the notification and relevant audit reports, certification practice statements, and test reports.</TXT></NP></ITEM><ITEM><NP><NO.P>(f)</NO.P><TXT>the relevant documents and information as regards the certification of the electronic identification scheme pursuant to Article 12a(1) and, where applicable, to Article 12a(5), of Regulation (EU) No 910/2014.</TXT></NP></ITEM></LIST></P></NP></ITEM></LIST></CONTENTS></ANNEX>
