<?xml version="1.0" encoding="UTF-8"?>
<ANNEX xmlns:xsi="http://www.w3.org/2001/XMLSchema-instance" xsi:noNamespaceSchemaLocation="http://formex.publications.europa.eu/schema/formex-06.02.3-20250123.xd" NNC="YES"><BIB.INSTANCE><DOCUMENT.REF FILE="L_202501568EN.doc.fmx.xml"><COLL>L</COLL><NO.DOC FORMAT="YN" TYPE="OJ"><COM>EU</COM><YEAR>2025</YEAR><NO.CURRENT>1568</NO.CURRENT></NO.DOC><LG.OJ>EN</LG.OJ><PAGE.FIRST>1</PAGE.FIRST><PAGE.SEQ>1</PAGE.SEQ><VOLUME.REF>01</VOLUME.REF></DOCUMENT.REF><DATE ISO="20250729">20250729</DATE><LG.DOC>EN</LG.DOC><NO.SEQ>0001.0004</NO.SEQ><PAGE.FIRST>15</PAGE.FIRST><PAGE.SEQ>1</PAGE.SEQ><PAGE.LAST>16</PAGE.LAST><PAGE.TOTAL>2</PAGE.TOTAL></BIB.INSTANCE><TITLE><TI><P>ANNEX IV</P></TI><STI><P>Template for the opinion on the electronic identification scheme of a Member State</P></STI></TITLE><CONTENTS><GR.SEQ LEVEL="1"><TITLE><TI><P><HT TYPE="BOLD">Opinion No. XX/202X of the Cooperation Group on the &lt;insert Member State&gt; eID scheme &lt;insert scheme name&gt;</HT></P></TI></TITLE><P><HT TYPE="ITALIC">Having regard to Article 12(5) of Regulation (EU) 910/2014 (<QUOT.START CODE="2018" ID="QS0001" REF.END="QE0001"/>the European Digital Identity Regulation<QUOT.END CODE="2019" ID="QE0001" REF.START="QS0001"/>),</HT></P><P><HT TYPE="ITALIC">Having regard to Implementing Regulation (EU) 2025/1568.</HT></P><P><HT TYPE="ITALIC">Having regard to the Rules of Procedure of the Cooperation Group,</HT></P><P><HT TYPE="ITALIC">Whereas:</HT></P><P><HT TYPE="ITALIC">Article 12(5) of the European Digital Identity Regulation obliges Member States to carry out peer reviews of electronic identification schemes to be notified under Article 9(1), point (a) of the European Digital Identity Regulation.</HT></P><P><HT TYPE="ITALIC">Article 5(10) of Commission Implementing Regulation (EU) 2025/1568 on cooperation mandates the Cooperation Group to adopt opinions on how an electronic identification scheme to be notified meets the requirements of the European Digital Identity Regulation.</HT></P><P><HT TYPE="ITALIC">&lt;insert Member State&gt;, with a view to notifying its eID scheme &lt;insert scheme name&gt; in accordance with Article 9(1) of the European Digital Identity Regulation, provided the following information to the Member States on &lt;insert date&gt; (hereinafter referred to as: <QUOT.START CODE="2018" ID="QS0002" REF.END="QE0002"/>pre-notification<QUOT.END CODE="2019" ID="QE0002" REF.START="QS0002"/>) in line with Article 7(g) of the European Digital Identity Regulation:</HT></P><LIST TYPE="DASH"><ITEM><P><HT TYPE="ITALIC">Notification form;</HT></P></ITEM><ITEM><P><HT TYPE="ITALIC">Supporting Documentation.</HT></P></ITEM></LIST><P><HT TYPE="ITALIC">On &lt;insert date of CG meeting&gt;, the Cooperation Group:</HT></P><LIST TYPE="DASH"><ITEM><P><HT TYPE="ITALIC">agreed to organise the peer review of the &lt;insert Member State&gt; eID scheme &lt;insert scheme name&gt; according to Article 46e(5)(d) of the European Digital Identity Regulation and Implementing Regulation (EU) 2025/1568;</HT></P></ITEM><ITEM><P><HT TYPE="ITALIC">formed a <QUOT.START CODE="2018" ID="QS0003" REF.END="QE0003"/>Peer Review Group<QUOT.END CODE="2019" ID="QE0003" REF.START="QS0003"/>; and</HT></P></ITEM><ITEM><P><HT TYPE="ITALIC">agreed which topics the peer review process would cover and how it would be organised according to the provisions of Implementing Regulation (EU) 2025/1568.</HT></P></ITEM></LIST><P><HT TYPE="ITALIC">The Peer Review Group submitted its report according to Article 5 of Implementing Regulation (EU) 2025/1568 to the Cooperation Group on &lt;insert date&gt;. The Cooperation Group has examined and discussed the Peer Review Report.</HT></P><P><HT TYPE="ITALIC">Taking into account the outcomes of the peer review, the peer review report and the additional information provided by &lt;insert Member State&gt; regarding:</HT></P><P>–</P><P><HT TYPE="ITALIC">and that &lt;insert Member State&gt; commits to:</HT></P><P>–</P><P><HT TYPE="ITALIC">The Cooperation Group adopted the following opinion:</HT></P></GR.SEQ><GR.SEQ LEVEL="1"><TITLE><TI><P><HT TYPE="BOLD">Opinion</HT></P></TI></TITLE><P><HT TYPE="ITALIC">Based on the examination of the pre-notification documents provided by &lt;insert Member State&gt; and the findings of the Peer Review Report, the Cooperation Group is of the opinion that the pre-notification documents and additional information provided by &lt;insert Member State&gt; demonstrate sufficiently how the &lt;insert Member State&gt;eID scheme &lt;insert scheme name&gt; to be notified meets the requirements</HT></P><?PAGE NO="16"?><LIST TYPE="DASH"><ITEM><P><HT TYPE="ITALIC">for assurance level <QUOT.START CODE="2018" ID="QS0004" REF.END="QE0004"/>High<QUOT.END CODE="2019" ID="QE0004" REF.START="QS0004"/>;</HT></P></ITEM><ITEM><P><HT TYPE="ITALIC">for assurance level <QUOT.START CODE="2018" ID="QS0005" REF.END="QE0005"/>Substantial<QUOT.END CODE="2019" ID="QE0005" REF.START="QS0005"/>;</HT></P></ITEM><ITEM><P><HT TYPE="ITALIC">for assurance level <QUOT.START CODE="2018" ID="QS0006" REF.END="QE0006"/>Low<QUOT.END CODE="2019" ID="QE0006" REF.START="QS0006"/>;</HT></P></ITEM></LIST><P><HT TYPE="ITALIC">in line with the requirements of Articles 7, 8(1)-(2), 12(1), 12a(1) and 12a(5) of the European Digital Identity Regulation and with the requirements of Implementing Regulation (EU) 2015/1502.</HT></P><P><HT TYPE="ITALIC">According to Article &lt;insert number&gt; of the Rules of Procedure, the Cooperation Group agrees to publish this opinion.</HT></P><P><HT TYPE="ITALIC">&lt;insert Member State&gt;, &lt;insert date&gt;</HT></P></GR.SEQ></CONTENTS></ANNEX>
