<?xml version="1.0" encoding="UTF-8"?>
<ANNEX xmlns:xsi="http://www.w3.org/2001/XMLSchema-instance" xsi:noNamespaceSchemaLocation="http://formex.publications.europa.eu/schema/formex-06.02.3-20250123.xd" NNC="YES"><BIB.INSTANCE><DOCUMENT.REF FILE="L_202501568EN.doc.fmx.xml"><COLL>L</COLL><NO.DOC FORMAT="YN" TYPE="OJ"><COM>EU</COM><YEAR>2025</YEAR><NO.CURRENT>1568</NO.CURRENT></NO.DOC><LG.OJ>EN</LG.OJ><PAGE.FIRST>1</PAGE.FIRST><PAGE.SEQ>1</PAGE.SEQ><VOLUME.REF>01</VOLUME.REF></DOCUMENT.REF><DATE ISO="20250729">20250729</DATE><LG.DOC>EN</LG.DOC><NO.SEQ>0001.0003</NO.SEQ><PAGE.FIRST>12</PAGE.FIRST><PAGE.SEQ>1</PAGE.SEQ><PAGE.LAST>14</PAGE.LAST><PAGE.TOTAL>3</PAGE.TOTAL></BIB.INSTANCE><TITLE><TI><P>ANNEX III</P></TI><STI><P>Template for the interoperability framework mapping document</P></STI></TITLE><CONTENTS><GR.SEQ LEVEL="1"><TITLE><TI><P><HT TYPE="BOLD">Interoperability Requirements</HT></P></TI></TITLE><TBL COLS="3" NO.SEQ="0001"><CORPUS><ROW TYPE="HEADER"><CELL COL="1" TYPE="HEADER">Article of Implementing Regulation (EU) 2015/1501</CELL><CELL COL="2" TYPE="HEADER">Requirement</CELL><CELL COL="3" TYPE="HEADER">Description</CELL></ROW><ROW><CELL COL="1">4</CELL><CELL COL="2"><GR.SEQ LEVEL="2"><TITLE><TI><P><HT TYPE="BOLD">Mapping of national assurance levels</HT></P></TI></TITLE><P>The mapping of national assurance levels of the notified electronic identification schemes shall follow the requirements laid down in Implementing Regulation (EU) 2015/1502. The results of the mapping shall be notified to the Commission using the notification template laid down in Implementing Decision (EU) 2015/1984.</P></GR.SEQ></CELL><CELL COL="3">&lt;To be filled out by the Member State&gt;</CELL></ROW><ROW><CELL COL="1">5</CELL><CELL COL="2"><GR.SEQ LEVEL="2"><TITLE><TI><P><HT TYPE="BOLD">Nodes</HT></P></TI></TITLE><NP><NO.P>1.</NO.P><TXT>A node in one Member State shall be able to connect with nodes of other Member States.</TXT></NP><NP><NO.P>2.</NO.P><TXT>The nodes shall be able to distinguish between public sector bodies and other relying parties through technical means.</TXT></NP><NP><NO.P>3.</NO.P><TXT>A Member State implementation of the technical requirements set out in this Regulation shall not impose disproportionate technical requirements and costs on other Member States in order for them to interoperate with the implementation adopted by the first Member State.</TXT></NP></GR.SEQ></CELL><CELL COL="3">&lt;To be filled out by the Member State&gt;</CELL></ROW><ROW><CELL COL="1">6</CELL><CELL COL="2"><GR.SEQ LEVEL="2"><TITLE><TI><P><HT TYPE="BOLD">Data Privacy and confidentiality</HT></P></TI></TITLE><NP><NO.P>1.</NO.P><TXT>Protection of privacy and confidentiality of the data exchanged and the maintenance of data integrity between the nodes shall be ensured by using best available technical solutions and protection practices.</TXT></NP><NP><NO.P>2.</NO.P><TXT>The nodes shall not store any personal data, except for the purpose set out in Article 9(3) of Implementing Regulation (EU) 2015/1501.</TXT></NP></GR.SEQ></CELL><CELL COL="3">&lt;To be filled out by the Member State&gt;</CELL></ROW><ROW><CELL COL="1">7</CELL><CELL COL="2"><GR.SEQ LEVEL="2"><TITLE><TI><P><HT TYPE="BOLD">Data integrity and authenticity for the communication</HT></P></TI></TITLE><P>Communication between the nodes shall ensure data integrity and authenticity to make certain that all requests and responses are authentic and have not been tampered with. For this purpose, nodes shall use solutions which have been successfully employed in cross-border operational use.</P></GR.SEQ></CELL><CELL COL="3">&lt;To be filled out by the Member State&gt;</CELL></ROW><?PAGE NO="13"?><ROW><CELL COL="1">8</CELL><CELL COL="2"><GR.SEQ LEVEL="2"><TITLE><TI><P><HT TYPE="BOLD">Message format for the communication</HT></P></TI></TITLE><P>The nodes shall use for syntax common message formats based on standards that have already been deployed more than once between Member States and proven to work in an operational environment.</P><P>The syntax shall allow:</P><LIST TYPE="alpha"><ITEM><NP><NO.P>(a)</NO.P><TXT>proper processing of the minimum set of person identification data uniquely representing a natural or legal person;</TXT></NP></ITEM><ITEM><NP><NO.P>(b)</NO.P><TXT>proper processing of the assurance level of the electronic identification means;</TXT></NP></ITEM><ITEM><NP><NO.P>(c)</NO.P><TXT>distinction between public sector bodies and other relying parties;</TXT></NP></ITEM><ITEM><NP><NO.P>(d)</NO.P><TXT>flexibility to meet the needs of additional attributes relating to identification.</TXT></NP></ITEM></LIST></GR.SEQ></CELL><CELL COL="3">&lt;To be filled out by the Member State&gt;</CELL></ROW><ROW><CELL COL="1">9</CELL><CELL COL="2"><GR.SEQ LEVEL="2"><TITLE><TI><P><HT TYPE="BOLD">Management of security information and metadata</HT></P></TI></TITLE><NP><NO.P>1.</NO.P><TXT>The node operator shall communicate the metadata of the node management in a standardised machine processable manner and in a secure and trustworthy way.</TXT></NP><NP><NO.P>2.</NO.P><TXT>At least the parameters relevant to security shall be retrieved automatically.</TXT></NP><NP><NO.P>3.</NO.P><TXT>The node operator shall store data which, in the event of an incident, enable reconstruction of the sequence of the message exchange for establishing the place and the nature of the incident. The data shall be stored for a period of time in accordance with national requirements and, as a minimum, shall consist of the following elements:</TXT><P><LIST TYPE="alpha"><ITEM><NP><NO.P>(a)</NO.P><TXT>node’s identification;</TXT></NP></ITEM><ITEM><NP><NO.P>(b)</NO.P><TXT>message identification;</TXT></NP></ITEM><ITEM><NP><NO.P>(c)</NO.P><TXT>message date and time.</TXT></NP></ITEM></LIST></P></NP></GR.SEQ></CELL><CELL COL="3">&lt;To be filled out by the Member State&gt;</CELL></ROW><ROW><CELL COL="1">10</CELL><CELL COL="2"><GR.SEQ LEVEL="2"><TITLE><TI><P><HT TYPE="BOLD">Information assurance and security standards</HT></P></TI></TITLE><NP><NO.P>1.</NO.P><TXT>Node operators of nodes providing authentication shall prove that, in respect of the nodes participating in the interoperability framework, the node fulfils the requirements of standard ISO/IEC 27001 by certification, or by equivalent methods of assessment, or by complying with national legislation.</TXT></NP><NP><NO.P>2.</NO.P><TXT>Node operators shall deploy security critical updates without undue delay.</TXT></NP></GR.SEQ></CELL><CELL COL="3">&lt;To be filled out by the Member State&gt;</CELL></ROW><?PAGE NO="14"?><ROW><CELL COL="1">11</CELL><CELL COL="2"><GR.SEQ LEVEL="2"><TITLE><TI><P><HT TYPE="BOLD">Person identification data</HT></P></TI></TITLE><NP><NO.P>1.</NO.P><TXT>A minimum data set of person identification data uniquely representing a natural or a legal person shall meet the requirements set out in the Annex to Implementing Regulation (EU) 2015/1501 when used in a cross-border context.</TXT></NP><NP><NO.P>2.</NO.P><TXT>A minimum data set for a natural person representing a legal person shall contain the combination of the attributes listed in the Annex to Implementing Regulation (EU) 2015/1501 for natural persons and legal persons when used in a cross-border context.</TXT></NP><NP><NO.P>3.</NO.P><TXT>Data shall be transmitted based on original characters and, where appropriate, also transliterated into Latin characters.</TXT></NP></GR.SEQ></CELL><CELL COL="3">&lt;To be filled out by the Member State&gt;</CELL></ROW></CORPUS></TBL></GR.SEQ></CONTENTS></ANNEX>
