<?xml version="1.0" encoding="UTF-8"?>
<ANNEX xmlns:xsi="http://www.w3.org/2001/XMLSchema-instance" xsi:noNamespaceSchemaLocation="http://formex.publications.europa.eu/schema/formex-06.02.3-20250123.xd" NNC="YES"><BIB.INSTANCE><DOCUMENT.REF FILE="L_202501568EN.doc.fmx.xml"><COLL>L</COLL><NO.DOC FORMAT="YN" TYPE="OJ"><COM>EU</COM><YEAR>2025</YEAR><NO.CURRENT>1568</NO.CURRENT></NO.DOC><LG.OJ>EN</LG.OJ><PAGE.FIRST>1</PAGE.FIRST><PAGE.SEQ>1</PAGE.SEQ><VOLUME.REF>01</VOLUME.REF></DOCUMENT.REF><DATE ISO="20250729">20250729</DATE><LG.DOC>EN</LG.DOC><NO.SEQ>0001.0002</NO.SEQ><PAGE.FIRST>11</PAGE.FIRST><PAGE.SEQ>1</PAGE.SEQ><PAGE.LAST>11</PAGE.LAST><PAGE.TOTAL>1</PAGE.TOTAL></BIB.INSTANCE><TITLE><TI><P>ANNEX II</P></TI><STI><P>List of minimum information to be provided in the white paper referred to in Article 2(1), point (b)</P></STI></TITLE><CONTENTS><NP><NO.P>1.</NO.P><TXT>The white paper shall describe the overall ecosystem of the electronic identification scheme being pre-notified, as well as the history of the electronic identification scheme and of electronic identification in the Member State.</TXT></NP><NP><NO.P>2.</NO.P><TXT>The white paper shall also provide a description of the electronic identification scheme and the electronic identification means provided under this scheme, including a brief description of the elements that are also covered by the levels of assurance mapping document referred to in Article 2(1), point (a) of this Regulation, the interoperability framework mapping document referred to in Article 2(1), point (c) of this Regulation, and other documents.</TXT></NP><NP><NO.P>3.</NO.P><TXT>The white paper shall also describe the role of the electronic identification scheme in the overall ecosystem and its relation to relying parties and other services provided within the ecosystem.</TXT></NP></CONTENTS></ANNEX>
