<?xml version="1.0" encoding="UTF-8"?>
<ACT xmlns:xsi="http://www.w3.org/2001/XMLSchema-instance" xsi:noNamespaceSchemaLocation="http://formex.publications.europa.eu/schema/formex-06.02.3-20250123.xd" NNC="YES"><BIB.INSTANCE><DOCUMENT.REF FILE="L_202501568EN.doc.fmx.xml"><COLL>L</COLL><NO.DOC FORMAT="YN" TYPE="OJ"><COM>EU</COM><YEAR>2025</YEAR><NO.CURRENT>1568</NO.CURRENT></NO.DOC><LG.OJ>EN</LG.OJ><PAGE.FIRST>1</PAGE.FIRST><PAGE.SEQ>1</PAGE.SEQ><VOLUME.REF>01</VOLUME.REF></DOCUMENT.REF><DATE ISO="20250729">20250729</DATE><LG.DOC>EN</LG.DOC><NO.SEQ>0001</NO.SEQ><PAGE.FIRST>1</PAGE.FIRST><PAGE.SEQ>1</PAGE.SEQ><PAGE.LAST>7</PAGE.LAST><PAGE.TOTAL>7</PAGE.TOTAL><NO.DOC FORMAT="YN" TYPE="OJ"><COM>EU</COM><YEAR>2025</YEAR><NO.CURRENT>1568</NO.CURRENT></NO.DOC></BIB.INSTANCE><TITLE><TI><P><HT TYPE="UC">Commission Implementing Regulation</HT> (EU) 2025/1568</P><P>of <DATE ISO="20250729">29 July 2025</DATE></P><P>laying down rules for the application of Regulation (EU) No 910/2014 of the European Parliament and of the Council as regards procedural arrangements for peer reviews of electronic identification schemes and for cooperation on the organisation of such reviews within the Cooperation Group and repealing Commission Implementing Decision (EU) 2015/296</P></TI></TITLE><PREAMBLE><PREAMBLE.INIT>THE EUROPEAN COMMISSION,</PREAMBLE.INIT><GR.VISA><VISA>Having regard to the Treaty on the Functioning of the European Union,</VISA><VISA>Having regard to Regulation (EU) No 910/2014 of the European Parliament and of the Council of <DATE ISO="20140723">23 July 2014</DATE> on electronic identification and trust services for electronic transactions in the internal market and repealing Directive 1999/93/EC<NOTE TYPE="FOOTNOTE" NUMBERING.CONTINUED="YES" NOTE.ID="E0001" NUMBERING="ARAB"><P><REF.DOC.OJ NO.OJ="257" DATE.PUB="20140828" COLL="L" PAGE.FIRST="73">OJ L 257, 28.8.2014, p. 73</REF.DOC.OJ>, ELI: <LINK URI="http://data.europa.eu/eli/reg/2014/910/oj">http://data.europa.eu/eli/reg/2014/910/oj</LINK><LINK URI="http://data.europa.eu/eli/reg/2014/910/2024-10-18">http://data.europa.eu/eli/reg/2014/910/2024-10-18</LINK>.</P></NOTE>, and in particular Article 12(6) and Article 46e(7) thereof,</VISA></GR.VISA><GR.CONSID><GR.CONSID.INIT>Whereas:</GR.CONSID.INIT><CONSID><NP><NO.P>(1)</NO.P><TXT>Regulation (EU) No 910/2014 provides for a peer review mechanism with respect to electronic identification schemes that are to be notified, in which Member States can participate on a voluntary basis. Peer reviews should enable Member States to understand the electronic identification schemes to be notified in accordance with Article 9(1), point (a), of Regulation (EU) No 910/2014 and effectively cooperate with a view to ensuring interoperability of those schemes and building trust across the Union. Peer reviews should be organised in such a way as to ensure equitable distribution of efforts and broad representation of all Member States and should not be understood as audits.</TXT></NP></CONSID><CONSID><NP><NO.P>(2)</NO.P><TXT>Commission Implementing Decision (EU) 2015/296<NOTE TYPE="FOOTNOTE" NUMBERING.CONTINUED="YES" NOTE.ID="E0002" NUMBERING="ARAB"><P>Commission Implementing Decision (EU) 2015/296 of <DATE ISO="20150224">24 February 2015</DATE> establishing procedural arrangements for cooperation between Member States on electronic identification pursuant to Article 12(7) of Regulation (EU) No 910/2014 of the European Parliament and of the Council on electronic identification and trust services for electronic transactions in the internal market (<REF.DOC.OJ NO.OJ="053" DATE.PUB="20150225" COLL="L" PAGE.FIRST="14">OJ L 53, 25.2.2015, p. 14</REF.DOC.OJ>, ELI: <LINK URI="http://data.europa.eu/eli/dec_impl/2015/296/oj">http://data.europa.eu/eli/dec_impl/2015/296/oj</LINK>).</P></NOTE> established the procedural arrangements for cooperation on electronic identification schemes within the context of the former eIDAS Cooperation Network, including for peer reviews conducted by members of that network. Since the peer review tasks are now to be organised by the European Digital Identity Cooperation Group established pursuant to Commission Decision C(2024)6132 of <DATE ISO="20240905">5.9.2024</DATE> establishing the European Digital Identity Cooperation Group and amending Implementing Decision (EU) 2015/296, following Article 46e(1) of Regulation (EU) No 910/2014 (<QUOT.START CODE="2018" ID="QS0001" REF.END="QE0001"/>Cooperation Group<QUOT.END CODE="2019" ID="QE0001" REF.START="QS0001"/>), Implementing Decision (EU) 2015/296 should be repealed.</TXT></NP></CONSID><CONSID><NP><NO.P>(3)</NO.P><TXT>To make peer reviews easily accessible, any Member State should be able to request the initiation of a peer review. The request should indicate the reasons for requesting the peer review and contain sufficient information to corroborate that the peer review may contribute to the interoperability or security of electronic identification schemes to be notified. To this end, creating uniform rules for the minimum required information is necessary to ensure that the peer review can be completed in an efficient and timely manner. The Commission may organise meetings of the Cooperation Group to facilitate the timely initiation and conclusion of a peer review.</TXT></NP></CONSID><CONSID><NP><NO.P>(4)</NO.P><TXT>Where a Member State provides information to the other Member States on an electronic identification scheme in accordance with Article 7, point (g) of Regulation (EU) No 910/2014 (<QUOT.START CODE="2018" ID="QS0002" REF.END="QE0002"/>pre-notification<QUOT.END CODE="2019" ID="QE0002" REF.START="QS0002"/>), that action should formally be considered as a request by the notifying Member State to perform a peer review of its electronic identification scheme.</TXT></NP></CONSID><?PAGE NO="2"?><CONSID><NP><NO.P>(5)</NO.P><TXT>To ensure effective preparation and execution of the peer review, standardised roles and responsibilities in the peer review should be identified. Member States should have the possibility to appoint representatives to fulfil those roles and responsibilities. As it is critical to ensure that all peer reviews run smoothly and are conducted in a streamlined and expeditious manner, the practicalities of each peer review, indicatively its exact scope and timing, should be agreed among the Member States involved in that peer review.</TXT></NP></CONSID><CONSID><NP><NO.P>(6)</NO.P><TXT>To ensure that all Member States contribute to the implementation of the peer review mechanism, as well as to enable them to benefit from peer learning, representatives of each Member State should contribute to an equitable distribution of efforts among Member States across all peer reviews to be conducted.</TXT></NP></CONSID><CONSID><NP><NO.P>(7)</NO.P><TXT>To foster a high level of trust in peer reviewed electronic identification schemes, Member States should provide the minimum required information, while ensuring the confidentiality of potentially sensitive information. Such information should be evaluated by three working groups in the peer reviews, each with a mandate corresponding to the central topics for evaluating an electronic identification scheme as set out in Commission Implementing Regulation (EU) 2015/1501<NOTE TYPE="FOOTNOTE" NUMBERING.CONTINUED="YES" NOTE.ID="E0003" NUMBERING="ARAB"><P>Commission Implementing Regulation (EU) 2015/1501 of <DATE ISO="20150908">8 September 2015</DATE> on the interoperability framework pursuant to Article 12(8) of Regulation (EU) No 910/2014 of the European Parliament and of the Council on electronic identification and trust services for electronic transactions in the internal market (<REF.DOC.OJ NO.OJ="235" DATE.PUB="20150909" COLL="L" PAGE.FIRST="1">OJ L 235, 9.9.2015, p. 1</REF.DOC.OJ>, ELI: <LINK URI="http://data.europa.eu/eli/reg_impl/2015/1501/oj">http://data.europa.eu/eli/reg_impl/2015/1501/oj</LINK>).</P></NOTE> and Commission Implementing Regulation (EU) 2015/1502<NOTE TYPE="FOOTNOTE" NUMBERING.CONTINUED="YES" NOTE.ID="E0004" NUMBERING="ARAB"><P>Commission Implementing Regulation (EU) 2015/1502 of <DATE ISO="20150908">8 September 2015</DATE> on setting out minimum technical specifications and procedures for assurance levels for electronic identification means pursuant to Article 8(3) of Regulation (EU) No 910/2014 of the European Parliament and of the Council on electronic identification and trust services for electronic transactions in the internal market (<REF.DOC.OJ NO.OJ="235" DATE.PUB="20150909" COLL="L" PAGE.FIRST="7">OJ L 235, 9.9.2015, p. 7</REF.DOC.OJ>, ELI: <LINK URI="http://data.europa.eu/eli/reg_impl/2015/1502/oj">http://data.europa.eu/eli/reg_impl/2015/1502/oj</LINK>).</P></NOTE>.</TXT></NP></CONSID><CONSID><NP><NO.P>(8)</NO.P><TXT>As Implementing Decision (EU) 2015/296 already established English as the language of cooperation, unless otherwise agreed, it is existing practice of Member States to undertake the peer review process in English. Therefore, Member States should provide relevant information for the peer review at least in English. However, translation should not cause unreasonable administrative or financial burdens. In this respect, Member States are free to use automated translation tools, including the ones provided by the Commission.</TXT></NP></CONSID><CONSID><NP><NO.P>(9)</NO.P><TXT>Taking into account the importance of peer reviews as a tool to ensure the trustworthiness of notified electronic identification schemes, a streamlined process should be established for the adoption of a clear and comprehensive final peer review report. During that process, the Cooperation Group and the Member States participating in the peer review should have the possibility to put additional questions to the Member State whose electronic identification scheme is being peer reviewed, while that Member State should have the opportunity to provide additional observations. To ensure transparency, the process should be completed with the publication of the Cooperation Group’s opinion on the conclusion of the peer review.</TXT></NP></CONSID><CONSID><NP><NO.P>(10)</NO.P><TXT>Since electronic identification schemes may undergo changes after conclusion of their peer review, it is also necessary to set up a process for initiating an update of prior peer reviews if such changes can impact the interoperability, security or trustworthiness of the notified electronic identification scheme. This would enable the peer reviews to remain relevant over time as electronic identification schemes evolve.</TXT></NP></CONSID><CONSID><NP><NO.P>(11)</NO.P><TXT>Regulation (EU) 2016/679 of the European Parliament and of the Council<NOTE TYPE="FOOTNOTE" NUMBERING.CONTINUED="YES" NOTE.ID="E0005" NUMBERING="ARAB"><P>Regulation (EU) 2016/679 of the European Parliament and of the Council of <DATE ISO="20160427">27 April 2016</DATE> on the protection of natural persons with regard to the processing of personal data and on the free movement of such data, and repealing Directive 95/46/EC (General Data Protection Regulation) (<REF.DOC.OJ NO.OJ="119" DATE.PUB="20160504" COLL="L" PAGE.FIRST="1">OJ L 119, 4.5.2016, p. 1</REF.DOC.OJ>, ELI: <LINK URI="http://data.europa.eu/eli/reg/2016/679/oj">http://data.europa.eu/eli/reg/2016/679/oj</LINK>).</P></NOTE>, and, where relevant, Regulation (EU) 2018/1725 of the European Parliament and of the Council<NOTE TYPE="FOOTNOTE" NUMBERING.CONTINUED="YES" NOTE.ID="E0006" NUMBERING="ARAB"><P>Regulation (EU) 2018/1725 of the European Parliament and of the Council of <DATE ISO="20181023">23 October 2018</DATE> on the protection of natural persons with regard to the processing of personal data by the Union institutions, bodies, offices and agencies and on the free movement of such data, and repealing Regulation (EC) No 45/2001 and Decision No 1247/2002/EC (<REF.DOC.OJ NO.OJ="295" DATE.PUB="20181121" COLL="L" PAGE.FIRST="39">OJ L 295, 21.11.2018, p. 39</REF.DOC.OJ>, ELI: <LINK URI="http://data.europa.eu/eli/reg/2018/1725/oj">http://data.europa.eu/eli/reg/2018/1725/oj</LINK>).</P></NOTE>, Directive 2002/58/EC of the European Parliament and of the Council<NOTE TYPE="FOOTNOTE" NUMBERING.CONTINUED="YES" NOTE.ID="E0007" NUMBERING="ARAB"><P>Directive 2002/58/EC of the European Parliament and of the Council of <DATE ISO="20020712">12 July 2002</DATE> concerning the processing of personal data and the protection of privacy in the electronic communications sector (Directive on privacy and electronic communications) (<REF.DOC.OJ NO.OJ="201" DATE.PUB="20020731" COLL="L" PAGE.FIRST="37">OJ L 201, 31.7.2002, p. 37</REF.DOC.OJ>, ELI: <LINK URI="http://data.europa.eu/eli/dir/2002/58/oj">http://data.europa.eu/eli/dir/2002/58/oj</LINK>).</P></NOTE> apply to the personal data processing activities under this Regulation.</TXT></NP></CONSID><?PAGE NO="3"?><CONSID><NP><NO.P>(12)</NO.P><TXT>The European Data Protection Supervisor was consulted in accordance with Article 42(1) of Regulation (EU) 2018/1725 and delivered its opinion on <DATE ISO="20250528">28 May 2025</DATE>.</TXT></NP></CONSID><CONSID><NP><NO.P>(13)</NO.P><TXT>The measures provided for in this Regulation are in accordance with the opinion of the committee established by Article 48 of Regulation (EU) No 910/2014,</TXT></NP></CONSID></GR.CONSID><PREAMBLE.FINAL>HAS ADOPTED THIS REGULATION:</PREAMBLE.FINAL></PREAMBLE><ENACTING.TERMS><ARTICLE IDENTIFIER="001"><TI.ART>Article 1</TI.ART><STI.ART>General principles for the peer review</STI.ART><PARAG IDENTIFIER="001.001"><NO.PARAG>1.</NO.PARAG><ALINEA>Where a Member State makes a pre-notification of an electronic identification scheme to the Commission and to the other Member States, the peer review shall be initiated in accordance with Article 2.</ALINEA></PARAG><PARAG IDENTIFIER="001.002"><NO.PARAG>2.</NO.PARAG><ALINEA>The Member State that makes a pre-notification of an electronic identification scheme may, at any point, withdraw its pre-notification. Where the Member State withdraws their pre-notification of the electronic identification scheme, the peer review shall be considered as terminated.</ALINEA></PARAG><PARAG IDENTIFIER="001.003"><NO.PARAG>3.</NO.PARAG><ALINEA>Any Member State may decide to participate in the peer review of the electronic identification scheme of another Member State.</ALINEA></PARAG><PARAG IDENTIFIER="001.004"><NO.PARAG>4.</NO.PARAG><ALINEA>Each Member State involved in a peer review shall bear the costs it incurs in the process.</ALINEA></PARAG><PARAG IDENTIFIER="001.005"><NO.PARAG>5.</NO.PARAG><ALINEA>Representatives of the Member States that conduct the peer review shall use the information obtained through the peer review solely for the purposes of that review and shall not disclose any sensitive or confidential information obtained during the peer review to third parties.</ALINEA></PARAG><PARAG IDENTIFIER="001.006"><NO.PARAG>6.</NO.PARAG><ALINEA>A Member State that decides to participate in the peer review of an electronic identification scheme of another Member State shall disclose any conflict of interest in relation to representatives appointed by that Member State. Where there is a conflict of interest, the Member State whose electronic identification scheme is being peer-reviewed may refuse the participation of the relevant representative in the assessment of its electronic identification scheme.</ALINEA></PARAG><PARAG IDENTIFIER="001.007"><NO.PARAG>7.</NO.PARAG><ALINEA>Any disputes arising during the peer review in relation to the peer review activities as laid down in Article 4(4) of this Regulation shall be settled in accordance with the Cooperation Group’s rules of procedure.</ALINEA></PARAG><PARAG IDENTIFIER="001.008"><NO.PARAG>8.</NO.PARAG><ALINEA>An electronic identification scheme shall not be subject to further peer review within two years from the conclusion of a peer review, except where significant changes set out in Article 6(1) were made to the peer-reviewed electronic identification scheme.</ALINEA></PARAG></ARTICLE><ARTICLE IDENTIFIER="002"><TI.ART>Article 2</TI.ART><STI.ART>Initiation of the peer review</STI.ART><PARAG IDENTIFIER="002.001"><NO.PARAG>1.</NO.PARAG><ALINEA><P>The pre-notification shall include at least:</P><LIST TYPE="alpha"><ITEM><NP><NO.P>(a)</NO.P><TXT>a comparison between the pre-notified electronic identification scheme and requirements laid down in Implementing Regulation (EU) 2015/1502, under the form of a level of assurance mapping document for the peer review in accordance with Annex I to this Regulation;</TXT></NP></ITEM><ITEM><NP><NO.P>(b)</NO.P><TXT>a high-level description of the electronic identification scheme, of its ecosystem and of electronic identification in the Member State having made the pre-notification, under the form of a whitepaper in accordance with Annex II to this Regulation;</TXT></NP></ITEM><ITEM><NP><NO.P>(c)</NO.P><TXT>information regarding interoperability of the electronic identification scheme and the requirements laid down in Implementing Regulation (EU) 2015/1501, under the form of an interoperability framework mapping document in accordance with the template set out in Annex III to this Regulation.</TXT></NP></ITEM></LIST></ALINEA></PARAG><?PAGE NO="4"?><PARAG IDENTIFIER="002.002"><NO.PARAG>2.</NO.PARAG><ALINEA>The Commission shall disseminate the pre-notification information to the Cooperation Group.</ALINEA></PARAG><PARAG IDENTIFIER="002.003"><NO.PARAG>3.</NO.PARAG><ALINEA>The information required under paragraph 1, point (c), shall be provided at least in English. Member States shall not be obliged to translate any document where this would create an unreasonable administrative or financial burden.</ALINEA></PARAG></ARTICLE><ARTICLE IDENTIFIER="003"><TI.ART>Article 3</TI.ART><STI.ART>Preparation of the peer review</STI.ART><PARAG IDENTIFIER="003.001"><NO.PARAG>1.</NO.PARAG><ALINEA>Upon confirmation of receipt of a complete pre-notification, the Commission shall inform the Cooperation Group of the initiation of the peer review and schedule a meeting where the pre-notified electronic identification scheme is put on the meeting agenda for presentation to the Cooperation Group by the Member State having made the pre-notification.</ALINEA></PARAG><PARAG IDENTIFIER="003.002"><NO.PARAG>2.</NO.PARAG><ALINEA>The chair of the Cooperation Group shall ensure that the scheduled meeting referred to in paragraph 1 takes place no later than two months after the Cooperation Group is informed of the initiation of the peer review.</ALINEA></PARAG><PARAG IDENTIFIER="003.003"><NO.PARAG>3.</NO.PARAG><ALINEA>The date of the presentation shall be considered the official start date of the peer review.</ALINEA></PARAG><PARAG IDENTIFIER="003.004"><NO.PARAG>4.</NO.PARAG><ALINEA>After the Member State having made the pre-notification has given the presentation referred to in paragraph 3, the other Member States may appoint representatives to participate in the peer review on their behalf. If they do so, they shall provide the names and contact details of their representatives. Those appointed representatives shall form the peer review group.</ALINEA><ALINEA><P>The members of the peer review group shall agree on assigning the following roles:</P><LIST TYPE="alpha"><ITEM><NP><NO.P>(a)</NO.P><TXT>one coordinator who shall be responsible for organising the peer review and managing communication with Member States, the Cooperation Group and the Commission;</TXT></NP></ITEM><ITEM><NP><NO.P>(b)</NO.P><TXT>up to three rapporteurs depending on the scope of the peer review and each one of them to lead a working group as referred to in Article 4(2);</TXT></NP></ITEM><ITEM><NP><NO.P>(c)</NO.P><TXT>at least one active member per working group, who shall assist in generating questions and providing feedback to the rapporteurs and contribute to drafting the final peer review report.</TXT></NP></ITEM></LIST></ALINEA></PARAG><PARAG IDENTIFIER="003.005"><NO.PARAG>5.</NO.PARAG><ALINEA><P>The coordinator referred to in paragraph 4, point (a), shall oversee proper execution of the peer review and monitor compliance with the procedural requirements set out in this Regulation. To that end, the coordinator shall carry out the following tasks in a timely manner:</P><LIST TYPE="alpha"><ITEM><NP><NO.P>(a)</NO.P><TXT>organisation of the questions and answers;</TXT></NP></ITEM><ITEM><NP><NO.P>(b)</NO.P><TXT>finalisation of the peer review report;</TXT></NP></ITEM><ITEM><NP><NO.P>(c)</NO.P><TXT>drafting of the opinion on the peer reviewed electronic identification scheme.</TXT></NP></ITEM></LIST></ALINEA></PARAG><PARAG IDENTIFIER="003.006"><NO.PARAG>6.</NO.PARAG><ALINEA>The rapporteurs referred to in paragraph 4, point (b), shall identify questions for the Member State having made the pre-notification and draft the elements of the peer review report that relate to the area of responsibility of their respective working group.</ALINEA></PARAG><PARAG IDENTIFIER="003.007"><NO.PARAG>7.</NO.PARAG><ALINEA>Taking into account the guidance provided by the Cooperation Group, the Member State having made the pre-notification and the Member States involved in the peer review shall agree on any organisational arrangements relating to the peer review not specifically provided for in this Regulation, including rules and guidelines regarding confidentiality and conflicts of interest.</ALINEA></PARAG><PARAG IDENTIFIER="003.008"><NO.PARAG>8.</NO.PARAG><ALINEA>The duration of the peer review shall not exceed three months from the official start date of the peer review referred to in paragraph 3 and may be extended by a maximum of two months where all Member States involved in the peer review agree to do so.</ALINEA></PARAG></ARTICLE><?PAGE NO="5"?><ARTICLE IDENTIFIER="004"><TI.ART>Article 4</TI.ART><STI.ART>Organisation of the peer review</STI.ART><PARAG IDENTIFIER="004.001"><NO.PARAG>1.</NO.PARAG><ALINEA>The peer review group shall conduct the peer review based on the information provided in accordance with Article 2(1) by the Member State having made the pre-notification.</ALINEA></PARAG><PARAG IDENTIFIER="004.002"><NO.PARAG>2.</NO.PARAG><ALINEA>The peer review shall be organised in three working groups, or using any other process agreed in the Cooperation Group in accordance with its Rules of Procedure. Where working groups are used, each working group shall be composed of one rapporteur and at least one active member.</ALINEA></PARAG><PARAG IDENTIFIER="004.003"><NO.PARAG>3.</NO.PARAG><ALINEA><P>The working groups referred to in paragraph 2 shall be the following:</P><LIST TYPE="alpha"><ITEM><NP><NO.P>(a)</NO.P><TXT>an enrolment working group, peer-reviewing the alignment of the pre-notified electronic identification scheme with the requirements in relation to enrolment as set out in section 2.1 of the Annex to Implementing Regulation (EU) 2015/1502;</TXT></NP></ITEM><ITEM><NP><NO.P>(b)</NO.P><TXT>an electronic identification means management and authentication working group, peer-reviewing the alignment of the pre-notified electronic identification scheme with the requirements in relation to electronic identification means management and authentication as set out in sections 2.2 and 2.3 of the Annex to Implementing Regulation (EU) 2015/1502;</TXT></NP></ITEM><ITEM><NP><NO.P>(c)</NO.P><TXT>a management and organisation working group peer-reviewing the alignment of the pre-notified electronic identification scheme with the requirements in relation to management and organisation as set out in section 2.4 of Implementing Regulation (EU) 2015/1502.</TXT></NP></ITEM></LIST></ALINEA></PARAG><PARAG IDENTIFIER="004.004"><NO.PARAG>4.</NO.PARAG><ALINEA><P>The peer review shall include, but is not limited to, one or more of the following activities:</P><LIST TYPE="alpha"><ITEM><NP><NO.P>(a)</NO.P><TXT>assessment of relevant documentation provided by the Member State having made the pre-notification;</TXT></NP></ITEM><ITEM><NP><NO.P>(b)</NO.P><TXT>examination of processes described as part of that documentation;</TXT></NP></ITEM><ITEM><NP><NO.P>(c)</NO.P><TXT>technical seminars;</TXT></NP></ITEM><ITEM><NP><NO.P>(d)</NO.P><TXT>consideration of independent third-party assessments, where relevant assessments of this kind are available;</TXT></NP></ITEM><ITEM><NP><NO.P>(e)</NO.P><TXT>drafting of the peer review report that summarises the peer review’s findings and results.</TXT></NP></ITEM></LIST></ALINEA></PARAG><PARAG IDENTIFIER="004.005"><NO.PARAG>5.</NO.PARAG><ALINEA>The working groups may make duly justified requests for additional information, supported by additional documentation, from the Member State having made the pre-notification where the information provided in accordance with Article 2(1) is not sufficient, for the termination of the peer review.</ALINEA></PARAG><PARAG IDENTIFIER="004.006"><NO.PARAG>6.</NO.PARAG><ALINEA><P>The Member State having made the pre-notification shall comply with such requests except where one of the following applies:</P><LIST TYPE="alpha"><ITEM><NP><NO.P>(a)</NO.P><TXT>it does not possess the information or documentation and obtaining it would generate an unreasonable administrative burden;</TXT></NP></ITEM><ITEM><NP><NO.P>(b)</NO.P><TXT>the information or documentation requested concerns matters of public security or national security;</TXT></NP></ITEM><ITEM><NP><NO.P>(c)</NO.P><TXT>the information concerns business matters, professional or company secrets;</TXT></NP></ITEM><ITEM><NP><NO.P>(d)</NO.P><TXT>the sensitivity of the information makes it impossible to establish a secure channel to communicate the information to the members of the peer review group.</TXT></NP></ITEM></LIST></ALINEA></PARAG><PARAG IDENTIFIER="004.007"><NO.PARAG>7.</NO.PARAG><ALINEA>In such cases, the Member State having made the pre-notification shall inform the coordinator of the reasons for refusing to provide the requested information or documentation and shall provide a high-level summary of the information or a redacted version of the documentation.</ALINEA></PARAG></ARTICLE><?PAGE NO="6"?><ARTICLE IDENTIFIER="005"><TI.ART>Article 5</TI.ART><STI.ART>Outcome of the peer review</STI.ART><PARAG IDENTIFIER="005.001"><NO.PARAG>1.</NO.PARAG><ALINEA><P>Without prejudice to Article 3(9), the peer review group shall:</P><LIST TYPE="alpha"><ITEM><NP><NO.P>(a)</NO.P><TXT>provide a draft peer review report to the Member State having made the pre-notification no later than three months after the start date of the peer review referred to in Article 3(3) unless the peer review is subject to an extension in accordance with Article 3(8) where the report is due according to the agreed extension;</TXT></NP></ITEM><ITEM><NP><NO.P>(b)</NO.P><TXT>provide the draft final peer review report to the Commission and the Cooperation Group after taking into consideration any observations from the Member State having made the pre-notification on the content of the draft peer review report, and no later than three months and two weeks after the official start date of the peer review pursuant to Article 3(3) unless the peer review is subject to an extension in accordance with Article 3(8) where the report is due according to the agreed extension;</TXT></NP></ITEM><ITEM><NP><NO.P>(c)</NO.P><TXT>provide the Member State having made the pre-notification with a draft opinion on the pre-notified electronic identification scheme no later than three months and two weeks after the official start date of the peer review referred to in Article 3(3) unless the peer review is subject to an extension in accordance with Article 3(8) where the opinion is due according to the agreed extension and shall prepare the draft opinion using the template set out in Annex IV;</TXT></NP></ITEM><ITEM><NP><NO.P>(d)</NO.P><TXT>provide the Commission and the Cooperation Group with a draft final opinion on the pre-notified electronic identification scheme no later than three months and three weeks after the start date of the peer review referred to in Article 3 (3) unless the peer review is subject to an extension in accordance with Article 3(8) where the opinion is due according to the agreed extension.</TXT></NP></ITEM></LIST></ALINEA></PARAG><PARAG IDENTIFIER="005.002"><NO.PARAG>2.</NO.PARAG><ALINEA>Before the Cooperation Group adopts and publishes, on a dedicated website of the Commission, its final opinion on the conclusion of the peer review in accordance with paragraph 9, it may require additional information or clarification from the Member State having made the pre-notification or from the peer review group.</ALINEA></PARAG><PARAG IDENTIFIER="005.003"><NO.PARAG>3.</NO.PARAG><ALINEA><P>The Member State having made the pre-notification shall provide the required additional information referred to in paragraph 2, except where one of the following applies:</P><LIST TYPE="alpha"><ITEM><NP><NO.P>(a)</NO.P><TXT>the Member State does not possess the information and obtaining it would cause an unreasonable administrative burden;</TXT></NP></ITEM><ITEM><NP><NO.P>(b)</NO.P><TXT>the information concerns matters of public or national security;</TXT></NP></ITEM><ITEM><NP><NO.P>(c)</NO.P><TXT>the information concerns matters of business, professional or company secrets;</TXT></NP></ITEM><ITEM><NP><NO.P>(d)</NO.P><TXT>the sensitivity of the information makes it impossible to establish a secure channel to communicate the information to the Cooperation Group.</TXT></NP></ITEM></LIST></ALINEA></PARAG><PARAG IDENTIFIER="005.004"><NO.PARAG>4.</NO.PARAG><ALINEA>The final peer review report shall list the information that was requested by the peer review group or by the Cooperation Group but could not be provided on one or more grounds set out in paragraph 3, without specifying the reasons provided by the Member State having made the pre-notification. The impact of any unavailability of information may be examined by the peer review group in the final peer review report.</ALINEA></PARAG><PARAG IDENTIFIER="005.005"><NO.PARAG>5.</NO.PARAG><ALINEA>The peer review group shall present the final peer review report and its draft final opinion to the Cooperation Group no later than four months, or in the case of prolongation in accordance with Article 3(8) no later than six months after the official start date of the peer review pursuant to Article 3(3).</ALINEA></PARAG><PARAG IDENTIFIER="005.006"><NO.PARAG>6.</NO.PARAG><ALINEA>The final opinion of the peer review group on the electronic identification scheme of the Member State having made the pre-notification shall list any commitments made by that Member State.</ALINEA></PARAG><PARAG IDENTIFIER="005.007"><NO.PARAG>7.</NO.PARAG><ALINEA>After the presentation of the final peer review report and the final opinion of the peer review group, the Cooperation Group shall adopt and publish its own opinion on the conclusion of the peer review, indicating if and how the peer-reviewed electronic identification scheme meets the requirements set out in Implementing Regulation (EU) 2015/1502 that apply to the assurance levels indicated by the Member State having made the pre-notification, in accordance with Annex I of this Regulation. The adoption process shall follow the rules of procedure of the Cooperation Group.</ALINEA></PARAG><?PAGE NO="7"?><PARAG IDENTIFIER="005.008"><NO.PARAG>8.</NO.PARAG><ALINEA>The opinion of the Cooperation Group shall identify the Member State having made the pre-notification as well as the pre-notified electronic identification scheme and its assurance level. The opinion shall also state whether the peer review was completed successfully.</ALINEA></PARAG><PARAG IDENTIFIER="005.009"><NO.PARAG>9.</NO.PARAG><ALINEA>Information provided in accordance with Article 2(1) shall be published by the Cooperation Group, except where the Member State that provided the information has indicated in writing that such information should not be made public.</ALINEA></PARAG></ARTICLE><ARTICLE IDENTIFIER="006"><TI.ART>Article 6</TI.ART><STI.ART>Significant changes in peer-reviewed electronic identification schemes</STI.ART><PARAG IDENTIFIER="006.001"><NO.PARAG>1.</NO.PARAG><ALINEA>Where a notified electronic identification scheme changes in a manner that is likely to impact its interoperability, security or trustworthiness, the Member State having made the notification shall without undue delay notify the Cooperation Group of those changes and update the information previously provided.</ALINEA></PARAG><PARAG IDENTIFIER="006.002"><NO.PARAG>2.</NO.PARAG><ALINEA>Following the receipt of a notification referred to in paragraph 1, and provided the notified electronic identification scheme has been peer-reviewed, any Member State of the Cooperation Group may request an update to the peer review.</ALINEA></PARAG><PARAG IDENTIFIER="006.003"><NO.PARAG>3.</NO.PARAG><ALINEA>In case of a request for an update, the procedures set out in Articles 3 to 5 shall apply accordingly and the peer review group shall limit the peer review to the elements that have been changed pursuant to the original notification and to the impacts of those changes.</ALINEA></PARAG></ARTICLE><ARTICLE IDENTIFIER="007"><TI.ART>Article 7</TI.ART><STI.ART>Repeal</STI.ART><ALINEA>Implementing Decision (EU) 2015/296 is hereby repealed.</ALINEA></ARTICLE><ARTICLE IDENTIFIER="008"><TI.ART>Article 8</TI.ART><STI.ART>Entry into force</STI.ART><ALINEA>This Regulation shall enter into force on the twentieth day following that of its publication in the <HT TYPE="ITALIC">Official Journal of the European Union</HT>.</ALINEA></ARTICLE></ENACTING.TERMS><FINAL><P>This Regulation shall be binding in its entirety and directly applicable in all Member States.</P><SIGNATURE><PL.DATE><P>Done at Brussels, <DATE ISO="20250729">29 July 2025</DATE>.</P></PL.DATE><SIGNATORY><P><HT TYPE="ITALIC">For the Commission</HT></P><P><HT TYPE="ITALIC">The President</HT></P><P>Ursula <HT TYPE="UC">von der Leyen</HT></P></SIGNATORY></SIGNATURE></FINAL></ACT>
