<?xml version="1.0" encoding="UTF-8"?>
<ANNEX xmlns:xsi="http://www.w3.org/2001/XMLSchema-instance" xsi:noNamespaceSchemaLocation="http://formex.publications.europa.eu/schema/formex-06.02.3-20250123.xd" NNC="YES"><BIB.INSTANCE><DOCUMENT.REF FILE="L_202502164EN.doc.fmx.xml"><COLL>L</COLL><NO.DOC FORMAT="YN" TYPE="OJ"><COM>EU</COM><YEAR>2025</YEAR><NO.CURRENT>2164</NO.CURRENT></NO.DOC><LG.OJ>EN</LG.OJ><PAGE.FIRST>1</PAGE.FIRST><PAGE.SEQ>1</PAGE.SEQ><VOLUME.REF>01</VOLUME.REF></DOCUMENT.REF><DATE ISO="20251027">20251027</DATE><LG.DOC>EN</LG.DOC><NO.SEQ>0001.0001</NO.SEQ><PAGE.FIRST>3</PAGE.FIRST><PAGE.SEQ>1</PAGE.SEQ><PAGE.LAST>7</PAGE.LAST><PAGE.TOTAL>5</PAGE.TOTAL></BIB.INSTANCE><TITLE><TI><P>ANNEX</P></TI></TITLE><CONTENTS><P>Annex I to Implementing Decision (EU) 2015/1505 is amended as follows:</P><LIST TYPE="ARAB"><ITEM><NP><NO.P>(1)</NO.P><TXT>In Chapter II, the first paragraph is replaced by the following:</TXT><P><QUOT.S LEVEL="1"><P><QUOT.START CODE="2018" ID="QS0001" REF.END="QE0001"/>The present specifications leverage the specifications and requirements set in ETSI TS 119 612 v2.4.1 (hereinafter referred to as ETSI TS 119 612).<QUOT.END CODE="2019" ID="QE0001" REF.START="QS0001"/>.</P></QUOT.S></P></NP></ITEM><ITEM><NP><NO.P>(2)</NO.P><TXT>In Chapter II, the section under the title <QUOT.START CODE="2018" ID="QS0002" REF.END="QE0002"/>Scheme type/community/rules (clause 5.3.9)<QUOT.END CODE="2019" ID="QE0002" REF.START="QS0002"/> is replaced by the following:</TXT><P><QUOT.S LEVEL="1"><GR.SEQ LEVEL="1"><TITLE><TI><P><QUOT.START CODE="2018" ID="QS0003" REF.END="QE0003"/><HT TYPE="BOLD">Scheme type/community/rules (clause 5.3.9)</HT></P></TI></TITLE><P>This field shall be mandatory and shall comply with the specifications from ETSI TS 119 612 clause 5.3.9.</P><P>This field shall only include UK English URIs.</P><P>This field shall include at least two URIs:</P><LIST TYPE="ARAB"><ITEM><NP><NO.P>(1)</NO.P><TXT>A URI common to all Member States’ Trusted Lists pointing towards a descriptive text that shall be applicable to all Trusted Lists, as follows:</TXT><P><LIST TYPE="DASH"><ITEM><P>URI: <LINK URI="http://uri.etsi.org/TrstSvc/TrustedList/schemerules/EUcommon">http://uri.etsi.org/TrstSvc/TrustedList/schemerules/EUcommon</LINK></P></ITEM><ITEM><P>Descriptive text:</P><P><QUOT.S LEVEL="2"><GR.SEQ LEVEL="2"><TITLE><TI><NP><NO.P><QUOT.START CODE="2018" ID="QS0004" REF.END="QE0004"/>A.</NO.P><TXT><HT TYPE="BOLD"><HT TYPE="ITALIC">Participation in a scheme</HT></HT></TXT></NP></TI></TITLE><P>Each Member State must create a trusted list including information related to the qualified trust service providers that are under supervision, together with information related to the qualified trust services they provide, in accordance with the relevant provisions laid down in Regulation (EU) No 910/2014.</P><P>The present implementation of such trusted lists is also to be referred to in the list of links (pointers) towards each Member State’s trusted list, compiled by the European Commission.</P></GR.SEQ><GR.SEQ LEVEL="2"><TITLE><TI><NP><NO.P>B.</NO.P><TXT><HT TYPE="BOLD"><HT TYPE="ITALIC">Policy/rules for the assessment of the listed services</HT></HT></TXT></NP></TI></TITLE><P>Member States must supervise qualified trust service providers established in the territory of the designating Member State as laid down in Chapter III of Regulation (EU) No 910/2014 to ensure that those qualified trust service providers and the qualified trust services they provide meet the requirements laid down in that Regulation.</P><P>The trusted lists of Member States include, as a minimum, information specified in Articles 1 and 2 of Implementing Decision (EU) 2015/1505.</P><P>The trusted lists include both current and historical information about the status of listed trust services.</P><P>Each Member State’s trusted list must provide information on the national supervisory scheme and, where applicable, national approval, including through accreditation scheme(s) under which the trust service providers and the trust services they provide are listed.</P></GR.SEQ><GR.SEQ LEVEL="2"><TITLE><TI><NP><NO.P>C.</NO.P><TXT><HT TYPE="BOLD"><HT TYPE="ITALIC">Interpretation of the trusted list</HT></HT></TXT></NP></TI></TITLE><P>The general user guidelines for applications, services or products relying on a trusted list published in accordance with Regulation (EU) No 910/2014 are as follows:</P><GR.SEQ LEVEL="3"><TITLE><TI><NP><NO.P>C.1</NO.P><TXT><HT TYPE="BOLD"><HT TYPE="ITALIC">Qualified status of a trust service</HT></HT></TXT></NP></TI></TITLE><P>The qualified status of a trust service is indicated by the combination of:</P><LIST TYPE="DASH"><ITEM><P>the <QUOT.START CODE="201C" ID="QS0005" REF.END="QE0005"/>Service type identifier<QUOT.END CODE="201D" ID="QE0005" REF.START="QS0005"/> (<QUOT.START CODE="201C" ID="QS0006" REF.END="QE0006"/>Sti<QUOT.END CODE="201D" ID="QE0006" REF.START="QS0006"/>) value in a service entry;</P></ITEM><ITEM><P>where applicable, the presence of one of the following values in all the fields <QUOT.START CODE="201C" ID="QS0007" REF.END="QE0007"/>additionalServiceInformation extension<QUOT.END CODE="201D" ID="QE0007" REF.START="QS0007"/> in the service entry:</P><P><LIST TYPE="DASH"><ITEM><P><QUOT.START CODE="0022" ID="QS0008" REF.END="QE0008"/><LINK URI="http://uri.etsi.org/TrstSvc/TrustedList/SvcInfoExt/ForeSignatures">http://uri.etsi.org/TrstSvc/TrustedList/SvcInfoExt/ForeSignatures</LINK><QUOT.END CODE="0022" ID="QE0008" REF.START="QS0008"/>: further specifying the <QUOT.START CODE="0022" ID="QS0009" REF.END="QE0009"/>Sti<QUOT.END CODE="0022" ID="QE0009" REF.START="QS0009"/> identified service as being provided for electronic signatures;</P></ITEM><ITEM><P><QUOT.START CODE="0022" ID="QS0010" REF.END="QE0010"/><LINK URI="http://uri.etsi.org/TrstSvc/TrustedList/SvcInfoExt/ForeSeals">http://uri.etsi.org/TrstSvc/TrustedList/SvcInfoExt/ForeSeals</LINK><QUOT.END CODE="0022" ID="QE0010" REF.START="QS0010"/>: further specifying the <QUOT.START CODE="0022" ID="QS0011" REF.END="QE0011"/>Sti<QUOT.END CODE="0022" ID="QE0011" REF.START="QS0011"/> identified service as being provided for electronic seals; or</P></ITEM><?PAGE NO="4"?><ITEM><P><QUOT.START CODE="0022" ID="QS0012" REF.END="QE0012"/><LINK URI="http://uri.etsi.org/TrstSvc/TrustedList/SvcInfoExt/ForWebSiteAuthentication">http://uri.etsi.org/TrstSvc/TrustedList/SvcInfoExt/ForWebSiteAuthentication</LINK><QUOT.END CODE="0022" ID="QE0012" REF.START="QS0012"/>: further specifying the <QUOT.START CODE="0022" ID="QS0013" REF.END="QE0013"/>Sti<QUOT.END CODE="0022" ID="QE0013" REF.START="QS0013"/> identified service as being provided for website authentication; and</P></ITEM><ITEM><P>the status according to the <QUOT.START CODE="201C" ID="QS0014" REF.END="QE0014"/>Service current status<QUOT.END CODE="201D" ID="QE0014" REF.START="QS0014"/> field value as from the date indicated in the <QUOT.START CODE="201C" ID="QS0015" REF.END="QE0015"/>Current status starting date and time<QUOT.END CODE="201D" ID="QE0015" REF.START="QS0015"/>.</P></ITEM></LIST></P></ITEM></LIST><P>Historical information about such a qualified status is similarly provided when applicable.</P><GR.SEQ LEVEL="4"><TITLE><TI><NP><NO.P>C.1.1</NO.P><TXT><HT TYPE="BOLD"><HT TYPE="ITALIC">Service status under Regulation (EU) No 910/2014</HT></HT></TXT></NP></TI></TITLE><P>Including and after <DATE ISO="20160701">1 July 2016</DATE> (UTC+2), the value of the <QUOT.START CODE="201C" ID="QS0016" REF.END="QE0016"/>Service current status<QUOT.END CODE="201D" ID="QE0016" REF.START="QS0016"/> field used by the Supervisory Body designated in a Member State to indicate that a trust service entry is representing a qualified trust service is the URI <QUOT.START CODE="201C" ID="QS0017" REF.END="QE0017"/><LINK URI="http://uri.etsi.org/TrstSvc/TrustedList/Svcstatus/granted">http://uri.etsi.org/TrstSvc/TrustedList/Svcstatus/granted</LINK><QUOT.END CODE="201D" ID="QE0017" REF.START="QS0017"/>.</P></GR.SEQ><GR.SEQ LEVEL="4"><TITLE><TI><NP><NO.P>C.1.2</NO.P><TXT><HT TYPE="BOLD"><HT TYPE="ITALIC">Service status under Directive 1999/93/EC</HT></HT></TXT></NP></TI></TITLE><P>Strictly before <DATE ISO="20160701">1 July 2016</DATE> (UTC+2), the value of the <QUOT.START CODE="201C" ID="QS0018" REF.END="QE0018"/>Service current status<QUOT.END CODE="201D" ID="QE0018" REF.START="QS0018"/> field used by the Supervisory Body designated in a Member State to indicate that a trust service entry is representing a certification-service-provider issuing qualified certificates is one of the following URIs:</P><LIST TYPE="DASH"><ITEM><P><QUOT.START CODE="201C" ID="QS0019" REF.END="QE0019"/><LINK URI="http://uri.etsi.org/TrstSvc/TrustedList/Svcstatus/undersupervision">http://uri.etsi.org/TrstSvc/TrustedList/Svcstatus/undersupervision</LINK><QUOT.END CODE="201D" ID="QE0019" REF.START="QS0019"/>;</P></ITEM><ITEM><P><QUOT.START CODE="201C" ID="QS0020" REF.END="QE0020"/><LINK URI="http://uri.etsi.org/TrstSvc/TrustedList/Svcstatus/supervisionincessation">http://uri.etsi.org/TrstSvc/TrustedList/Svcstatus/supervisionincessation</LINK><QUOT.END CODE="201D" ID="QE0020" REF.START="QS0020"/>; or</P></ITEM><ITEM><P><QUOT.START CODE="201C" ID="QS0021" REF.END="QE0021"/><LINK URI="http://uri.etsi.org/TrstSvc/TrustedList/Svcstatus/accredited">http://uri.etsi.org/TrstSvc/TrustedList/Svcstatus/accredited</LINK><QUOT.END CODE="201D" ID="QE0021" REF.START="QS0021"/>.</P></ITEM></LIST></GR.SEQ></GR.SEQ><GR.SEQ LEVEL="3"><TITLE><TI><NP><NO.P>C.2</NO.P><TXT><HT TYPE="BOLD"><HT TYPE="ITALIC">Qualified status of a certificate</HT></HT></TXT></NP></TI></TITLE><P>Regarding qualified trust service providers issuing qualified certificates for electronic signatures, for electronic seals and/or for website authentication, a <QUOT.START CODE="201C" ID="QS0022" REF.END="QE0022"/>CA/QC<QUOT.END CODE="201D" ID="QE0022" REF.START="QS0022"/> <QUOT.START CODE="201C" ID="QS0023" REF.END="QE0023"/>Service type identifier<QUOT.END CODE="201D" ID="QE0023" REF.START="QS0023"/> (<QUOT.START CODE="201C" ID="QS0024" REF.END="QE0024"/>Sti<QUOT.END CODE="201D" ID="QE0024" REF.START="QS0024"/>) entry indicates that any end-entity certificate issued by or under the CA represented by the CA’s public key and CA’s name (both CA data to be considered as trust anchor input) present in the <QUOT.START CODE="201C" ID="QS0025" REF.END="QE0025"/>Service digital identifier<QUOT.END CODE="201D" ID="QE0025" REF.START="QS0025"/> (<QUOT.START CODE="201C" ID="QS0026" REF.END="QE0026"/>Sdi<QUOT.END CODE="201D" ID="QE0026" REF.START="QS0026"/>), is or was a qualified certificate (QC) at a certain date and time provided that the trust service entry indicates a granted qualified status (see clause C.1) and that the below requirements are met with reference to that date and time.</P><GR.SEQ LEVEL="4"><TITLE><TI><NP><NO.P>C.2.1</NO.P><TXT><HT TYPE="BOLD"><HT TYPE="ITALIC">Default rules</HT></HT></TXT></NP></TI></TITLE><GR.SEQ LEVEL="5"><TITLE><TI><NP><NO.P>C.2.1.1</NO.P><TXT><HT TYPE="ITALIC">Certificate status standardised rule</HT></TXT></NP></TI></TITLE><P>The end-entity certificate contains the ETSI standardised QcStatements extension as specified in standard ETSI EN 319 412-5 with the following requirements:</P><LIST TYPE="DASH"><ITEM><P>the id-etsi-qcs-QcCompliance (urn:oid:0.4.0.1862.1.1) QcStatement is present; and</P></ITEM><ITEM><P>where present, the id-etsi-qcs-QcType (urn:oid:0.4.0.<DATE ISO="18620106">1862.1.6</DATE>) QcStatement contains exactly one of the following values:</P><P><LIST TYPE="DASH"><ITEM><P>the id-etsi-qct-esign (urn:oid:0.4.0.1862.6.1) ETSI defined QC type identifier;</P></ITEM><ITEM><P>the id-etsi-qct-eseal (urn:oid:0.4.0.1862.6.2) ETSI defined QC type identifier; or</P></ITEM><ITEM><P>the id-etsi-qct-web (urn:oid:0.4.0.1862.6.3) ETSI defined QC type identifier.</P></ITEM></LIST></P></ITEM></LIST><P>Optionally, the id-etsi-qct-QcSSCD (urn:oid:0.4.0.1862.4) QcStatement may be present.</P></GR.SEQ><GR.SEQ LEVEL="5"><TITLE><TI><NP><NO.P>C.2.1.2</NO.P><TXT><HT TYPE="ITALIC">Certificate status under Directive 1999/93/EC</HT></TXT></NP></TI></TITLE><P>Restricted to the context of Directive 1999/93/EC and as a legacy alternative to the above standardised rule, the end-entity certificate contains:</P><LIST TYPE="DASH"><ITEM><P>the ETSI standardised QcStatements extension (as specified in ETSI EN 319 412-5) with the id-etsi-qcs-QcCompliance (urn:oid:0.4.0.1862.1.1) QcStatement being present;</P></ITEM><ITEM><P>the legacy QCP+ (urn:oid:0.4.0.1456.1.1) ETSI defined certificate policy OID; or</P></ITEM><ITEM><P>the legacy QCP (urn:oid:0.4.0.1456.1.2) ETSI defined certificate policy OID.</P></ITEM></LIST></GR.SEQ></GR.SEQ><?PAGE NO="5"?><GR.SEQ LEVEL="4"><TITLE><TI><NP><NO.P>C.2.2</NO.P><TXT><HT TYPE="BOLD"><HT TYPE="ITALIC">Additional rules: Presence of Qualifications Extension</HT></HT></TXT></NP></TI></TITLE><P>If <QUOT.START CODE="201C" ID="QS0027" REF.END="QE0027"/>Sie<QUOT.END CODE="201D" ID="QE0027" REF.START="QS0027"/> <QUOT.START CODE="201C" ID="QS0028" REF.END="QE0028"/>Qualifications Extension<QUOT.END CODE="201D" ID="QE0028" REF.START="QS0028"/> information as specified in clause 5.5.9.2 of standard ETSI TS 119 612 is present, then in addition to the above default rules, those certificates that are identified through the use of <QUOT.START CODE="201C" ID="QS0029" REF.END="QE0029"/>Sie<QUOT.END CODE="201D" ID="QE0029" REF.START="QS0029"/> <QUOT.START CODE="201C" ID="QS0030" REF.END="QE0030"/>Qualifications Extension<QUOT.END CODE="201D" ID="QE0030" REF.START="QS0030"/> information must be considered according to the associated qualifiers. Those qualifiers are used when necessary to compensate for a lack of standardised machine processable information in the corresponding certificate content. They are not to be used to compensate for a lack of machine processable information in certificates issued after <DATE ISO="20160701">1 July 2016</DATE> where that lack would result in a non-compliance with Annex I, III or IV of Regulation (EU) No 910/2014. However, they can be used to provide further machine processable information when the information provided in the certificate, while compliant with the Regulation, does not align with the above default interpretation rules. Where used, they provide additional information regarding:</P><LIST TYPE="DASH"><ITEM><P>their qualified status:</P><P><LIST TYPE="DASH"><ITEM><P><QUOT.START CODE="201C" ID="QS0031" REF.END="QE0031"/>QCStatement<QUOT.END CODE="201D" ID="QE0031" REF.START="QS0031"/> (<QUOT.START CODE="0022" ID="QS0032" REF.END="QE0032"/><LINK URI="http://uri.etsi.org/TrstSvc/TrustedList/SvcInfoExt/QCStatement">http://uri.etsi.org/TrstSvc/TrustedList/SvcInfoExt/QCStatement</LINK><QUOT.END CODE="0022" ID="QE0032" REF.START="QS0032"/>) meaning the identified certificates are qualified under Directive 1999/93/EC or under Regulation (EU) No 910/2014; or</P></ITEM><ITEM><P><QUOT.START CODE="201C" ID="QS0033" REF.END="QE0033"/>NotQualified<QUOT.END CODE="201D" ID="QE0033" REF.START="QS0033"/> (<QUOT.START CODE="0022" ID="QS0034" REF.END="QE0034"/><LINK URI="http://uri.etsi.org/TrstSvc/TrustedList/SvcInfoExt/NotQualified">http://uri.etsi.org/TrstSvc/TrustedList/SvcInfoExt/NotQualified</LINK><QUOT.END CODE="0022" ID="QE0034" REF.START="QS0034"/>) meaning the identified certificates are not to be considered as qualified.</P></ITEM></LIST></P></ITEM><ITEM><P>the nature of their qualification:</P><P><LIST TYPE="DASH"><ITEM><P><QUOT.START CODE="201C" ID="QS0035" REF.END="QE0035"/>QCForESig<QUOT.END CODE="201D" ID="QE0035" REF.START="QS0035"/> (<QUOT.START CODE="0022" ID="QS0036" REF.END="QE0036"/><LINK URI="http://uri.etsi.org/TrstSvc/TrustedList/SvcInfoExt/QCForESig">http://uri.etsi.org/TrstSvc/TrustedList/SvcInfoExt/QCForESig</LINK><QUOT.END CODE="0022" ID="QE0036" REF.START="QS0036"/>) meaning the identified certificates, when claimed or stated as qualified, are qualified certificates for electronic signature under Regulation (EU) No 910/2014;</P></ITEM><ITEM><P><QUOT.START CODE="201C" ID="QS0037" REF.END="QE0037"/>QCForESeal<QUOT.END CODE="201D" ID="QE0037" REF.START="QS0037"/> (<QUOT.START CODE="0022" ID="QS0038" REF.END="QE0038"/><LINK URI="http://uri.etsi.org/TrstSvc/TrustedList/SvcInfoExt/QCForESeal">http://uri.etsi.org/TrstSvc/TrustedList/SvcInfoExt/QCForESeal</LINK><QUOT.END CODE="0022" ID="QE0038" REF.START="QS0038"/>) meaning the identified certificates, when claimed or stated as qualified, are qualified certificates for electronic seal under Regulation (EU) No 910/2014; or</P></ITEM><ITEM><P><QUOT.START CODE="201C" ID="QS0039" REF.END="QE0039"/>QCForWSA<QUOT.END CODE="201D" ID="QE0039" REF.START="QS0039"/> (<QUOT.START CODE="0022" ID="QS0040" REF.END="QE0040"/><LINK URI="http://uri.etsi.org/TrstSvc/TrustedList/SvcInfoExt/QCForWSA">http://uri.etsi.org/TrstSvc/TrustedList/SvcInfoExt/QCForWSA</LINK><QUOT.END CODE="0022" ID="QE0040" REF.START="QS0040"/>) meaning the identified certificates, when claimed or stated as qualified, are qualified certificates for website authentication under Regulation (EU) No 910/2014.</P></ITEM></LIST></P></ITEM><ITEM><P>whether or not the private key resides in a qualified signature or qualified seal creation device (QSCD) and the nature thereof:</P><P><LIST TYPE="DASH"><ITEM><P><QUOT.START CODE="201C" ID="QS0041" REF.END="QE0041"/>QCWithQSCD<QUOT.END CODE="201D" ID="QE0041" REF.START="QS0041"/> (<QUOT.START CODE="0022" ID="QS0042" REF.END="QE0042"/><LINK URI="http://uri.etsi.org/TrstSvc/TrustedList/SvcInfoExt/QCWithQSCD">http://uri.etsi.org/TrstSvc/TrustedList/SvcInfoExt/QCWithQSCD</LINK><QUOT.END CODE="0022" ID="QE0042" REF.START="QS0042"/>) meaning the identified certificates, when claimed or stated as qualified, have their private key residing in a QSCD;</P></ITEM><ITEM><P><QUOT.START CODE="201C" ID="QS0043" REF.END="QE0043"/>QCNoQSCD<QUOT.END CODE="201D" ID="QE0043" REF.START="QS0043"/> (<QUOT.START CODE="0022" ID="QS0044" REF.END="QE0044"/><LINK URI="http://uri.etsi.org/TrstSvc/TrustedList/SvcInfoExt/QCNoQSCD">http://uri.etsi.org/TrstSvc/TrustedList/SvcInfoExt/QCNoQSCD</LINK><QUOT.END CODE="0022" ID="QE0044" REF.START="QS0044"/>) meaning the identified certificates, when claimed or stated as qualified, have not their private key residing in a QSCD;</P></ITEM><ITEM><P><QUOT.START CODE="201C" ID="QS0045" REF.END="QE0045"/>QCQSCDStatusAsInCert<QUOT.END CODE="201D" ID="QE0045" REF.START="QS0045"/> (<QUOT.START CODE="0022" ID="QS0046" REF.END="QE0046"/><LINK URI="http://uri.etsi.org/TrstSvc/TrustedList/SvcInfoExt/QCQSCDStatusAsInCert">http://uri.etsi.org/TrstSvc/TrustedList/SvcInfoExt/QCQSCDStatusAsInCert</LINK><QUOT.END CODE="0022" ID="QE0046" REF.START="QS0046"/>) meaning the identified certificates, when claimed or stated as qualified, do contain proper machine processable information about whether or not their private key is residing in a QSCD; or</P></ITEM><ITEM><P><QUOT.START CODE="201C" ID="QS0047" REF.END="QE0047"/>QCQSCDManagedOnBehalf<QUOT.END CODE="201D" ID="QE0047" REF.START="QS0047"/> (<QUOT.START CODE="0022" ID="QS0048" REF.END="QE0048"/><LINK URI="http://uri.etsi.org/TrstSvc/TrustedList/SvcInfoExt/QCQSCDManagedOnBehalf">http://uri.etsi.org/TrstSvc/TrustedList/SvcInfoExt/QCQSCDManagedOnBehalf</LINK><QUOT.END CODE="0022" ID="QE0048" REF.START="QS0048"/>) meaning the identified certificates, when they are claimed or stated as qualified, have their private key is residing in a QSCD for which the generation and management of that private key is done by a qualified TSP on behalf of the entity whose identity is certified in the certificate;</P></ITEM></LIST></P></ITEM></LIST><?PAGE NO="6"?><P>Restricted to the context of certificates issued under Directive 1999/93/EC, the following qualifiers are defined and provide additional information regarding:</P><LIST TYPE="DASH"><ITEM><P>whether or not the private key resides in a secure signature creation device (SSCD):</P><P><LIST TYPE="DASH"><ITEM><P><QUOT.START CODE="201C" ID="QS0049" REF.END="QE0049"/>QCWithSSCD<QUOT.END CODE="201D" ID="QE0049" REF.START="QS0049"/> (<QUOT.START CODE="0022" ID="QS0050" REF.END="QE0050"/><LINK URI="http://uri.etsi.org/TrstSvc/TrustedList/SvcInfoExt/QCWithSSCD">http://uri.etsi.org/TrstSvc/TrustedList/SvcInfoExt/QCWithSSCD</LINK><QUOT.END CODE="0022" ID="QE0050" REF.START="QS0050"/>) meaning the identified certificates, when claimed or stated as qualified, have their private key residing in an SSCD;</P></ITEM><ITEM><P><QUOT.START CODE="201C" ID="QS0051" REF.END="QE0051"/>QCNoSSCD<QUOT.END CODE="201D" ID="QE0051" REF.START="QS0051"/> (<QUOT.START CODE="0022" ID="QS0052" REF.END="QE0052"/><LINK URI="http://uri.etsi.org/TrstSvc/TrustedList/SvcInfoExt/QCNoSSCD">http://uri.etsi.org/TrstSvc/TrustedList/SvcInfoExt/QCNoSSCD</LINK><QUOT.END CODE="0022" ID="QE0052" REF.START="QS0052"/>) meaning the identified certificates, when claimed or stated as qualified, do not have their private key residing in an SSCD; or</P></ITEM><ITEM><P><QUOT.START CODE="201C" ID="QS0053" REF.END="QE0053"/>QCSSCDStatusAsInCert<QUOT.END CODE="201D" ID="QE0053" REF.START="QS0053"/> (<QUOT.START CODE="0022" ID="QS0054" REF.END="QE0054"/><LINK URI="http://uri.etsi.org/TrstSvc/TrustedList/SvcInfoExt/QCSSCDStatusAsInCert">http://uri.etsi.org/TrstSvc/TrustedList/SvcInfoExt/QCSSCDStatusAsInCert</LINK><QUOT.END CODE="0022" ID="QE0054" REF.START="QS0054"/>) meaning the identified certificates, when claimed or stated as qualified, do contain proper machine processable information about whether or not their private key is residing in an SSCD.</P></ITEM></LIST></P></ITEM><ITEM><P>the issuance to a Legal Person:</P><P><LIST TYPE="DASH"><ITEM><P><QUOT.START CODE="201C" ID="QS0055" REF.END="QE0055"/>QCForLegalPerson<QUOT.END CODE="201D" ID="QE0055" REF.START="QS0055"/> (<QUOT.START CODE="0022" ID="QS0056" REF.END="QE0056"/><LINK URI="http://uri.etsi.org/TrstSvc/TrustedList/SvcInfoExt/QCForLegalPerson">http://uri.etsi.org/TrstSvc/TrustedList/SvcInfoExt/QCForLegalPerson</LINK><QUOT.END CODE="0022" ID="QE0056" REF.START="QS0056"/>) meaning the identified certificates, when claimed or stated as qualified, are issued to a Legal Person under Directive 1999/93/EC.</P></ITEM></LIST></P></ITEM></LIST><GR.ANNOTATION><ANNOTATION><NP><NO.P><HT TYPE="ITALIC">Note:</HT></NO.P><TXT>The information provided in the trusted list is to be considered as accurate meaning that the certificate is not to be considered as qualified if the end-entity certificate does not follow any of the default rules defined above, and:</TXT><P><LIST TYPE="DASH"><ITEM><P>if no <QUOT.START CODE="201C" ID="QS0057" REF.END="QE0057"/>Sie<QUOT.END CODE="201D" ID="QE0057" REF.START="QS0057"/> <QUOT.START CODE="201C" ID="QS0058" REF.END="QE0058"/>Qualifications Extension<QUOT.END CODE="201D" ID="QE0058" REF.START="QS0058"/> information is present for the trust anchor CA/QC corresponding service entry to qualify the certificate with a <QUOT.START CODE="201C" ID="QS0059" REF.END="QE0059"/>QCStatement<QUOT.END CODE="201D" ID="QE0059" REF.START="QS0059"/> qualifier, or</P></ITEM><ITEM><P>a <QUOT.START CODE="201C" ID="QS0060" REF.END="QE0060"/>Sie<QUOT.END CODE="201D" ID="QE0060" REF.START="QS0060"/> <QUOT.START CODE="201C" ID="QS0061" REF.END="QE0061"/>Qualifications Extension<QUOT.END CODE="201D" ID="QE0061" REF.START="QS0061"/> information is present for the trust anchor CA/QC corresponding service entry to qualify the certificate with a <QUOT.START CODE="201C" ID="QS0062" REF.END="QE0062"/>NotQualified<QUOT.END CODE="201D" ID="QE0062" REF.START="QS0062"/> qualifier.</P></ITEM></LIST></P></NP></ANNOTATION></GR.ANNOTATION></GR.SEQ></GR.SEQ><GR.SEQ LEVEL="3"><TITLE><TI><NP><NO.P>C.3</NO.P><TXT><HT TYPE="BOLD"><HT TYPE="ITALIC">Trust anchors</HT></HT></TXT></NP></TI></TITLE><P><QUOT.START CODE="201C" ID="QS0063" REF.END="QE0063"/>Service digital identifiers<QUOT.END CODE="201D" ID="QE0063" REF.START="QS0063"/> are to be used as Trust Anchors in the context of validating electronic signatures or seals for which signer’s or seal creator’s certificate is to be validated against information in the trusted list, hence only the public key and the associated subject name are needed as Trust Anchor information. When more than one certificate represents the public key identifying the service, they are to be considered as Trust Anchor certificates conveying identical information with regard to the information strictly required as Trust Anchor information.</P></GR.SEQ><GR.SEQ LEVEL="3"><TITLE><TI><NP><NO.P>C.4</NO.P><TXT><HT TYPE="BOLD"><HT TYPE="ITALIC">General rule for the interpretation of trust service entries</HT></HT></TXT></NP></TI></TITLE><P>The general rule for interpretation of any <QUOT.START CODE="201C" ID="QS0064" REF.END="QE0064"/>Sti<QUOT.END CODE="201D" ID="QE0064" REF.START="QS0064"/> type entry, possibly further specified through a <QUOT.START CODE="201C" ID="QS0065" REF.END="QE0065"/>Sie<QUOT.END CODE="201D" ID="QE0065" REF.START="QS0065"/> <QUOT.START CODE="201C" ID="QS0066" REF.END="QE0066"/>additionalServiceInformation<QUOT.END CODE="201D" ID="QE0066" REF.START="QS0066"/>, not corresponding to qualified trust services is that, for that <QUOT.START CODE="201C" ID="QS0067" REF.END="QE0067"/>Sti<QUOT.END CODE="201D" ID="QE0067" REF.START="QS0067"/> identified service type, and possibly in combination with a <QUOT.START CODE="201C" ID="QS0068" REF.END="QE0068"/>Sie<QUOT.END CODE="201D" ID="QE0068" REF.START="QS0068"/> <QUOT.START CODE="201C" ID="QS0069" REF.END="QE0069"/>additionalServiceInformation<QUOT.END CODE="201D" ID="QE0069" REF.START="QS0069"/> URI, the listed service named according to the <QUOT.START CODE="201C" ID="QS0070" REF.END="QE0070"/>Service name<QUOT.END CODE="201D" ID="QE0070" REF.START="QS0070"/> field value and uniquely identified by the <QUOT.START CODE="201C" ID="QS0071" REF.END="QE0071"/>Service digital identity<QUOT.END CODE="201D" ID="QE0071" REF.START="QS0071"/> field value has the current approval status according to the <QUOT.START CODE="201C" ID="QS0072" REF.END="QE0072"/>Service current status<QUOT.END CODE="201D" ID="QE0072" REF.START="QS0072"/> field value as from the date indicated in the <QUOT.START CODE="201C" ID="QS0073" REF.END="QE0073"/>Current status starting date and time<QUOT.END CODE="201D" ID="QE0073" REF.START="QS0073"/>.</P><P>Specific interpretation rules for any additional information with regard to a listed service (e.g. <QUOT.START CODE="201C" ID="QS0074" REF.END="QE0074"/>Service information extensions<QUOT.END CODE="201D" ID="QE0074" REF.START="QS0074"/> field) may be found, when applicable, in the Member State specific URI as part of the present <QUOT.START CODE="201C" ID="QS0075" REF.END="QE0075"/>Scheme type/community/rules<QUOT.END CODE="201D" ID="QE0075" REF.START="QS0075"/> field.</P><P>Please refer to the implementing acts adopted pursuant to Article 22(5) of Regulation (EU) No 910/2014 for further details on the specifications of the fields of the Member States’ trusted lists.<QUOT.END CODE="2019" ID="QE0004" REF.START="QS0004"/></P></GR.SEQ></GR.SEQ></QUOT.S></P></ITEM></LIST></P></NP></ITEM><?PAGE NO="7"?><ITEM><NP><NO.P>(2)</NO.P><TXT>A URI specific to each Member State’s trusted list pointing towards a descriptive text that shall be applicable to this Member State trusted list:</TXT><P><LIST TYPE="alpha"><ITEM><NP><NO.P>(a)</NO.P><TXT><LINK URI="http://uri.etsi.org/TrstSvc/TrustedList/schemerules/CC">http://uri.etsi.org/TrstSvc/TrustedList/schemerules/CC</LINK> where CC = the ISO 3166-1<NOTE NOTE.ID="E0001" NUMBERING="ARAB" NUMBERING.CONTINUED="YES" TYPE="FOOTNOTE"><P>ISO 3166-1:2006: <QUOT.START CODE="2018" ID="QS0076" REF.END="QE0076"/>Codes for the representation of names of countries and their subdivisions Part 1: Country codes<QUOT.END CODE="2019" ID="QE0076" REF.START="QS0076"/>.</P></NOTE> alpha-2 Country Code used in the <QUOT.START CODE="2018" ID="QS0077" REF.END="QE0077"/>Scheme territory<QUOT.END CODE="2019" ID="QE0077" REF.START="QS0077"/> field (clause 5.3.10)</TXT><P><LIST TYPE="DASH"><ITEM><P>where users can obtain the referenced Member State’s specific policies/rules against which trust services included in the list are assessed, in compliance with the Member State’s supervisory regime and where applicable, approval scheme.</P></ITEM><ITEM><P>where users can obtain a referenced Member State’s specific description about how to use and interpret the content of the trusted list with regard to the listed non-qualified trust services and/or to nationally defined trust services. This may be used to indicate a potential granularity in the national approval system related to CSPs / TSPs not issuing QCs and how the <QUOT.START CODE="2018" ID="QS0078" REF.END="QE0078"/>Scheme service definition URI<QUOT.END CODE="2019" ID="QE0078" REF.START="QS0078"/> (clause 5.5.6) and the <QUOT.START CODE="2018" ID="QS0079" REF.END="QE0079"/>Service information extension<QUOT.END CODE="2019" ID="QE0079" REF.START="QS0079"/> field (clause 5.5.9) are used for this purpose.</P></ITEM></LIST></P></NP></ITEM><ITEM><NP><NO.P>(b)</NO.P><TXT>Member States may define and use additional URIs expanding the above Member State specific URI (i.e. URIs defined from this hierarchical specific URI).<QUOT.END CODE="2019" ID="QE0003" REF.START="QS0003"/></TXT></NP></ITEM></LIST></P></NP></ITEM></LIST></GR.SEQ></QUOT.S></P></NP></ITEM><ITEM><NP><NO.P>(3)</NO.P><TXT>In Chapter II, after the section under the title <QUOT.START CODE="2018" ID="QS0080" REF.END="QE0080"/>Service current status (clause 5.5.4)<QUOT.END CODE="2019" ID="QE0080" REF.START="QS0080"/>, the following section is added:</TXT><P><QUOT.S LEVEL="1"><GR.SEQ LEVEL="1"><TITLE><TI><P><QUOT.START CODE="2018" ID="QS0081" REF.END="QE0081"/><HT TYPE="BOLD">The Signature element (clause B.1), General (clause B.1.0)</HT></P></TI></TITLE><P>This clause shall be mandatory and shall comply with the specifications from TS 119 612 clause B.1.0, where point (2) is replaced by the following:</P><QUOT.S LEVEL="2"><LIST TYPE="ARAB"><ITEM><NP><NO.P><QUOT.START CODE="2018" ID="QS0082" REF.END="QE0082"/>2)</NO.P><TXT>Its ds:SignedInfo element shall contain a ds:Reference element with the URI attribute set to an empty string (i.e. URI=<QUOT.START CODE="0022" ID="QS0083" REF.END="QE0083"/><QUOT.END CODE="0022" ID="QE0083" REF.START="QS0083"/>), so as to refer to the entire document. This ds:Reference element shall satisfy the following requirements:</TXT><P><LIST TYPE="alpha"><ITEM><NP><NO.P>(a)</NO.P><TXT>It shall contain only one ds:Transforms element;</TXT></NP></ITEM><ITEM><NP><NO.P>(b)</NO.P><TXT>This ds:Transforms element shall contain two ds:Transform elements. The first one will be one whose Algorithm attribute indicates the enveloped transformation with the value: <QUOT.START CODE="0022" ID="QS0084" REF.END="QE0084"/><LINK URI="http://www.w3.org/2000/09/xmldsig#enveloped-signature">http://www.w3.org/2000/09/xmldsig#enveloped-signature</LINK><QUOT.END CODE="0022" ID="QE0084" REF.START="QS0084"/>. The second one will be one whose Algorithm attribute instructs to perform the exclusive canonicalization <QUOT.START CODE="0022" ID="QS0085" REF.END="QE0085"/><LINK URI="http://www.w3.org/2001/10/xml-exc-c14n#">http://www.w3.org/2001/10/xml-exc-c14n#</LINK><QUOT.END CODE="0022" ID="QE0085" REF.START="QS0085"/>.<QUOT.END CODE="2019" ID="QE0082" REF.START="QS0082"/><QUOT.END CODE="2019" ID="QE0081" REF.START="QS0081"/></TXT></NP></ITEM></LIST></P></NP></ITEM></LIST></QUOT.S></GR.SEQ></QUOT.S></P></NP></ITEM></LIST></CONTENTS></ANNEX>
