<?xml version="1.0" encoding="UTF-8"?>
<ACT xmlns:xsi="http://www.w3.org/2001/XMLSchema-instance" xsi:noNamespaceSchemaLocation="http://formex.publications.europa.eu/schema/formex-06.02.3-20250123.xd" NNC="YES"><BIB.INSTANCE><DOCUMENT.REF FILE="L_202502164EN.doc.fmx.xml"><COLL>L</COLL><NO.DOC FORMAT="YN" TYPE="OJ"><COM>EU</COM><YEAR>2025</YEAR><NO.CURRENT>2164</NO.CURRENT></NO.DOC><LG.OJ>EN</LG.OJ><PAGE.FIRST>1</PAGE.FIRST><PAGE.SEQ>1</PAGE.SEQ><VOLUME.REF>01</VOLUME.REF></DOCUMENT.REF><DATE ISO="20251027">20251027</DATE><LG.DOC>EN</LG.DOC><NO.SEQ>0001</NO.SEQ><PAGE.FIRST>1</PAGE.FIRST><PAGE.SEQ>1</PAGE.SEQ><PAGE.LAST>2</PAGE.LAST><PAGE.TOTAL>2</PAGE.TOTAL><NO.DOC FORMAT="YN" TYPE="OJ"><COM>EU</COM><YEAR>2025</YEAR><NO.CURRENT>2164</NO.CURRENT></NO.DOC></BIB.INSTANCE><TITLE><TI><P><HT TYPE="UC">Commission Implementing Decision</HT> (EU) 2025/2164</P><P>of <DATE ISO="20251027">27 October 2025</DATE></P><P>amending Implementing Decision (EU) 2015/1505 as regards the version of the standard on which the common template for the trusted lists is based</P></TI></TITLE><PREAMBLE><PREAMBLE.INIT>THE EUROPEAN COMMISSION,</PREAMBLE.INIT><GR.VISA><VISA>Having regard to the Treaty on the Functioning of the European Union,</VISA><VISA>Having regard to Regulation (EU) No 910/2014 of the European Parliament and of the Council of <DATE ISO="20140723">23 July 2014</DATE> on electronic identification and trust services for electronic transactions in the internal market and repealing Directive 1999/93/EC<NOTE NOTE.ID="E0001" NUMBERING="ARAB" NUMBERING.CONTINUED="YES" TYPE="FOOTNOTE"><P><REF.DOC.OJ COLL="L" DATE.PUB="20140828" NO.OJ="257" PAGE.FIRST="73">OJ L 257, 28.8.2014, p. 73</REF.DOC.OJ>, ELI: <LINK URI="http://data.europa.eu/eli/reg/2014/910/oj">http://data.europa.eu/eli/reg/2014/910/oj</LINK>.</P></NOTE>, and in particular Article 22(5) thereof,</VISA></GR.VISA><GR.CONSID><GR.CONSID.INIT>Whereas:</GR.CONSID.INIT><CONSID><NP><NO.P>(1)</NO.P><TXT>Trusted lists provided for in Article 22(1) of Regulation (EU) No 910/2014 are essential for building trust among market operators as they allow a validation of the qualified status of the trust service providers and of the trust services they provide. Therefore, qualified trust service providers are only to begin to provide a qualified trust service after the qualified status has been indicated in the trusted lists.</TXT></NP></CONSID><CONSID><NP><NO.P>(2)</NO.P><TXT>Commission Implementing Decision (EU) 2015/1505<NOTE NOTE.ID="E0002" NUMBERING="ARAB" NUMBERING.CONTINUED="YES" TYPE="FOOTNOTE"><P>Commission Implementing Decision (EU) 2015/1505 of <DATE ISO="20150908">8 September 2015</DATE> laying down technical specifications and formats relating to trusted lists pursuant to Article 22(5) of Regulation (EU) No 910/2014 of the European Parliament and of the Council on electronic identification and trust services for electronic transactions in the internal market (<REF.DOC.OJ COLL="L" DATE.PUB="20150909" NO.OJ="235" PAGE.FIRST="26">OJ L 235, 9.9.2015, p. 26</REF.DOC.OJ>, ELI: <LINK URI="http://data.europa.eu/eli/dec_impl/2015/1505/oj">http://data.europa.eu/eli/dec_impl/2015/1505/oj</LINK>).</P></NOTE> lays down technical specifications and formats relating to trusted lists. Those specifications and formats leverage the specifications and requirements set out in standard ETSI TS 119 612 version 2.1.1.</TXT></NP></CONSID><CONSID><NP><NO.P>(3)</NO.P><TXT>Regulation (EU) 2024/1183 of the European Parliament and of the Council<NOTE NOTE.ID="E0003" NUMBERING="ARAB" NUMBERING.CONTINUED="YES" TYPE="FOOTNOTE"><P>Regulation (EU) 2024/1183 of the European Parliament and of the Council of <DATE ISO="20240411">11 April 2024</DATE> amending Regulation (EU) No 910/2014 as regards establishing the European Digital Identity Framework (<REF.DOC COLL="L" CONTEXT="EUR-LEX" DATE.PUB="20240430" NO.DOC="1183" URI="http://data.europa.eu/eli/reg/2024/1183/oj">OJ L, 2024/1183, 30.4.2024, ELI: http://data.europa.eu/eli/reg/2024/1183/oj</REF.DOC>).</P></NOTE> amended Regulation (EU) No 910/2014 by introducing new qualified trust services, namely the management of remote qualified electronic signature creation devices, the management of remote qualified electronic seal creation devices, the issuance of qualified electronic attestation of attributes, the provision of qualified electronic archiving services, and the recording of electronic data in a qualified electronic ledger. Standard ETSI TS 119 612 has been updated to version 2.4.1, and now contains specifications that allow trusted lists to include and indicate the status of those new qualified trust services. The updated version 2.4.1 has also amended the specifications for the format of signatures or seals to be used by Member States to sign or seal their national trusted lists.</TXT></NP></CONSID><CONSID><NP><NO.P>(4)</NO.P><TXT>Therefore, Commission Implementing Decision (EU) 2015/1505 should be amended to update the reference to standard ETSI TS 119 612 to its newer version 2.4.1. As a result of this amendment, certain additional changes to that Implementing Decision are also required. Firstly, the information, to be referred to in the trusted lists, as regards the interpretation of the content of such lists, should be clarified to allow relying parties to interpret the information in the trusted lists. Secondly, the specifications related to the creation of the electronic signatures or seals that are to be applied to the trusted lists should be adapted to prevent certain known and reported vulnerabilities.</TXT></NP></CONSID><CONSID><NP><NO.P>(5)</NO.P><TXT>To ensure that relying parties have sufficient time to adapt to the specifications set out in the Annex, the application of this Decision should be delayed.</TXT></NP></CONSID><?PAGE NO="2"?><CONSID><NP><NO.P>(6)</NO.P><TXT>Regulation (EU) 2016/679 of the European Parliament and of the Council<NOTE NOTE.ID="E0004" NUMBERING="ARAB" NUMBERING.CONTINUED="YES" TYPE="FOOTNOTE"><P>Regulation (EU) 2016/679 of the European Parliament and of the Council of <DATE ISO="20160427">27 April 2016</DATE> on the protection of natural persons with regard to the processing of personal data and on the free movement of such data, and repealing Directive 95/46/EC (General Data Protection Regulation) (<REF.DOC.OJ COLL="L" DATE.PUB="20160504" NO.OJ="119" PAGE.FIRST="1">OJ L 119, 4.5.2016, p. 1</REF.DOC.OJ>, ELI: <LINK URI="http://data.europa.eu/eli/reg/2016/679/oj">http://data.europa.eu/eli/reg/2016/679/oj</LINK>).</P></NOTE> and, where relevant, Directive 2002/58/EC of the European Parliament and of the Council<NOTE NOTE.ID="E0005" NUMBERING="ARAB" NUMBERING.CONTINUED="YES" TYPE="FOOTNOTE"><P>Directive 2002/58/EC of the European Parliament and of the Council of <DATE ISO="20020712">12 July 2002</DATE> concerning the processing of personal data and the protection of privacy in the electronic communications sector (Directive on privacy and electronic communications) (<REF.DOC.OJ COLL="L" DATE.PUB="20020731" NO.OJ="201" PAGE.FIRST="37">OJ L 201, 31.7.2002, p. 37</REF.DOC.OJ>, ELI: <LINK URI="http://data.europa.eu/eli/dir/2002/58/oj">http://data.europa.eu/eli/dir/2002/58/oj</LINK>).</P></NOTE> apply to all personal data processing activities under this Decision.</TXT></NP></CONSID><CONSID><NP><NO.P>(7)</NO.P><TXT>The European Data Protection Supervisor was consulted in accordance with Article 42(1) of Regulation (EU) 2018/1725 of the European Parliament and of the Council<NOTE NOTE.ID="E0006" NUMBERING="ARAB" NUMBERING.CONTINUED="YES" TYPE="FOOTNOTE"><P>Regulation (EU) 2018/1725 of the European Parliament and of the Council of <DATE ISO="20181023">23 October 2018</DATE> on the protection of natural persons with regard to the processing of personal data by the Union institutions, bodies, offices and agencies and on the free movement of such data, and repealing Regulation (EC) No 45/2001 and Decision No 1247/2002/EC (<REF.DOC.OJ COLL="L" DATE.PUB="20181121" NO.OJ="295" PAGE.FIRST="39">OJ L 295, 21.11.2018, p. 39</REF.DOC.OJ>, ELI: <LINK URI="http://data.europa.eu/eli/reg/2018/1725/oj">http://data.europa.eu/eli/reg/2018/1725/oj</LINK>).</P></NOTE> and delivered its opinion on <DATE ISO="20250808">8 August 2025</DATE><NOTE NOTE.ID="E0007" NUMBERING="ARAB" NUMBERING.CONTINUED="YES" TYPE="FOOTNOTE"><P><LINK URI="https://www.edps.europa.eu/data-protection/our-work/publications/formal-comments/2025-08-08-edps-regarding-version-standard-which-common-template-trusted-lists-based_en">EDPS Formal comments on the draft regarding the version of the standard on which the common template of the trusted lists is based | European Data Protection Supervisor</LINK>.</P></NOTE>.</TXT></NP></CONSID><CONSID><NP><NO.P>(8)</NO.P><TXT>The measures provided for in this Decision are in accordance with the opinion of the committee established by Article 48 of Regulation (EU) No 910/2014,</TXT></NP></CONSID></GR.CONSID><PREAMBLE.FINAL>HAS ADOPTED THIS DECISION:</PREAMBLE.FINAL></PREAMBLE><ENACTING.TERMS><ARTICLE IDENTIFIER="001"><TI.ART>Article 1</TI.ART><ALINEA>Annex I to Implementing Decision (EU) 2015/1505 is amended as set out in the Annex to this Decision.</ALINEA></ARTICLE><ARTICLE IDENTIFIER="002"><TI.ART>Article 2</TI.ART><ALINEA>This Decision shall enter into force on the twentieth day following that of its publication in the <HT TYPE="ITALIC">Official Journal of the European Union</HT>.</ALINEA><ALINEA>This Implementing Decision shall apply from <DATE ISO="20260429">29 April 2026</DATE>.</ALINEA></ARTICLE></ENACTING.TERMS><FINAL><SIGNATURE><PL.DATE><P>Done at Brussels, <DATE ISO="20251027">27 October 2025</DATE>.</P></PL.DATE><SIGNATORY><P><HT TYPE="ITALIC">For the Commission</HT></P><P><HT TYPE="ITALIC">The President</HT></P><P>Ursula <HT TYPE="UC">von der Leyen</HT></P></SIGNATORY></SIGNATURE></FINAL></ACT>
