<?xml version="1.0" encoding="UTF-8"?>
<ANNEX xmlns:xsi="http://www.w3.org/2001/XMLSchema-instance" xsi:noNamespaceSchemaLocation="http://formex.publications.europa.eu/schema/formex-06.02.3-20250123.xd" NNC="YES"><BIB.INSTANCE><DOCUMENT.REF FILE="L_202502531EN.doc.fmx.xml"><COLL>L</COLL><NO.DOC FORMAT="YN" TYPE="OJ"><COM>EU</COM><YEAR>2025</YEAR><NO.CURRENT>2531</NO.CURRENT></NO.DOC><LG.OJ>EN</LG.OJ><PAGE.FIRST>1</PAGE.FIRST><PAGE.SEQ>1</PAGE.SEQ><VOLUME.REF>01</VOLUME.REF></DOCUMENT.REF><DATE ISO="20251216">20251216</DATE><LG.DOC>EN</LG.DOC><NO.SEQ>0001.0001</NO.SEQ><PAGE.FIRST>3</PAGE.FIRST><PAGE.SEQ>1</PAGE.SEQ><PAGE.LAST>7</PAGE.LAST><PAGE.TOTAL>5</PAGE.TOTAL></BIB.INSTANCE><TITLE><TI><P>ANNEX</P></TI><STI><P>List of technical specifications and reference standards for qualified distributed electronic ledgers</P></STI></TITLE><CONTENTS><NP><NO.P>1.</NO.P><TXT>For the purposes of this Regulation, the following definitions apply:</TXT><P><LIST TYPE="alpha"><ITEM><NP><NO.P>(a)</NO.P><TXT><QUOT.START CODE="2018" ID="QS0001" REF.END="QE0001"/>finality<QUOT.END CODE="2019" ID="QE0001" REF.START="QS0001"/> means the state of a data record of an electronic ledger wherein it has become irreversible and cannot be modified or removed;</TXT></NP></ITEM><ITEM><NP><NO.P>(b)</NO.P><TXT><QUOT.START CODE="2018" ID="QS0002" REF.END="QE0002"/>distributed electronic ledger<QUOT.END CODE="2019" ID="QE0002" REF.START="QS0002"/> means an electronic ledger that is shared across a set of distributed electronic ledger nodes and which is synchronized between the distributed electronic ledger nodes using a consensus mechanism;</TXT></NP></ITEM><ITEM><NP><NO.P>(c)</NO.P><TXT><QUOT.START CODE="2018" ID="QS0003" REF.END="QE0003"/>distributed electronic ledger node<QUOT.END CODE="2019" ID="QE0003" REF.START="QS0003"/> means a device or process that is part of a distributed electronic ledger network and stores a complete or partial copy of the data records of an electronic ledger;</TXT></NP></ITEM><ITEM><NP><NO.P>(d)</NO.P><TXT><QUOT.START CODE="2018" ID="QS0004" REF.END="QE0004"/>distributed electronic ledger network<QUOT.END CODE="2019" ID="QE0004" REF.START="QS0004"/> means a network of distributed electronic ledger nodes which makes up a distributed electronic ledger system;</TXT></NP></ITEM><ITEM><NP><NO.P>(e)</NO.P><TXT><QUOT.START CODE="2018" ID="QS0005" REF.END="QE0005"/>distributed electronic ledger system<QUOT.END CODE="2019" ID="QE0005" REF.START="QS0005"/> means a system that implements a distributed electronic ledger;</TXT></NP></ITEM><ITEM><NP><NO.P>(f)</NO.P><TXT><QUOT.START CODE="2018" ID="QS0006" REF.END="QE0006"/>consensus<QUOT.END CODE="2019" ID="QE0006" REF.START="QS0006"/> means an agreement among distributed electronic ledger nodes on the validity of transactions and the maintenance of a consistent and ordered set of validated transactions across the distributed electronic ledger system;</TXT></NP></ITEM><ITEM><NP><NO.P>(g)</NO.P><TXT><QUOT.START CODE="2018" ID="QS0007" REF.END="QE0007"/>consensus mechanism<QUOT.END CODE="2019" ID="QE0007" REF.START="QS0007"/> means the set of rules and procedures by which consensus is reached;</TXT></NP></ITEM><ITEM><NP><NO.P>(h)</NO.P><TXT><QUOT.START CODE="2018" ID="QS0008" REF.END="QE0008"/>governing rules<QUOT.END CODE="2019" ID="QE0008" REF.START="QS0008"/> means the set of protocols, policies, and mechanisms that dictates how the distributed electronic ledger system operates, how data is validated and added to an electronic ledger, and how participants interact;</TXT></NP></ITEM><ITEM><NP><NO.P>(i)</NO.P><TXT><QUOT.START CODE="2018" ID="QS0009" REF.END="QE0009"/>transaction<QUOT.END CODE="2019" ID="QE0009" REF.START="QS0009"/> means the smallest unit of a work process within an electronic ledger;</TXT></NP></ITEM><ITEM><NP><NO.P>(j)</NO.P><TXT><QUOT.START CODE="2018" ID="QS0010" REF.END="QE0010"/>work process<QUOT.END CODE="2019" ID="QE0010" REF.START="QS0010"/> means one or more sequences of actions required to produce an outcome that complies with governing rules of an electronic ledger;</TXT></NP></ITEM><ITEM><NP><NO.P>(k)</NO.P><TXT><QUOT.START CODE="2018" ID="QS0011" REF.END="QE0011"/>validated transaction<QUOT.END CODE="2019" ID="QE0011" REF.START="QS0011"/> means a transaction for which the required integrity, authenticity, and protocol-specific conditions have been checked in accordance with the governing rules of the distributed electronic ledger system;</TXT></NP></ITEM><ITEM><NP><NO.P>(l)</NO.P><TXT><QUOT.START CODE="2018" ID="QS0012" REF.END="QE0012"/>cryptographic link<QUOT.END CODE="2019" ID="QE0012" REF.START="QS0012"/> means a reference to data that is established using suitable cryptographic techniques to ensure the integrity, authenticity, or traceability of the referenced data and the correct sequence of data records;</TXT></NP></ITEM><ITEM><NP><NO.P>(m)</NO.P><TXT><QUOT.START CODE="2018" ID="QS0013" REF.END="QE0013"/>ledger report<QUOT.END CODE="2019" ID="QE0013" REF.START="QS0013"/> means a structured presentation of verifiable information extracted from the data records of an electronic ledger, and providing insights into specific activities, states, or compliance with predefined rules;</TXT></NP></ITEM><ITEM><NP><NO.P>(n)</NO.P><TXT><QUOT.START CODE="2018" ID="QS0014" REF.END="QE0014"/>provider of qualified electronic ledger<QUOT.END CODE="2019" ID="QE0014" REF.START="QS0014"/> means a qualified trust service provider that provides a qualified trust service consisting in the recording of data in a qualified electronic ledger.</TXT></NP></ITEM><ITEM><NP><NO.P>(o)</NO.P><TXT><QUOT.START CODE="2018" ID="QS0015" REF.END="QE0015"/>qualified distributed electronic ledger<QUOT.END CODE="2019" ID="QE0015" REF.START="QS0015"/> means a distributed electronic ledger that meets the requirements of a qualified electronic ledger.</TXT></NP></ITEM></LIST></P></NP><NP><NO.P>2.</NO.P><TXT>Where the qualified trust service provider needs to produce a ledger report, it shall be produced in an automated manner.</TXT></NP><NP><NO.P>3.</NO.P><TXT>Providers of qualified electronic ledgers shall create, record electronic data in, update and maintain a qualified electronic ledger in accordance with the specifications established in:</TXT><P><LIST TYPE="alpha"><ITEM><NP><NO.P>(a)</NO.P><TXT>For all providers of qualified electronic ledgers, ETSI EN <FT TYPE="NUMBER">319401</FT> v3.1.1 (2024-06) with the following adaptations:</TXT><P><LIST TYPE="DASH"><ITEM><P>2.1 Normative references:</P><P>[1] European Cybersecurity Certification Group, Sub-group on Cryptography: <QUOT.START CODE="0022" ID="QS0016" REF.END="QE0016"/>Agreed Cryptographic Mechanisms<QUOT.END CODE="0022" ID="QE0016" REF.START="QS0016"/> published by the European Network and Information Agency (<QUOT.START CODE="2018" ID="QS0017" REF.END="QE0017"/>ENISA<QUOT.END CODE="2019" ID="QE0017" REF.START="QS0017"/>).</P><?PAGE NO="4"?><P>[2] IETF RFC 7515 (May 2015): <QUOT.START CODE="0022" ID="QS0018" REF.END="QE0018"/>JSON Web Signature (JWS)<QUOT.END CODE="0022" ID="QE0018" REF.START="QS0018"/>.</P><P>[3] FIPS PUB 140-3 (2019) <QUOT.START CODE="0022" ID="QS0019" REF.END="QE0019"/>Security Requirements for Cryptographic Modules<QUOT.END CODE="0022" ID="QE0019" REF.START="QS0019"/>.</P><P>[4] Commission Implementing Regulation (EU) 2024/482 of <DATE ISO="20240131">31 January 2024</DATE> laying down rules for the application of Regulation (EU) 2019/881 of the European Parliament and of the Council as regards the adoption of the European Common Criteria-based cybersecurity certification scheme (EUCC).</P><P>[5] Commission Implementing Regulation (EU) 2024/3144 of <DATE ISO="20241218">18 December 2024</DATE> amending Implementing Regulation (EU) 2024/482 as regards applicable international standards and correcting that Implementing Regulation.</P><P>[6] ISO/IEC 15408:2022 (parts 1 to 5): <QUOT.START CODE="201C" ID="QS0020" REF.END="QE0020"/>Information security, cybersecurity and privacy protection – Evaluation criteria for IT security<QUOT.END CODE="201D" ID="QE0020" REF.START="QS0020"/>.</P></ITEM><ITEM><P>6.1 Trust service practice statement:</P><P><LIST TYPE="DASH"><ITEM><P>REQ-6.1-12 The electronic ledger practice statement shall include at least the following information:</P><P><LIST TYPE="DASH"><ITEM><P>the functional and technical capabilities of the electronic ledger platform and its use throughout the provision of the recording of data in a qualified electronic ledger as a qualified trust service;</P></ITEM><ITEM><P>the specific data origin authentication mechanisms used when providing the service;</P></ITEM><ITEM><P>the specific sequential chronological ordering mechanisms used when providing the service.</P></ITEM><ITEM><P>where applicable, the cryptographic link used to ensure the sequence of data records;</P></ITEM><ITEM><P>where applicable, the consensus mechanism ensuring finality and integrity of data records and transactions stored in the ledger, including any cautionary time until finality and integrity are achieved;</P></ITEM><ITEM><P>the specific data integrity mechanisms used when providing the service.</P></ITEM></LIST></P></ITEM><ITEM><P>6.2 Terms and conditions:</P><P><LIST TYPE="DASH"><ITEM><P>REQ-6.2-03 Subscribers and parties relying on the trust service shall be informed, in a clear, comprehensive and easily accessible manner, in a publicly accessible space and individually, of precise terms and conditions, including the items listed above, before entering into a contractual relationship.</P></ITEM></LIST></P></ITEM><ITEM><P>6.3 Information security policy:</P><P><LIST TYPE="DASH"><ITEM><P>REQ-6.3-04X The TSP shall establish procedures to notify any changes in the provision of the trust service to the supervisory body, in accordance with business requirements and relevant laws and regulations. The TSP shall notify the supervisory body at least:</P><P><LIST TYPE="DASH"><ITEM><P>one month before implementing any change;</P></ITEM><ITEM><P>three months before the planned cessation of a trust service provision.</P></ITEM></LIST></P></ITEM></LIST></P></ITEM><ITEM><P>7.2 Human resources:</P><P><LIST TYPE="DASH"><ITEM><P>REQ-7.2-04X TSP’s personnel in trusted role shall be able to fulfil the requirement of <QUOT.START CODE="0022" ID="QS0021" REF.END="QE0021"/>expert knowledge, experience and qualifications<QUOT.END CODE="0022" ID="QE0021" REF.START="QS0021"/> through formal training and credentials, or actual experience, or a combination of the two.</P></ITEM><?PAGE NO="5"?><ITEM><P>REQ-7.2-05X This shall include regular (at least every 12 months) updates on new threats and current security practices.</P></ITEM></LIST></P></ITEM><ITEM><P>7.5 Cryptographic controls:</P><P><LIST TYPE="DASH"><ITEM><P>REQ-7.5-01X Appropriate security controls shall be in place for the management of any cryptographic keys, cryptographic algorithms, and cryptographic devices throughout their lifecycle, following, where appropriate, a cryptographic agility approach.</P></ITEM><ITEM><P>REQ-7.5-02 For the purpose of the provision of its trust services, the TSP shall select and use suitable cryptographic techniques compliant with the Agreed Cryptographic Mechanisms endorsed by the European Cybersecurity Certification Group and published by ENISA [1].</P></ITEM></LIST></P><P>In particular:</P><P><LIST TYPE="DASH"><ITEM><P>REQ-7.5-03 Providers of qualified electronic ledgers shall establish the origin of data records in the electronic ledger. To this extent, they shall use advanced electronic signatures based on qualified certificates or advanced electronic seals based on qualified certificates created by the users of the service in accordance with the following standards and specifications:</P><P><LIST TYPE="alpha"><ITEM><NP><NO.P>(a)</NO.P><TXT>ETSI EN <FT TYPE="NUMBER">319122</FT>-1 V1.3.1 (2023-06). Electronic Signatures and Infrastructures (ESI); CAdES digital signatures; Part 1: Building blocks and CAdES baseline signatures.</TXT></NP></ITEM><ITEM><NP><NO.P>(b)</NO.P><TXT>ETSI EN <FT TYPE="NUMBER">319132</FT>-1 V1.3.1 (2024-07). Electronic Signatures and Trust Infrastructures (ESI); XAdES digital signatures; Part 1: Building blocks and XAdES baseline signatures.</TXT></NP></ITEM><ITEM><NP><NO.P>(c)</NO.P><TXT>ETSI TS <FT TYPE="NUMBER">119182</FT>-1 V1.2.1 (2024-07). Electronic Signatures and Trust Infrastructures (ESI); JAdES digital signatures; Part 1: Building blocks and JAdES baseline signatures, with the following adaptation:</TXT><P><LIST TYPE="DASH"><ITEM><P>5.1.8 The x5c (X.509 Certificate Chain) header parameter</P><P><LIST TYPE="DASH"><ITEM><P>The x5c header parameter as defined in clause 4.1.6 of IETF RFC 7515 [2] shall be present in the JAdES signature, either as a signed or unsigned header parameter.</P></ITEM><ITEM><P>The x5c header parameter shall have the semantics specified in IETF RFC 7515 [2], clause 4.1.6.</P></ITEM><ITEM><P>The x5c header parameter shall have the syntax specified in IETF RFC 7515 [2], clause 4.1.6.</P></ITEM></LIST></P></ITEM></LIST></P></NP></ITEM></LIST></P></ITEM><ITEM><P>REQ-7.5-04: Providers of qualified electronic ledgers shall ensure the unique sequential chronological ordering of data records in the electronic ledger. To this extent, they shall use cryptographic links, based in hash lists or hash trees, using cryptographic hash functions, in accordance with the following specifications and standards:</P><P><LIST TYPE="alpha"><ITEM><NP><NO.P>(a)</NO.P><TXT>SHA-256 or higher output hash size, in compliance with the <QUOT.START CODE="0022" ID="QS0022" REF.END="QE0022"/>Agreed Cryptographic Mechanisms<QUOT.END CODE="0022" ID="QE0022" REF.START="QS0022"/> endorsed by the European Cybersecurity Certification Group and published by ENISA [1].</TXT></NP></ITEM><ITEM><NP><NO.P>(b)</NO.P><TXT>SHA3-256 or higher output hash size, in compliance with the <QUOT.START CODE="0022" ID="QS0023" REF.END="QE0023"/>Agreed Cryptographic Mechanisms<QUOT.END CODE="0022" ID="QE0023" REF.START="QS0023"/> endorsed by the European Cybersecurity Certification Group and published by ENISA [1].</TXT></NP></ITEM></LIST></P></ITEM></LIST></P><?PAGE NO="6"?><P>Alternatively, when using time recording to ensure the unique sequential chronological order of data records in the electronic ledger, providers of qualified electronic ledgers shall use qualified timestamps.</P><P><LIST TYPE="DASH"><ITEM><P>REQ-7.5-05 Providers of qualified electronic ledgers shall ensure the integrity of data records recorded in a qualified electronic ledger. To this extent, they shall use advanced electronic signatures based on qualified certificates or advanced electronic seals based on qualified certificates, in accordance with the following standards and specifications:</P><P><LIST TYPE="alpha"><ITEM><NP><NO.P>(a)</NO.P><TXT>any signature or seal formats that are compliant with the <QUOT.START CODE="0022" ID="QS0024" REF.END="QE0024"/>Agreed Cryptographic Mechanisms<QUOT.END CODE="0022" ID="QE0024" REF.START="QS0024"/> endorsed by the European Cybersecurity Certification Group and published by ENISA [1];</TXT></NP></ITEM><ITEM><NP><NO.P>(b)</NO.P><TXT>SHA-256 or higher output hash size, in compliance with the <QUOT.START CODE="0022" ID="QS0025" REF.END="QE0025"/>Agreed Cryptographic Mechanisms<QUOT.END CODE="0022" ID="QE0025" REF.START="QS0025"/> endorsed by the European Cybersecurity Certification Group and published by ENISA [1];</TXT></NP></ITEM><ITEM><NP><NO.P>(c)</NO.P><TXT>SHA3-256 or higher output hash size, in compliance with the <QUOT.START CODE="0022" ID="QS0026" REF.END="QE0026"/>Agreed Cryptographic Mechanisms<QUOT.END CODE="0022" ID="QE0026" REF.START="QS0026"/> endorsed by the European Cybersecurity Certification Group and published by ENISA [1].</TXT></NP></ITEM><ITEM><NP><NO.P>(d)</NO.P><TXT>Providers of qualified electronic ledgers shall ensure the immediate detectability of any subsequent change to data recorded in a qualified electronic ledger.</TXT></NP></ITEM></LIST></P></ITEM><ITEM><P>REQ-7.5-06 Where digital signature mechanisms are used, signing private keys of the provider of qualified electronic ledger shall be held and used within a secure cryptographic device which is a trustworthy system certified in accordance with:</P><P><LIST TYPE="alpha"><ITEM><NP><NO.P>(a)</NO.P><TXT>Common Criteria for Information Technology Security Evaluation, as set out in ISO/IEC 15408<NOTE NOTE.ID="E0001" NUMBERING="ARAB" NUMBERING.CONTINUED="YES" TYPE="FOOTNOTE"><P>ISO/IEC 15408:2022 (parts 1 to 5): <QUOT.START CODE="2018" ID="QS0027" REF.END="QE0027"/>Information security, cybersecurity and privacy protection – Evaluation criteria for IT security<QUOT.END CODE="2019" ID="QE0027" REF.START="QS0027"/>.</P></NOTE> [6] or in Common Criteria for Information Technology Security Evaluation, version CC:2022, Parts 1 through 5, published by the participants of the Arrangement on the Recognition of Common Criteria Certificates in the field of IT Security, and certified to EAL 4 or higher; or</TXT></NP></ITEM><ITEM><NP><NO.P>(b)</NO.P><TXT>the European Common Criteria-based cybersecurity certification scheme (EUCC)<NOTE NOTE.ID="E0002" NUMBERING="ARAB" NUMBERING.CONTINUED="YES" TYPE="FOOTNOTE"><P>Commission Implementing Regulation (EU) 2024/482 of <DATE ISO="20240131">31 January 2024</DATE> laying down rules for the application of Regulation (EU) 2019/881 of the European Parliament and of the Council as regards the adoption of the European Common Criteria-based cybersecurity certification scheme (<QUOT.START CODE="2018" ID="QS0028" REF.END="QE0028"/>EUCC<QUOT.END CODE="2019" ID="QE0028" REF.START="QS0028"/>) (<REF.DOC COLL="L" CONTEXT="EUR-LEX" DATE.PUB="20240207" NO.DOC="482" URI="http://data.europa.eu/eli/reg_impl/2024/482/2025-01-08">OJ L, 2024/482, 7.2.2024, ELI: http://data.europa.eu/eli/reg_impl/2024/482/2025-01-08</REF.DOC>).</P></NOTE><NOTE NOTE.ID="E0003" NUMBERING="ARAB" NUMBERING.CONTINUED="YES" TYPE="FOOTNOTE"><P>Commission Implementing Regulation (EU) 2024/3144 of <DATE ISO="20241218">18 December 2024</DATE> amending Implementing Regulation (EU) 2024/482 as regards applicable international standards and correcting that Implementing Regulation (<REF.DOC COLL="L" CONTEXT="EUR-LEX" DATE.PUB="20241219" NO.DOC="3144" URI="http://data.europa.eu/eli/reg_impl/2024/3144/oj">OJ L, 2024/3144, 19.12.2024, ELI: http://data.europa.eu/eli/reg_impl/2024/3144/oj</REF.DOC>).</P></NOTE> [4][5] and certified to EAL 4 or higher; or</TXT></NP></ITEM><ITEM><NP><NO.P>(c)</NO.P><TXT>until <DATE ISO="20301231">31.12.2030</DATE>, FIPS PUB 140-3<NOTE NOTE.ID="E0004" NUMBERING="ARAB" NUMBERING.CONTINUED="YES" TYPE="FOOTNOTE"><P>FIPS PUB 140-3 (2019): <QUOT.START CODE="2018" ID="QS0029" REF.END="QE0029"/>Security Requirements for Cryptographic Modules<QUOT.END CODE="2019" ID="QE0029" REF.START="QS0029"/>.</P></NOTE> [3] level 3.</TXT></NP></ITEM></LIST></P></ITEM></LIST></P><P>This certification shall be to a security target or protection profile, or to a module design and security documentation, which meets the requirements of the present document, based on a risk analysis and taking into account physical and other non-technical security measures.</P><P>If the secure cryptographic device benefits from an EUCC certification [4][5], then this device shall be configured and used in accordance with that certification.</P></ITEM><?PAGE NO="7"?><ITEM><P>7.8 Network security:</P><P><LIST TYPE="DASH"><ITEM><P>REQ-7.8-14X The vulnerability scan requested by REQ-7.8-13 shall be performed at least once per quarter.</P></ITEM><ITEM><P>REQ-7.8-18X The penetration test requested by REQ-7.8-17X shall be performed at least once per year.</P></ITEM><ITEM><P>REQ-7.8-21X: Firewalls shall also be configured to prevent all protocols and accesses not required for the operation of the TSP.</P></ITEM></LIST></P></ITEM><ITEM><P>7.9.1 Monitoring and logging:</P><P><LIST TYPE="DASH"><ITEM><P>REQ-7.9.1-02X Monitoring activities shall take account of the sensitivity of any information collected or analysed.</P></ITEM></LIST></P></ITEM><ITEM><P>7.12 TSP termination and termination plans:</P><P><LIST TYPE="DASH"><ITEM><P>REQ-7.12-02A The TSP’s termination plan shall comply with the requirements set out in the implementing acts adopted pursuant to Art. 24(5) of Regulation (EU) No 910/2014 [i.1].</P></ITEM></LIST></P></ITEM></LIST></P></ITEM></LIST></P></NP></ITEM><ITEM><NP><NO.P>(b)</NO.P><TXT>Additionally for all providers of qualified electronic ledgers making use of distributed electronic ledger technologies:</TXT><P><LIST TYPE="ARAB"><ITEM><NP><NO.P>(1)</NO.P><TXT>ISO 23257:2022 Blockchain and distributed ledger technologies – Reference architecture, clause 9, providing a complete description of the distributed electronic ledger technology system, the corresponding distributed electronic ledger technology network and distributed electronic ledger technology nodes;</TXT></NP></ITEM><ITEM><NP><NO.P>(2)</NO.P><TXT>ISO/TS 23635:2022. Blockchain and distributed ledger technologies – Guidelines for governance, with respect to written and publicly accessible policies and practices related to the governance structure for the electronic ledger service they provide.</TXT></NP></ITEM></LIST></P></NP></ITEM></LIST></P></NP></CONTENTS></ANNEX>
