<?xml version="1.0" encoding="UTF-8"?>
<ACT xmlns:xsi="http://www.w3.org/2001/XMLSchema-instance" xsi:noNamespaceSchemaLocation="http://formex.publications.europa.eu/schema/formex-06.02.1-20231031.xd" NNC="YES"><BIB.INSTANCE><DOCUMENT.REF FILE="L_202402982EN.doc.fmx.xml"><COLL>L</COLL><NO.DOC FORMAT="YN" TYPE="OJ"><COM>EU</COM><YEAR>2024</YEAR><NO.CURRENT>2982</NO.CURRENT></NO.DOC><LG.OJ>EN</LG.OJ><PAGE.FIRST>1</PAGE.FIRST><PAGE.SEQ>1</PAGE.SEQ><VOLUME.REF>01</VOLUME.REF></DOCUMENT.REF><DATE ISO="20241128">20241128</DATE><LG.DOC>EN</LG.DOC><NO.SEQ>0001</NO.SEQ><PAGE.FIRST>1</PAGE.FIRST><PAGE.SEQ>1</PAGE.SEQ><PAGE.LAST>6</PAGE.LAST><PAGE.TOTAL>6</PAGE.TOTAL><NO.DOC FORMAT="YN" TYPE="OJ"><COM>EU</COM><YEAR>2024</YEAR><NO.CURRENT>2982</NO.CURRENT></NO.DOC></BIB.INSTANCE><TITLE><TI><P><HT TYPE="UC">Commission Implementing Regulation</HT> (EU) 2024/2982</P><P>of <DATE ISO="20241128">28 November 2024</DATE></P><P>laying down rules for the application of Regulation (EU) No 910/2014 of the European Parliament and of the Council as regards protocols and interfaces to be supported by the European Digital Identity Framework</P></TI></TITLE><PREAMBLE><PREAMBLE.INIT>THE EUROPEAN COMMISSION,</PREAMBLE.INIT><GR.VISA><VISA>Having regard to the Treaty on the Functioning of the European Union,</VISA><VISA>Having regard to Regulation (EU) No 910/2014 of the European Parliament and of the Council of <DATE ISO="20140723">23 July 2014</DATE> on electronic identification and trust services for electronic transactions in the internal market and repealing Directive 1999/93/EC<NOTE NOTE.ID="E0001" NUMBERING="ARAB" NUMBERING.CONTINUED="YES" TYPE="FOOTNOTE"><P><REF.DOC.OJ COLL="L" DATE.PUB="20140828" NO.OJ="257" PAGE.FIRST="73">OJ L 257, 28.8.2014, p. 73</REF.DOC.OJ>, ELI: <LINK URI="http://data.europa.eu/eli/reg/2014/910/oj">http://data.europa.eu/eli/reg/2014/910/oj</LINK>.</P></NOTE>, and in particular Article 5a(23) thereof,</VISA></GR.VISA><GR.CONSID><GR.CONSID.INIT>Whereas:</GR.CONSID.INIT><CONSID><NP><NO.P>(1)</NO.P><TXT>The European Digital Identity Framework established by Regulation (EU) No 910/2014 is a crucial component in the establishment of a secure and interoperable digital identity ecosystem across the Union. With the European Digital Identity Wallets (<QUOT.START CODE="2018" ID="QS0001" REF.END="QE0001"/>wallets<QUOT.END CODE="2019" ID="QE0001" REF.START="QS0001"/>) being the cornerstone of the framework, it aims at facilitating access to services across Member States, for natural and legal persons, while ensuring the protection of personal data and privacy.</TXT></NP></CONSID><CONSID><NP><NO.P>(2)</NO.P><TXT>Regulation (EU) 2016/679 of the European Parliament and of the Council<NOTE NOTE.ID="E0002" NUMBERING="ARAB" NUMBERING.CONTINUED="YES" TYPE="FOOTNOTE"><P>Regulation (EU) 2016/679 of the European Parliament and of the Council of <DATE ISO="20160427">27 April 2016</DATE> on the protection of natural persons with regard to the processing of personal data and on the free movement of such data, and repealing Directive 95/46/EC (General Data Protection Regulation) (<REF.DOC.OJ COLL="L" DATE.PUB="20160504" NO.OJ="119" PAGE.FIRST="1">OJ L 119, 4.5.2016, p. 1</REF.DOC.OJ>, ELI: <LINK URI="http://data.europa.eu/eli/reg/2016/679/oj%22%20/o%20%22Gives%20access%20to%20this%20document%20through%20its%20ELI%20URI.">http://data.europa.eu/eli/reg/2016/679/oj</LINK>).</P></NOTE>, and, where relevant, Directive 2002/58/EC of the European Parliament and of the Council<NOTE NOTE.ID="E0003" NUMBERING="ARAB" NUMBERING.CONTINUED="YES" TYPE="FOOTNOTE"><P>Directive 2002/58/EC of the European Parliament and of the Council of <DATE ISO="20020712">12 July 2002</DATE> concerning the processing of personal data and the protection of privacy in the electronic communications sector (Directive on privacy and electronic communications) (<REF.DOC.OJ COLL="L" DATE.PUB="20020731" NO.OJ="201" PAGE.FIRST="37">OJ L 201, 31.7.2002, p. 37</REF.DOC.OJ>, ELI: <LINK URI="http://data.europa.eu/eli/dir/2002/58/oj">http://data.europa.eu/eli/dir/2002/58/oj</LINK>).</P></NOTE> apply to all personal data processing activities under this Regulation.</TXT></NP></CONSID><CONSID><NP><NO.P>(3)</NO.P><TXT>Article 5a(23) of Regulation (EU) No 910/2014 mandates the Commission, where necessary, to establish the relevant specifications and procedures. This is achieved by means of four Implementing Regulations, dealing with protocols and interfaces: Commission Implementing Regulation (EU) 2024/2982<NOTE NOTE.ID="E0004" NUMBERING="ARAB" NUMBERING.CONTINUED="YES" TYPE="FOOTNOTE"><P>Commission Implementing Regulation (EU) 2024/2982 of <DATE ISO="20241128">28 November 2024</DATE> laying down rules for the application of Regulation (EU) No 910/2014 of the European Parliament and of the Council as regards protocols and interfaces to be supported by the European Digital Identity Framework (<REF.DOC COLL="L" DATE.PUB="20241204" NO.DOC="2982" URI="http://data.europa.eu/eli/reg_impl/2024/2982/oj" CONTEXT="EUR-LEX">OJ L, 2024/2982, 4.12.2024, ELI: http://data.europa.eu/eli/reg_impl/2024/2982/oj</REF.DOC>).</P></NOTE>, integrity and core functionalities: Commission Implementing Regulation (EU) 2024/2979<NOTE NOTE.ID="E0005" NUMBERING="ARAB" NUMBERING.CONTINUED="YES" TYPE="FOOTNOTE"><P>Commission Implementing Regulation (EU) 2024/2979 of <DATE ISO="20241128">28 November 2024</DATE> laying down rules for the application of Regulation (EU) No 910/2014 of the European Parliament and of the Council as regards the integrity and core functionalities of European Digital Identity Wallets (<REF.DOC COLL="L" DATE.PUB="20241204" NO.DOC="2979" URI="http://data.europa.eu/eli/reg_impl/2024/2979/oj" CONTEXT="EUR-LEX">OJ L, 2024/2979, 4.12.2024, ELI: http://data.europa.eu/eli/reg_impl/2024/2979/oj</REF.DOC>).</P></NOTE>, person identification data and electronic attestation of attributes: Commission Implementing Regulation (EU) 2024/2977<NOTE NOTE.ID="E0006" NUMBERING="ARAB" NUMBERING.CONTINUED="YES" TYPE="FOOTNOTE"><P>Commission Implementing Regulation (EU) 2024/2977 of <DATE ISO="20241128">28 November 2024</DATE> laying down rules for the application of Regulation (EU) No 910/2014 of the European Parliament and of the Council as regards person identification data and electronic attestations of attributes issued to European Digital Identity Wallets (<REF.DOC COLL="L" DATE.PUB="20241204" NO.DOC="2977" URI="http://data.europa.eu/eli/reg_impl/2024/2977/oj" CONTEXT="EUR-LEX">OJ L, 2024/2977, 4.12.2024, ELI: http://data.europa.eu/eli/reg_impl/2024/2977/oj</REF.DOC>).</P></NOTE>, as well as the notifications to the Commission: Commission Implementing Regulation (EU) 2024/2980<NOTE NOTE.ID="E0007" NUMBERING="ARAB" NUMBERING.CONTINUED="YES" TYPE="FOOTNOTE"><P>Commission Implementing Regulation (EU) 2024/2980 of <DATE ISO="20241128">28 November 2024</DATE> laying down rules for the application of Regulation (EU) No 910/2014 of the European Parliament and of the Council as regards notifications to the Commission concerning the European Digital Identity Wallet ecosystem (<REF.DOC COLL="L" DATE.PUB="20241204" NO.DOC="2980" URI="http://data.europa.eu/eli/reg_impl/2024/2980/oj" CONTEXT="EUR-LEX">OJ L, 2024/2980, 4.12.2024, ELI: http://data.europa.eu/eli/reg_impl/2024/2980/oj</REF.DOC>).</P></NOTE>. This Regulation lays down the relevant requirements for protocols and interfaces.</TXT></NP></CONSID><?PAGE NO="2"?><CONSID><NP><NO.P>(4)</NO.P><TXT>The Commission regularly assesses new technologies, practices, standards or technical specifications. To ensure the highest level of harmonisation among Member States for the development and certification of the wallets, the technical specifications set out in this Regulation rely on the work carried out on the basis of Commission Recommendation (EU) 2021/946 of <DATE ISO="20210603">3 June 2021</DATE> on a common Union Toolbox for a coordinated approach towards a European Digital Identity Framework<NOTE NOTE.ID="E0008" NUMBERING="ARAB" NUMBERING.CONTINUED="YES" TYPE="FOOTNOTE"><P><REF.DOC.OJ COLL="L" DATE.PUB="20210614" NO.OJ="210" PAGE.FIRST="51">OJ L 210, 14.6.2021, p. 51</REF.DOC.OJ>, ELI: <LINK URI="http://data.europa.eu/eli/reco/2021/946/oj">http://data.europa.eu/eli/reco/2021/946/oj</LINK>.</P></NOTE> and in particular the architecture and reference framework. In accordance with Recital 75 of Regulation (EU) 2024/1183 of the European Parliament and of the Council<NOTE NOTE.ID="E0009" NUMBERING="ARAB" NUMBERING.CONTINUED="YES" TYPE="FOOTNOTE"><P>Regulation (EU) 2024/1183 of the European Parliament and of the Council of <DATE ISO="20240411">11 April 2024</DATE> amending Regulation (EU) No 910/2014 as regards establishing the European Digital Identity Framework (<REF.DOC COLL="L" DATE.PUB="20240430" NO.DOC="1183" URI="http://data.europa.eu/eli/reg/2024/1183/oj" CONTEXT="EUR-LEX">OJ L, 2024/1183, 30.4.2024, ELI: http://data.europa.eu/eli/reg/2024/1183/oj</REF.DOC>).</P></NOTE>, the Commission should review and update this Implementing Regulation, if necessary, to keep it in line with global developments, the architecture and reference framework, and to follow the best practices on the internal market.</TXT></NP></CONSID><CONSID><NP><NO.P>(5)</NO.P><TXT>In order to ensure transparency and trustworthiness of wallet-relying parties towards wallet users, the protocols and interfaces used by the wallet solutions should provide wallet users with a reliable mechanism to authenticate wallet-relying parties and other wallet units. Inversely, wallet providers should provide a mechanism to authenticate and validate wallet units so that relying parties can receive assurances with respect to trustworthiness and authenticity of the wallet units. Further, the technical infrastructure of the wallets should also be designed to ensure that only the minimal necessary amount of data is transferred only to the authorised relying parties, while keeping unlinkability between the different transactions. In order to facilitate the issuance of person identification data and electronic attestations of attributes, all wallet solutions should support a minimum set of protocols and interfaces.</TXT></NP></CONSID><CONSID><NP><NO.P>(6)</NO.P><TXT>To ensure the usability of wallet solutions across Member States, all wallet solutions should support common technical specifications when person identification data and electronic attestations of attributes are presented via the wallets to relying parties, both in remote and proximity scenarios. Additionally, wallet units may support other protocols and interfaces for specific use cases.</TXT></NP></CONSID><CONSID><NP><NO.P>(7)</NO.P><TXT>To ensure data protection by design and by default, the wallets should be provided with several privacy enhancing features to prevent providers of electronic identification means and electronic attestation of attributes from combining personal data obtained when providing other services with the personal data processed to provide the services falling within the scope of Regulation (EU) No 910/2014. As set out in Regulation (EU) No 910/2014, relying parties are not to request users to provide any data other than those indicated for the intended use of wallets during the registration process. Wallet users should be enabled to verify the registration data of relying parties at any point in time. Further, wallet units should be able to display wallet relying party registration certificates to users, when available, as part of an attribute request. This should enable wallet users to verify that the attributes being requested by the wallet relying party are within the scope of their registered attributes, providing assurance that the request is legitimate and trustworthy.</TXT></NP></CONSID><CONSID><NP><NO.P>(8)</NO.P><TXT>In order to protect the data of wallet users, wallet providers should ensure that wallet units validate requests from wallet-relying parties or other wallet units prior to making any data available. For the same reason and in accordance with Article 5a(4)(d)(ii) of Regulation (EU) No 910/2014, wallet providers should ensure that wallet units allow wallet users to make data erasure requests to wallet-relying parties.</TXT></NP></CONSID><CONSID><NP><NO.P>(9)</NO.P><TXT>In order to enable swift reactions in the case of any data protection concerns related to Article 5a(4)(d)(iii) of Regulation (EU) No 910/2014, wallet providers should ensure that wallet solutions provide mechanisms for reporting of a relying party to the competent national data protection authority. Appropriate flexibility should be left to wallet providers and data protection authorities in establishing suitable mechanisms for interacting with data protection authorities of the Member States.</TXT></NP></CONSID><CONSID><NP><NO.P>(10)</NO.P><TXT>The European Data Protection Supervisor was consulted in accordance with Article 42(1) of Regulation (EU) 2018/1725 of the European Parliament and of the Council<NOTE NOTE.ID="E0010" NUMBERING="ARAB" NUMBERING.CONTINUED="YES" TYPE="FOOTNOTE"><P>Regulation (EU) 2018/1725 of the European Parliament and of the Council of <DATE ISO="20181023">23 October 2018</DATE> on the protection of natural persons with regard to the processing of personal data by the Union institutions, bodies, offices and agencies and on the free movement of such data, and repealing Regulation (EC) No 45/2001 and Decision No 1247/2002/EC (<REF.DOC.OJ COLL="L" DATE.PUB="20181121" NO.OJ="295" PAGE.FIRST="39">OJ L 295, 21.11.2018, p. 39</REF.DOC.OJ>, ELI: <LINK URI="http://data.europa.eu/eli/reg/2018/1725/oj">http://data.europa.eu/eli/reg/2018/1725/oj</LINK>).</P></NOTE>, and delivered its opinion on <DATE ISO="20240930">30 September 2024</DATE>.</TXT></NP></CONSID><?PAGE NO="3"?><CONSID><NP><NO.P>(11)</NO.P><TXT>The measures provided for in this Regulation are in accordance with the opinion of the Committee referred to in Article 48 of Regulation (EU) No 910/2014,</TXT></NP></CONSID></GR.CONSID><PREAMBLE.FINAL>HAS ADOPTED THIS REGULATION:</PREAMBLE.FINAL></PREAMBLE><ENACTING.TERMS><ARTICLE IDENTIFIER="001"><TI.ART>Article 1</TI.ART><STI.ART>Subject matter and scope</STI.ART><ALINEA><P>This Regulation lays down rules on the protocols and interfaces of wallet solutions for:</P><LIST TYPE="ARAB"><ITEM><NP><NO.P>(1)</NO.P><TXT>the issuance of person identification data and electronic attestations of attributes to wallet units;</TXT></NP></ITEM><ITEM><NP><NO.P>(2)</NO.P><TXT>the presentation of attributes of person identification data and electronic attestations of attributes, to wallet-relying parties and other wallet units;</TXT></NP></ITEM><ITEM><NP><NO.P>(3)</NO.P><TXT>the communication of data erasure requests to wallet-relying parties;</TXT></NP></ITEM><ITEM><NP><NO.P>(4)</NO.P><TXT>the reporting of wallet-relying parties to supervisory authorities established under Article 51 of Regulation (EU) 2016/679;</TXT><P>to be updated on a regular basis to keep in line with technology and standards developments and with the work carried out on the basis of Recommendation (EU) 2021/946, and in particular the Architecture and Reference Framework.</P></NP></ITEM></LIST></ALINEA></ARTICLE><ARTICLE IDENTIFIER="002"><TI.ART>Article 2</TI.ART><STI.ART>Definitions</STI.ART><ALINEA><P>For the purpose of this Regulation, the following definitions apply:</P><LIST TYPE="ARAB"><ITEM><NP><NO.P>(1)</NO.P><TXT><QUOT.START CODE="2018" ID="QS0002" REF.END="QE0002"/>wallet-relying party<QUOT.END CODE="2019" ID="QE0002" REF.START="QS0002"/> means a relying party that intends to rely upon wallet units for the provision of public or private services by means of digital interaction;</TXT></NP></ITEM><ITEM><NP><NO.P>(2)</NO.P><TXT><QUOT.START CODE="2018" ID="QS0003" REF.END="QE0003"/>wallet user<QUOT.END CODE="2019" ID="QE0003" REF.START="QS0003"/> means a user who is in control of the wallet unit;</TXT></NP></ITEM><ITEM><NP><NO.P>(3)</NO.P><TXT><QUOT.START CODE="2018" ID="QS0004" REF.END="QE0004"/>wallet solution<QUOT.END CODE="2019" ID="QE0004" REF.START="QS0004"/> means a combination of software, hardware, services, settings, and configurations, including wallet instances, one or more wallet secure cryptographic applications and one or more wallet secure cryptographic devices;</TXT></NP></ITEM><ITEM><NP><NO.P>(4)</NO.P><TXT><QUOT.START CODE="2018" ID="QS0005" REF.END="QE0005"/>wallet unit<QUOT.END CODE="2019" ID="QE0005" REF.START="QS0005"/> means a unique configuration of a wallet solution that includes wallet instances, wallet secure cryptographic applications and wallet secure cryptographic devices provided by a wallet provider to an individual wallet user;</TXT></NP></ITEM><ITEM><NP><NO.P>(5)</NO.P><TXT><QUOT.START CODE="2018" ID="QS0006" REF.END="QE0006"/>wallet provider<QUOT.END CODE="2019" ID="QE0006" REF.START="QS0006"/> means a natural or legal person who provides wallet solutions;</TXT></NP></ITEM><ITEM><NP><NO.P>(6)</NO.P><TXT><QUOT.START CODE="2018" ID="QS0007" REF.END="QE0007"/>wallet instance<QUOT.END CODE="2019" ID="QE0007" REF.START="QS0007"/> means the application installed and configured on a wallet user’s device or environment, which is part of a wallet unit, and that the wallet user uses to interact with the wallet unit;</TXT></NP></ITEM><ITEM><NP><NO.P>(7)</NO.P><TXT><QUOT.START CODE="2018" ID="QS0008" REF.END="QE0008"/>wallet secure cryptographic application<QUOT.END CODE="2019" ID="QE0008" REF.START="QS0008"/> means an application that manages critical assets by being linked to and using the cryptographic and non-cryptographic functions provided by the wallet secure cryptographic device;</TXT></NP></ITEM><ITEM><NP><NO.P>(8)</NO.P><TXT><QUOT.START CODE="2018" ID="QS0009" REF.END="QE0009"/>wallet secure cryptographic device<QUOT.END CODE="2019" ID="QE0009" REF.START="QS0009"/> means a tamper-resistant device that provides an environment that is linked to and used by the wallet secure cryptographic application to protect critical assets and provide cryptographic functions for the secure execution of critical operations;</TXT></NP></ITEM><ITEM><NP><NO.P>(9)</NO.P><TXT><QUOT.START CODE="2018" ID="QS0010" REF.END="QE0010"/>critical assets<QUOT.END CODE="2019" ID="QE0010" REF.START="QS0010"/> means assets within or in relation to a wallet unit of such extraordinary importance that where their availability, confidentiality or integrity are compromised, this would have a very serious, debilitating effect on the ability to rely on the wallet unit;</TXT></NP></ITEM><?PAGE NO="4"?><ITEM><NP><NO.P>(10)</NO.P><TXT><QUOT.START CODE="2018" ID="QS0011" REF.END="QE0011"/>wallet-relying party access certificate<QUOT.END CODE="2019" ID="QE0011" REF.START="QS0011"/> means a certificate for electronic seals or signatures authenticating and validating the wallet-relying party issued by a provider of wallet-relying party access certificates;</TXT></NP></ITEM><ITEM><NP><NO.P>(11)</NO.P><TXT><QUOT.START CODE="2018" ID="QS0012" REF.END="QE0012"/>provider of wallet-relying party access certificates<QUOT.END CODE="2019" ID="QE0012" REF.START="QS0012"/> means a natural or legal person mandated by a Member State to issue relying party access certificates to wallet-relying parties registered in that Member State;</TXT></NP></ITEM><ITEM><NP><NO.P>(12)</NO.P><TXT><QUOT.START CODE="2018" ID="QS0013" REF.END="QE0013"/>wallet unit attestation<QUOT.END CODE="2019" ID="QE0013" REF.START="QS0013"/> means a data object that describes the components of the wallet unit or allows authentication and validation of those components;</TXT></NP></ITEM><ITEM><NP><NO.P>(13)</NO.P><TXT><QUOT.START CODE="2018" ID="QS0014" REF.END="QE0014"/>embedded disclosure policy<QUOT.END CODE="2019" ID="QE0014" REF.START="QS0014"/> means a set of rules, embedded in an electronic attestation of attributes by its provider, that indicates the conditions that a wallet-relying party has to meet to access the electronic attestation of attributes;</TXT></NP></ITEM><ITEM><NP><NO.P>(14)</NO.P><TXT><QUOT.START CODE="2018" ID="QS0015" REF.END="QE0015"/>wallet-relying party registration certificate<QUOT.END CODE="2019" ID="QE0015" REF.START="QS0015"/> means a data object that indicates the attributes the relying party has registered to intend to request from users;</TXT></NP></ITEM><ITEM><NP><NO.P>(15)</NO.P><TXT><QUOT.START CODE="2018" ID="QS0016" REF.END="QE0016"/>provider of person identification data<QUOT.END CODE="2019" ID="QE0016" REF.START="QS0016"/> means a natural or legal person responsible for issuing and revoking the person identification data and ensuring that the person identification data of a user is cryptographically bound to a wallet unit;</TXT></NP></ITEM><ITEM><NP><NO.P>(16)</NO.P><TXT><QUOT.START CODE="2018" ID="QS0017" REF.END="QE0017"/>cryptographic binding<QUOT.END CODE="2019" ID="QE0017" REF.START="QS0017"/> means the method to link person identification data or electronic attestations of attributes to wallet units through cryptographic means.</TXT></NP></ITEM></LIST></ALINEA></ARTICLE><ARTICLE IDENTIFIER="003"><TI.ART>Article 3</TI.ART><STI.ART>General provisions</STI.ART><ALINEA><P>Regarding the protocols and interfaces referred to in Articles 4 and 5, wallet providers shall ensure that wallet units:</P><LIST TYPE="ARAB"><ITEM><NP><NO.P>(1)</NO.P><TXT>authenticate and validate the wallet-relying party access certificates where interacting with wallet-relying parties;</TXT></NP></ITEM><ITEM><NP><NO.P>(2)</NO.P><TXT>authenticate and validate the wallet unit attestations of other wallet units where interacting with other wallet units;</TXT></NP></ITEM><ITEM><NP><NO.P>(3)</NO.P><TXT>authenticate and validate requests made using wallet-relying party access certificates or wallet unit attestations from other wallet units, where applicable;</TXT></NP></ITEM><ITEM><NP><NO.P>(4)</NO.P><TXT>authenticate and validate the wallet-relying party registration certificate, where applicable;</TXT></NP></ITEM><ITEM><NP><NO.P>(5)</NO.P><TXT>display to wallet users information contained in the wallet-relying party access certificates or in the wallet unit attestations;</TXT></NP></ITEM><ITEM><NP><NO.P>(6)</NO.P><TXT>display to wallet users, where applicable, the attributes that wallet users are requested to present;</TXT></NP></ITEM><ITEM><NP><NO.P>(7)</NO.P><TXT>display to wallet users, where applicable, information contained in the wallet-relying party registration certificate;</TXT></NP></ITEM><ITEM><NP><NO.P>(8)</NO.P><TXT>present wallet unit attestations of the wallet unit to wallet-relying parties or wallet units that request it;</TXT></NP></ITEM><ITEM><NP><NO.P>(9)</NO.P><TXT>do not present any requested attributes to wallet-relying parties or wallet units until the following requirements are met:</TXT><P><LIST TYPE="alpha"><ITEM><NP><NO.P>(a)</NO.P><TXT>verify the wallet secure cryptographic application has authenticated the identity of the wallet user;</TXT></NP></ITEM><ITEM><NP><NO.P>(b)</NO.P><TXT>verify embedded disclosure policies have been processed within the wallet unit in accordance with Article 11 of Implementing Regulation (EU) 2024/2979, where applicable;</TXT></NP></ITEM><ITEM><NP><NO.P>(c)</NO.P><TXT>verify wallet users have partially or in full approved the presentation.</TXT></NP></ITEM></LIST></P></NP></ITEM><ITEM><NP><NO.P>(10)</NO.P><TXT>enable privacy preserving techniques which ensure unlinkability where the electronic attestations of attributes do not require the identification of the wallet user, when presenting attestations or person identification data across different wallet-relying parties.</TXT></NP></ITEM></LIST></ALINEA></ARTICLE><?PAGE NO="5"?><ARTICLE IDENTIFIER="004"><TI.ART>Article 4</TI.ART><STI.ART>Issuance of person identification data and electronic attestations of attributes to wallet units</STI.ART><PARAG IDENTIFIER="004.001"><NO.PARAG>1.</NO.PARAG><ALINEA>Wallet providers shall ensure that wallet solutions support protocols and interfaces for the issuance of person identification data and electronic attestations of attributes to wallet units.</ALINEA></PARAG><PARAG IDENTIFIER="004.002"><NO.PARAG>2.</NO.PARAG><ALINEA><P>Wallet providers shall ensure that wallet units request issuance of person identification data and electronic attestations of attributes only from parties having an authentic and valid wallet-relying party access certificate attesting them as:</P><LIST TYPE="alpha"><ITEM><NP><NO.P>(a)</NO.P><TXT>a provider of person identification data;</TXT></NP></ITEM><ITEM><NP><NO.P>(b)</NO.P><TXT>a provider of a qualified electronic attestation of attributes;</TXT></NP></ITEM><ITEM><NP><NO.P>(c)</NO.P><TXT>a provider of an electronic attestation of attributes issued by or on behalf of a public sector body responsible for an authentic source; or</TXT></NP></ITEM><ITEM><NP><NO.P>(d)</NO.P><TXT>a provider of non-qualified electronic attestations of attributes.</TXT></NP></ITEM></LIST></ALINEA></PARAG><PARAG IDENTIFIER="004.003"><NO.PARAG>3.</NO.PARAG><ALINEA><P>In relation to the issuance of person identification data and electronic attestations of attributes to a wallet unit, wallet providers shall ensure that the following requirements are complied with:</P><LIST TYPE="alpha"><ITEM><NP><NO.P>(a)</NO.P><TXT>where wallet users use their wallet unit to request the issuance of person identification data or of electronic attestations of attributes from providers of person identification data or providers of electronic attestations of attributes that enable issuance of person identification data or electronic attestations in more than one format, the wallet unit shall request it in all formats referred to in Article 8 of Implementing Regulation (EU) 2024/2979 laying down rules for the application of Regulation (EU) No 910/2014 as regards the integrity and core functionalities of European Digital Identity Wallets;</TXT></NP></ITEM><ITEM><NP><NO.P>(b)</NO.P><TXT>where wallet users use their wallet unit to interact with providers of person identification data or electronic attestations of attributes, wallet units shall enable authentication and validation of the wallet unit components by presenting the wallet unit attestations to those providers upon their request;</TXT></NP></ITEM><ITEM><NP><NO.P>(c)</NO.P><TXT>wallet solutions shall support mechanisms that enable providers of person identification data to verify issuance, delivery and activation in compliance with assurance level high requirements set out in Commission Implementing Regulation (EU) 2015/1502<NOTE NOTE.ID="E0011" NUMBERING="ARAB" NUMBERING.CONTINUED="YES" TYPE="FOOTNOTE"><P>Commission Implementing Regulation (EU) 2015/1502 of <DATE ISO="20150908">8 September 2015</DATE> on setting out minimum technical specifications and procedures for assurance levels for electronic identification means pursuant to Article 8(3) of Regulation (EU) No 910/2014 of the European Parliament and of the Council on electronic identification and trust services for electronic transactions in the internal market (<REF.DOC.OJ COLL="L" DATE.PUB="20150909" NO.OJ="235" PAGE.FIRST="7">OJ L 235, 9.9.2015, p. 7</REF.DOC.OJ>, ELI: <LINK URI="http://data.europa.eu/eli/reg_impl/2015/1502/oj">http://data.europa.eu/eli/reg_impl/2015/1502/oj</LINK>).</P></NOTE>;</TXT></NP></ITEM><ITEM><NP><NO.P>(d)</NO.P><TXT>wallet units shall verify the authenticity and validity of person identification data and electronic attestations of attributes.</TXT></NP></ITEM></LIST></ALINEA></PARAG></ARTICLE><ARTICLE IDENTIFIER="005"><TI.ART>Article 5</TI.ART><STI.ART>Presentation of attributes to wallet-relying parties</STI.ART><PARAG IDENTIFIER="005.001"><NO.PARAG>1.</NO.PARAG><ALINEA>Wallet providers shall ensure that wallet solutions support protocols and interfaces for the presentation of attributes to wallet-relying parties, remotely, and where appropriate in proximity, in accordance with the standards set out in the Annex.</ALINEA></PARAG><PARAG IDENTIFIER="005.002"><NO.PARAG>2.</NO.PARAG><ALINEA>Wallet providers shall ensure that, at the request of users, wallet units respond to successfully authenticated and validated requests from wallet-relying parties referred to in Article 3, in accordance with the standards set out in the Annex.</ALINEA></PARAG><PARAG IDENTIFIER="005.003"><NO.PARAG>3.</NO.PARAG><ALINEA>Wallet providers shall ensure that wallet units support proving the possession of private keys corresponding to public keys used in cryptographic bindings.</ALINEA></PARAG><?PAGE NO="6"?><PARAG IDENTIFIER="005.004"><NO.PARAG>4.</NO.PARAG><ALINEA>Wallet providers shall ensure that wallet solutions support the selective disclosure of attributes of personal identification data and of electronic attestations of attributes.</ALINEA></PARAG><PARAG IDENTIFIER="005.005"><NO.PARAG>5.</NO.PARAG><ALINEA>Paragraphs 1 to 4 shall apply <HT TYPE="ITALIC">mutatis mutandis</HT> to interactions between two wallet units in proximity.</ALINEA></PARAG></ARTICLE><ARTICLE IDENTIFIER="006"><TI.ART>Article 6</TI.ART><STI.ART>Communication of data erasure requests</STI.ART><PARAG IDENTIFIER="006.001"><NO.PARAG>1.</NO.PARAG><ALINEA>Wallet providers shall ensure that wallet units support protocols and interfaces allowing wallet users to request from wallet-relying parties, with whom they have interacted through those wallet units, the erasure of their personal data provided through those wallet units, in accordance with Article 17 of Regulation (EU) 2016/679.</ALINEA></PARAG><PARAG IDENTIFIER="006.002"><NO.PARAG>2.</NO.PARAG><ALINEA>The protocols and interfaces referred to in paragraph 1 shall allow wallet users to select the wallet-relying parties to which data erasure requests are to be submitted.</ALINEA></PARAG><PARAG IDENTIFIER="006.003"><NO.PARAG>3.</NO.PARAG><ALINEA>Wallet units shall display to the wallet user previously submitted data erasure requests made through those wallet units.</ALINEA></PARAG></ARTICLE><ARTICLE IDENTIFIER="007"><TI.ART>Article 7</TI.ART><STI.ART>Reporting of wallet-relying parties to supervisory authorities established under Article 51 of Regulation (EU) 2016/679</STI.ART><PARAG IDENTIFIER="007.001"><NO.PARAG>1.</NO.PARAG><ALINEA>Wallet providers shall ensure that wallet units allow wallet users to easily report wallet-relying parties to supervisory authorities established under Article 51 of Regulation (EU) 2016/679.</ALINEA></PARAG><PARAG IDENTIFIER="007.002"><NO.PARAG>2.</NO.PARAG><ALINEA>Wallet providers shall implement the protocols and interfaces for reporting wallet-relying parties in compliance with national procedural laws of the Member States.</ALINEA></PARAG><PARAG IDENTIFIER="007.003"><NO.PARAG>3.</NO.PARAG><ALINEA>Wallet providers shall ensure that wallet units allow wallet users to substantiate the reports, including by attaching relevant information to identify the wallet-relying parties, and the wallet users’ claims in machine-readable format.</ALINEA></PARAG></ARTICLE><ARTICLE IDENTIFIER="008"><TI.ART>Article 8</TI.ART><STI.ART>Entry into force</STI.ART><ALINEA>This Regulation shall enter into force on the twentieth day following that of its publication in the <HT TYPE="ITALIC">Official Journal of the European Union</HT>.</ALINEA></ARTICLE></ENACTING.TERMS><FINAL><P>This Regulation shall be binding in its entirety and directly applicable in all Member States.</P><SIGNATURE><PL.DATE><P>Done at Brussels, <DATE ISO="20241128">28 November 2024</DATE>.</P></PL.DATE><SIGNATORY><P><HT TYPE="ITALIC">For the Commission</HT></P><P><HT TYPE="ITALIC">The President</HT></P><P>Ursula <HT TYPE="UC">von der Leyen</HT></P></SIGNATORY></SIGNATURE></FINAL></ACT>
