<?xml version="1.0" encoding="UTF-8"?>
<ANNEX xmlns:xsi="http://www.w3.org/2001/XMLSchema-instance" xsi:noNamespaceSchemaLocation="http://formex.publications.europa.eu/schema/formex-06.02.1-20231031.xd" NNC="YES"><BIB.INSTANCE><DOCUMENT.REF FILE="L_202402982EN.doc.fmx.xml"><COLL>L</COLL><NO.DOC FORMAT="YN" TYPE="OJ"><COM>EU</COM><YEAR>2024</YEAR><NO.CURRENT>2982</NO.CURRENT></NO.DOC><LG.OJ>EN</LG.OJ><PAGE.FIRST>1</PAGE.FIRST><PAGE.SEQ>1</PAGE.SEQ><VOLUME.REF>01</VOLUME.REF></DOCUMENT.REF><DATE ISO="20241128">20241128</DATE><LG.DOC>EN</LG.DOC><NO.SEQ>0001.0001</NO.SEQ><PAGE.FIRST>7</PAGE.FIRST><PAGE.SEQ>1</PAGE.SEQ><PAGE.LAST>7</PAGE.LAST><PAGE.TOTAL>1</PAGE.TOTAL></BIB.INSTANCE><TITLE><TI><P>ANNEX</P></TI></TITLE><CONTENTS><GR.SEQ LEVEL="1"><TITLE><TI><P><HT TYPE="BOLD">STANDARDS REFERRED TO IN ARTICLE 5(1) AND (2)</HT></P></TI></TITLE><LIST TYPE="DASH"><ITEM><P>ISO/IEC 18013-5:2021</P></ITEM><ITEM><P>ISO/IEC TS 18013-7:2024</P></ITEM></LIST></GR.SEQ></CONTENTS></ANNEX>
