<?xml version="1.0" encoding="utf-8"?><DOC xmlns:xsi="http://www.w3.org/2001/XMLSchema-instance" xsi:noNamespaceSchemaLocation="http://formex.publications.europa.eu/schema/formex-06.02.1-20231031.xd"><PUBLICATION.REF FILE="NA"><COLL>L</COLL><NO.OJ>257</NO.OJ><DATE ISO="20140828">20140828</DATE><LG.OJ>EN</LG.OJ></PUBLICATION.REF><FMX><DOC.MAIN.PUB NO.SEQ="0001" SYNOPTISM="D0001"><LG.DOC>EN</LG.DOC><LEGAL.VALUE>REG</LEGAL.VALUE><NO.CELEX>32014R0910</NO.CELEX><DATE ISO="20140723">20140723</DATE><PAGE.FIRST>1</PAGE.FIRST><PAGE.LAST>74</PAGE.LAST><PAGE.TOTAL>74</PAGE.TOTAL><PAGE.SEQ>1</PAGE.SEQ><REF.PHYS FILE="CL2014R0910EN0020030.0001.xml" TYPE="DOC.XML"/></DOC.MAIN.PUB></FMX><PAPER><VOLUME.PAPER><ITEM.VOLUME REF.NO.SEQ="0001"><TITLE ID.TITLE="T0001"><TI><P>Regulation (EU) No 910/2014 of the European Parliament and of the Council of <DATE ISO="20140723">23 July 2014</DATE> on electronic identification and trust services for electronic transactions in the internal market and repealing Directive 1999/93/EC</P></TI></TITLE></ITEM.VOLUME></VOLUME.PAPER></PAPER><PDF><ITEM.VOLUME REF.NO.SEQ="0001"><TITLE REF.TITLE="T0001"/><ITEM.REF REF.PDF="CL2014R0910EN0020030.0001.pdf">1</ITEM.REF></ITEM.VOLUME></PDF></DOC>