<?xml version="1.0" encoding="UTF-8"?>
<ANNEX xmlns:xsi="http://www.w3.org/2001/XMLSchema-instance" xsi:noNamespaceSchemaLocation="http://formex.publications.europa.eu/schema/formex-06.02.1-20231031.xd" NNC="YES"><BIB.INSTANCE><DOCUMENT.REF FILE="L_202402979EN.doc.fmx.xml"><COLL>L</COLL><NO.DOC FORMAT="YN" TYPE="OJ"><COM>EU</COM><YEAR>2024</YEAR><NO.CURRENT>2979</NO.CURRENT></NO.DOC><LG.OJ>EN</LG.OJ><PAGE.FIRST>1</PAGE.FIRST><PAGE.SEQ>1</PAGE.SEQ><VOLUME.REF>01</VOLUME.REF></DOCUMENT.REF><DATE ISO="20241128">20241128</DATE><LG.DOC>EN</LG.DOC><NO.SEQ>0001.0003</NO.SEQ><PAGE.FIRST>12</PAGE.FIRST><PAGE.SEQ>1</PAGE.SEQ><PAGE.LAST>12</PAGE.LAST><PAGE.TOTAL>1</PAGE.TOTAL></BIB.INSTANCE><TITLE><TI><P>ANNEX III</P></TI><STI><P><HT TYPE="BOLD">LIST OF COMMON EMBEDDED DISCLOSURE POLICIES REFERRED TO IN ARTICLE 10</HT></P></STI></TITLE><CONTENTS><LIST TYPE="ARAB"><ITEM><NP><NO.P>1.</NO.P><TXT><QUOT.START CODE="2018" ID="QS0001" REF.END="QE0001"/>No policy<QUOT.END CODE="2019" ID="QE0001" REF.START="QS0001"/> indicating that no policy applies to the electronic attestations of attributes.</TXT></NP></ITEM><ITEM><NP><NO.P>2.</NO.P><TXT><QUOT.START CODE="2018" ID="QS0002" REF.END="QE0002"/>Authorised relying parties only policy<QUOT.END CODE="2019" ID="QE0002" REF.START="QS0002"/>, indicating that wallet users may only disclose electronic attestations of attributes to authenticated relying parties which are explicitly listed in the disclosure policies.</TXT></NP></ITEM><ITEM><NP><NO.P>3.</NO.P><TXT><QUOT.START CODE="2018" ID="QS0003" REF.END="QE0003"/>Specific root of trust<QUOT.END CODE="2019" ID="QE0003" REF.START="QS0003"/> indicating that wallet users should only disclose the specific electronic attestation of attributes to authenticated wallet-relying parties with wallet-relying party access certificates derived from a specific root (or list of specific roots) or intermediate certificate(s).</TXT></NP></ITEM></LIST></CONTENTS></ANNEX>
