<?xml version="1.0" encoding="UTF-8"?>
<ANNEX xmlns:xsi="http://www.w3.org/2001/XMLSchema-instance" xsi:noNamespaceSchemaLocation="http://formex.publications.europa.eu/schema/formex-06.02.1-20231031.xd" NNC="YES"><BIB.INSTANCE><DOCUMENT.REF FILE="L_202402979EN.doc.fmx.xml"><COLL>L</COLL><NO.DOC FORMAT="YN" TYPE="OJ"><COM>EU</COM><YEAR>2024</YEAR><NO.CURRENT>2979</NO.CURRENT></NO.DOC><LG.OJ>EN</LG.OJ><PAGE.FIRST>1</PAGE.FIRST><PAGE.SEQ>1</PAGE.SEQ><VOLUME.REF>01</VOLUME.REF></DOCUMENT.REF><DATE ISO="20241128">20241128</DATE><LG.DOC>EN</LG.DOC><NO.SEQ>0001.0005</NO.SEQ><PAGE.FIRST>14</PAGE.FIRST><PAGE.SEQ>1</PAGE.SEQ><PAGE.LAST>14</PAGE.LAST><PAGE.TOTAL>1</PAGE.TOTAL></BIB.INSTANCE><TITLE><TI><P>ANNEX V</P></TI><STI><P><HT TYPE="BOLD">TECHNICAL SPECIFICATIONS FOR PSEUDONYM GENERATION REFERRED TO IN ARTICLE 14</HT></P></STI></TITLE><CONTENTS><P>Technical specifications:</P><LIST TYPE="DASH"><ITEM><P>WebAuthn – W3C Recommendation, <DATE ISO="20210408">8 April 2021</DATE>, Level 2, <LINK URI="https://www.w3.org/TR/2021/REC-webauthn-2-20210408/">https://www.w3.org/TR/2021/REC-webauthn-2-20210408/</LINK>.</P></ITEM></LIST></CONTENTS></ANNEX>
