<?xml version="1.0" encoding="UTF-8"?>
<ANNEX xmlns:xsi="http://www.w3.org/2001/XMLSchema-instance" xsi:noNamespaceSchemaLocation="http://formex.publications.europa.eu/schema/formex-06.02.1-20231031.xd" NNC="YES"><BIB.INSTANCE><DOCUMENT.REF FILE="L_202402979EN.doc.fmx.xml"><COLL>L</COLL><NO.DOC FORMAT="YN" TYPE="OJ"><COM>EU</COM><YEAR>2024</YEAR><NO.CURRENT>2979</NO.CURRENT></NO.DOC><LG.OJ>EN</LG.OJ><PAGE.FIRST>1</PAGE.FIRST><PAGE.SEQ>1</PAGE.SEQ><VOLUME.REF>01</VOLUME.REF></DOCUMENT.REF><DATE ISO="20241128">20241128</DATE><LG.DOC>EN</LG.DOC><NO.SEQ>0001.0001</NO.SEQ><PAGE.FIRST>10</PAGE.FIRST><PAGE.SEQ>1</PAGE.SEQ><PAGE.LAST>10</PAGE.LAST><PAGE.TOTAL>1</PAGE.TOTAL></BIB.INSTANCE><TITLE><TI><P>ANNEX I</P></TI><STI><P><HT TYPE="BOLD">LIST OF STANDARDS REFERRED TO IN ARTICLE 5</HT></P></STI></TITLE><CONTENTS><LIST TYPE="DASH"><ITEM><P>SAM.01 Secured Applications for Mobile – Requirements for supporting 3rd party Applets on eSIM and eSE via SAM. v1.1 2023, GSMA;</P></ITEM><ITEM><P>GPC_GUI_ 217 GlobalPlatform SAM Configuration Technical specification for implementation of SAM v1.0 2024-04;</P></ITEM><ITEM><P>GPC_SPE_0 34 GlobalPlatform Card Specification Technical specification for smart cards v2.3.1 2018-03;</P></ITEM><ITEM><P>GPC_SPE_0 07 GlobalPlatform Amendment A Confidential Card Content Management v1.2 2019-07;</P></ITEM><ITEM><P>GPC_SPE_0 13 GlobalPlatform Amendment D Secure Channel Protocol 03 v1.2 2020-04;</P></ITEM><ITEM><P>GPC_SPE_0 93 GlobalPlatform Amendment F Secure Channel Protocol 11 v1.4 2024-03;</P></ITEM><ITEM><P>GPD_SPE_0 75 Open Mobile API Specification OMAPI API for mobile apps to access secure elements on user devices. v3.3 2018-08, GlobalPlatform.</P></ITEM></LIST></CONTENTS></ANNEX>
