<?xml version="1.0" encoding="UTF-8"?>
<ANNEX xmlns:xsi="http://www.w3.org/2001/XMLSchema-instance" xsi:noNamespaceSchemaLocation="http://formex.publications.europa.eu/schema/formex-06.02.1-20231031.xd" NNC="YES"><BIB.INSTANCE><DOCUMENT.REF FILE="L_202402979EN.doc.fmx.xml"><COLL>L</COLL><NO.DOC FORMAT="YN" TYPE="OJ"><COM>EU</COM><YEAR>2024</YEAR><NO.CURRENT>2979</NO.CURRENT></NO.DOC><LG.OJ>EN</LG.OJ><PAGE.FIRST>1</PAGE.FIRST><PAGE.SEQ>1</PAGE.SEQ><VOLUME.REF>01</VOLUME.REF></DOCUMENT.REF><DATE ISO="20241128">20241128</DATE><LG.DOC>EN</LG.DOC><NO.SEQ>0001.0004</NO.SEQ><PAGE.FIRST>13</PAGE.FIRST><PAGE.SEQ>1</PAGE.SEQ><PAGE.LAST>13</PAGE.LAST><PAGE.TOTAL>1</PAGE.TOTAL></BIB.INSTANCE><TITLE><TI><P>ANNEX IV</P></TI><STI><P><HT TYPE="BOLD">SIGNATURE AND SEAL FORMATS REFERRED TO IN ARTICLE 12</HT></P></STI></TITLE><CONTENTS><LIST TYPE="ARAB"><ITEM><NP><NO.P>1.</NO.P><TXT>Mandatory signature or seal format:</TXT><P>PAdES (PDF Advanced Electronic Signature) as specified in ETSI EN 319 142-1 V1.1.1 (2016-04); Electronic Signatures and Infrastructures (ESI); PAdES digital signatures; Part 1: Building blocks and PAdES baseline signatures.</P></NP></ITEM><ITEM><NP><NO.P>2.</NO.P><TXT>List of optional signature or seal formats:</TXT><P><LIST TYPE="alpha"><ITEM><NP><NO.P>(a)</NO.P><TXT>XAdES as specified in <QUOT.START CODE="2018" ID="QS0001" REF.END="QE0001"/>ETSI EN 319 132-1 V1.2.1 (2022-02) Electronic Signatures and Infrastructures (ESI); XAdES digital signatures; Part 1: Building blocks and XAdES baseline signatures (XAdES)<QUOT.END CODE="2019" ID="QE0001" REF.START="QS0001"/> for signing of XML format;</TXT></NP></ITEM><ITEM><NP><NO.P>(b)</NO.P><TXT>JAdES as specified in <QUOT.START CODE="2018" ID="QS0002" REF.END="QE0002"/>ETSI TS 119 182-1 V1.2.1 (2024-07) Electronic Signatures and Infrastructures (ESI); JAdES digital signatures; Part 1: Building blocks and JAdES baseline signatures<QUOT.END CODE="2019" ID="QE0002" REF.START="QS0002"/> for signing of JSON format;</TXT></NP></ITEM><ITEM><NP><NO.P>(c)</NO.P><TXT>CAdES (CMS Advanced Electronic Signature) as specified in <QUOT.START CODE="2018" ID="QS0003" REF.END="QE0003"/>ETSI EN 3191 22-1 V1.3.1 (2023-06) Electronic Signatures and Infrastructures (ESI); CAdES digital signatures; Part 1: Building blocks and CAdES baseline signatures<QUOT.END CODE="2019" ID="QE0003" REF.START="QS0003"/> for the signing of CMS format;</TXT></NP></ITEM><ITEM><NP><NO.P>(d)</NO.P><TXT>ASiC (Associated Signature Container) as specified in <QUOT.START CODE="2018" ID="QS0004" REF.END="QE0004"/>ETSI EN 319 162-1 V1.1.1 (2016-04) Electronic Signatures and Infrastructures (ESI); Associated Signature Containers (ASiC); Part 1: Building blocks and ASiC baseline containers and ETSI EN 319 162-2 V1.1.1 (2016-04) Electronic Signatures and Infrastructures (ESI); Associated Signature Containers (ASiC); Part 2: Additional ASiC containers<QUOT.END CODE="2019" ID="QE0004" REF.START="QS0004"/> for the signing of containers.</TXT></NP></ITEM></LIST></P></NP></ITEM><ITEM><NP><NO.P>3.</NO.P><TXT>Application programming interface:</TXT><P><LIST TYPE="DASH"><ITEM><P>Cloud Signature Consortium (CSC) specification v2.0 (<DATE ISO="20230420">20 April 2023</DATE>).</P></ITEM></LIST></P></NP></ITEM></LIST></CONTENTS></ANNEX>
