<?xml version="1.0" encoding="UTF-8"?>
<ANNEX xmlns:xsi="http://www.w3.org/2001/XMLSchema-instance" xsi:noNamespaceSchemaLocation="http://formex.publications.europa.eu/schema/formex-06.02.1-20231031.xd" NNC="YES"><BIB.INSTANCE><DOCUMENT.REF FILE="L_202402979EN.doc.fmx.xml"><COLL>L</COLL><NO.DOC FORMAT="YN" TYPE="OJ"><COM>EU</COM><YEAR>2024</YEAR><NO.CURRENT>2979</NO.CURRENT></NO.DOC><LG.OJ>EN</LG.OJ><PAGE.FIRST>1</PAGE.FIRST><PAGE.SEQ>1</PAGE.SEQ><VOLUME.REF>01</VOLUME.REF></DOCUMENT.REF><DATE ISO="20241128">20241128</DATE><LG.DOC>EN</LG.DOC><NO.SEQ>0001.0002</NO.SEQ><PAGE.FIRST>11</PAGE.FIRST><PAGE.SEQ>1</PAGE.SEQ><PAGE.LAST>11</PAGE.LAST><PAGE.TOTAL>1</PAGE.TOTAL></BIB.INSTANCE><TITLE><TI><P>ANNEX II</P></TI><STI><P><HT TYPE="BOLD">LIST OF STANDARDS REFERRED TO IN ARTICLE 8</HT></P></STI></TITLE><CONTENTS><LIST TYPE="DASH"><ITEM><P>ISO/IEC.18013-5:2021;</P></ITEM><ITEM><P><QUOT.START CODE="2018" ID="QS0001" REF.END="QE0001"/>Verifiable Credentials Data Model 1.1<QUOT.END CODE="2019" ID="QE0001" REF.START="QS0001"/>, W3C Recommendation, <DATE ISO="20220303">3 March 2022</DATE>.</P></ITEM></LIST></CONTENTS></ANNEX>
