<?xml version="1.0" encoding="UTF-8"?>
<ANNEX xmlns:xsi="http://www.w3.org/2001/XMLSchema-instance" xsi:noNamespaceSchemaLocation="http://formex.publications.europa.eu/schema/formex-06.02.3-20250123.xd" NNC="YES"><BIB.INSTANCE><DOCUMENT.REF FILE="L_202500847EN.doc.fmx.xml"><COLL>L</COLL><NO.DOC FORMAT="YN" TYPE="OJ"><COM>EU</COM><YEAR>2025</YEAR><NO.CURRENT>847</NO.CURRENT></NO.DOC><LG.OJ>EN</LG.OJ><PAGE.FIRST>1</PAGE.FIRST><PAGE.SEQ>1</PAGE.SEQ><VOLUME.REF>01</VOLUME.REF></DOCUMENT.REF><DATE ISO="20250506">20250506</DATE><LG.DOC>EN</LG.DOC><NO.SEQ>0001.0001</NO.SEQ><PAGE.FIRST>9</PAGE.FIRST><PAGE.SEQ>1</PAGE.SEQ><PAGE.LAST>10</PAGE.LAST><PAGE.TOTAL>2</PAGE.TOTAL></BIB.INSTANCE><TITLE><TI><P>ANNEX</P></TI></TITLE><CONTENTS><GR.SEQ LEVEL="1"><TITLE><TI><P><HT TYPE="BOLD">Criteria for the assessment of a security breach or compromise</HT></P></TI></TITLE><LIST TYPE="ARAB"><ITEM><NP><NO.P>1.</NO.P><TXT>Member States shall base their assessment of a security breach or compromise on the following criteria:</TXT><P><LIST TYPE="alpha"><ITEM><NP><NO.P>(a)</NO.P><TXT>the breach or compromise has caused or is capable of causing the death of a natural person or considerable damage to a natural person’s health;</TXT></NP></ITEM><ITEM><NP><NO.P>(b)</NO.P><TXT>a successful suspectedly malicious or unauthorised access to the network and information systems of a wallet provider, of provider of validation mechanisms referred to in Article 5a(8) of Regulation (EU) No 910/2014, or of a provider of the electronic identification scheme under which a wallet solution is provided (<QUOT.START CODE="2018" ID="QS0001" REF.END="QE0001"/>concerned entities<QUOT.END CODE="2019" ID="QE0001" REF.START="QS0001"/>) has occurred, or is capable of occurring, in a way that is capable of causing severe operational disruption, and those systems are critical components of the affected wallet solution, of the affected validation mechanisms referred to in Article 5a(8) of Regulation (EU) No 910/2014 or of the affected electronic identification scheme under which a wallet solution is provided;</TXT></NP></ITEM><ITEM><NP><NO.P>(c)</NO.P><TXT>a wallet solution, a validation mechanism referred to in Article 5a(8) of Regulation (EU) No 910/2014, or an electronic identification scheme under which a wallet solution is provided, or a part of them:</TXT><P><LIST TYPE="DASH"><ITEM><P>is completely or projected to be completely unavailable to wallet users or wallet-relying parties for more than 12 consecutive hours;</P></ITEM><ITEM><P>is unavailable or projected to be unavailable to wallet users or wallet-relying parties, for more than 16 hours calculated on a calendar week basis;</P></ITEM></LIST></P></NP></ITEM><ITEM><NP><NO.P>(d)</NO.P><TXT>it is suspected that more than 1 % of the wallet users or wallet-relying parties are impacted or are projected to be impacted by limited availability of the wallet solution, or of the services provided by concerned entities as regards the wallet solution;</TXT></NP></ITEM><ITEM><NP><NO.P>(e)</NO.P><TXT>there is a capability of compromise or there has been a compromise of physical access restricted to trusted personnel of concerned entities, or of the protection of such physical access, to one or more of the locations of network and information systems supporting the wallet solution, the provision of the validation mechanisms referred to in Article 5a(8) of Regulation (EU) No 910/2014 associated with a wallet solution, or the electronic identification scheme under which a wallet solution is provided;</TXT></NP></ITEM><ITEM><NP><NO.P>(f)</NO.P><TXT>the privacy, integrity, confidentiality or authenticity of data stored, transmitted or processed in the wallet solution is compromised, or is capable of being compromised, in one or more of the following ways:</TXT><P><LIST TYPE="DASH"><ITEM><P>it has an impact on more than 1 % of the wallet users of the affected wallet solution or on more than <FT TYPE="NUMBER">100000</FT> of those wallet users, whichever number is smaller;</P></ITEM><ITEM><P>it is a result of a successful suspectedly malicious activity;</P></ITEM><ITEM><P>it is a result or is likely to be a result of one or more known vulnerabilities, including those handled in accordance with Commission Implementing Regulation (EU) 2024/2981<NOTE TYPE="FOOTNOTE" NUMBERING.CONTINUED="YES" NOTE.ID="E0001" NUMBERING="ARAB"><P>Commission Implementing Regulation (EU) 2024/2981 of <DATE ISO="20241128">28 November 2024</DATE> laying down rules for the application of Regulation (EU) No 910/2014 of the European Parliament and the Council as regards the certification of European Digital Identity Wallets (<REF.DOC COLL="L" DATE.PUB="20241204" NO.DOC="2981" URI="http://data.europa.eu/eli/reg_impl/2024/2981/oj" CONTEXT="EUR-LEX">OJ L, 2024/2981, 4.12.2024, ELI: http://data.europa.eu/eli/reg_impl/2024/2981/oj</REF.DOC>).</P></NOTE>;</P></ITEM><ITEM><P>it is likely to impact personal data in a manner that is likely to result in a risk to the rights and freedoms of the natural persons concerned and, in particular, in case of breach of personal data as defined in Articles 9(1) and 10 of Regulation (EU) 2016/679;</P></ITEM><?PAGE NO="10"?><ITEM><P>it is likely to impact personal electronic communications;</P></ITEM><ITEM><P>it is likely to result in a high risk to the rights and freedoms of natural persons;</P></ITEM><ITEM><P>it is likely to impact vulnerable natural persons;</P></ITEM></LIST></P></NP></ITEM><ITEM><NP><NO.P>(g)</NO.P><TXT>the certification of the wallet solution has been cancelled or is projected to be cancelled;</TXT></NP></ITEM><ITEM><NP><NO.P>(h)</NO.P><TXT>the breach or compromise has caused or is capable of causing direct financial loss for a concerned entity, and that loss exceeds EUR <FT TYPE="NUMBER">500000</FT> or, where applicable, 5 % of the concerned entity’s total annual turnover in the preceding financial year, whichever is lower.</TXT></NP></ITEM></LIST></P></NP></ITEM><ITEM><NP><NO.P>2.</NO.P><TXT>Member States shall not consider planned consequences of a maintenance operation carried out by or on behalf of the concerned entities, provided such maintenance operation:</TXT><P><LIST TYPE="alpha"><ITEM><NP><NO.P>(a)</NO.P><TXT>has been notified in advance to potentially affected wallet users, wallet-relying parties and relevant competent supervisory bodies;</TXT></NP></ITEM><ITEM><NP><NO.P>(b)</NO.P><TXT>does not meet any of the criteria set out in paragraph 1 of this Annex.</TXT></NP></ITEM></LIST></P></NP></ITEM><ITEM><NP><NO.P>3.</NO.P><TXT>As regards to point (c) of paragraph 1, the duration of an incident affecting availability shall be measured from the moment the proper provision of the affected service is disrupted until the moment the service is restored and operational again. Where a concerned entity is unable to determine the moment when the disruption began, the duration of the incident shall be measured from the moment the incident was detected, or from the moment when the incident was recorded in network or system logs or other data sources, whichever is earlier. Complete unavailability of a service shall be measured from the moment the service is fully unavailable to users, to the moment when regular activities or operations have been restored to the level of service provided prior to the incident. Where a concerned entity is unable to determine when the complete unavailability of a service began, the unavailability shall be measured from the moment it was detected by that entity.</TXT></NP></ITEM><ITEM><NP><NO.P>4.</NO.P><TXT>As regards point (d) of paragraph 1, limited availability of a service is considered to occur in particular when a service is considerably slower than the average response time, or where not all functionalities of a service are available. Where possible, objective criteria based on the average response times of services shall be used to assess delays in response time.</TXT></NP></ITEM><ITEM><NP><NO.P>5.</NO.P><TXT>To determine the direct financial losses resulting from a breach or compromise referred to in point (h) of paragraph 1, concerned entities shall take into account all financial losses incurred as a result of the incident, such as costs for replacement or relocation of software, hardware or infrastructure, staff costs, including costs associated with replacement or relocation of staff, recruitment of extra staff, remuneration of overtime and recovery of lost or impaired skills, fees due to non-compliance with contractual obligations, costs for redress and compensation to customers, losses due to forgone revenues, costs associated with internal and external communication, and advisory costs, including costs associated with legal counselling, forensic services and remediation services. Costs necessary for the day-to-day operation of the business, such as costs for general maintenance of infrastructure, equipment, hardware and software, improvements and risk assessment initiatives, and insurance premiums shall not be considered as financial losses resulting from an incident. The concerned entities shall calculate the amounts of financial losses based on available data and, where the actual amounts of financial losses cannot be determined, those entities shall estimate those amounts.</TXT></NP></ITEM></LIST></GR.SEQ></CONTENTS></ANNEX>
