<?xml version="1.0" encoding="UTF-8"?>
<ACT xmlns:xsi="http://www.w3.org/2001/XMLSchema-instance" xsi:noNamespaceSchemaLocation="http://formex.publications.europa.eu/schema/formex-06.02.3-20250123.xd" NNC="YES"><BIB.INSTANCE><DOCUMENT.REF FILE="L_202500847EN.doc.fmx.xml"><COLL>L</COLL><NO.DOC FORMAT="YN" TYPE="OJ"><COM>EU</COM><YEAR>2025</YEAR><NO.CURRENT>847</NO.CURRENT></NO.DOC><LG.OJ>EN</LG.OJ><PAGE.FIRST>1</PAGE.FIRST><PAGE.SEQ>1</PAGE.SEQ><VOLUME.REF>01</VOLUME.REF></DOCUMENT.REF><DATE ISO="20250506">20250506</DATE><LG.DOC>EN</LG.DOC><NO.SEQ>0001</NO.SEQ><PAGE.FIRST>1</PAGE.FIRST><PAGE.SEQ>1</PAGE.SEQ><PAGE.LAST>8</PAGE.LAST><PAGE.TOTAL>8</PAGE.TOTAL><NO.DOC FORMAT="YN" TYPE="OJ"><COM>EU</COM><YEAR>2025</YEAR><NO.CURRENT>847</NO.CURRENT></NO.DOC></BIB.INSTANCE><TITLE><TI><P><HT TYPE="UC">Commission Implementing Regulation</HT> (EU) 2025/847</P><P>of <DATE ISO="20250506">6 May 2025</DATE></P><P>laying down rules for the application of Regulation (EU) No 910/2014 of the European Parliament and of the Council as regards reactions to security breaches of European Digital Identity Wallets</P></TI></TITLE><PREAMBLE><PREAMBLE.INIT>THE EUROPEAN COMMISSION,</PREAMBLE.INIT><GR.VISA><VISA>Having regard to the Treaty on the Functioning of the European Union,</VISA><VISA>Having regard to Regulation (EU) No 910/2014 of the European Parliament and of the Council of <DATE ISO="20140723">23 July 2014</DATE> on electronic identification and trust services for electronic transactions in the internal market and repealing Directive 1999/93/EC<NOTE TYPE="FOOTNOTE" NUMBERING.CONTINUED="YES" NOTE.ID="E0001" NUMBERING="ARAB"><P><REF.DOC.OJ PAGE.FIRST="73" COLL="L" DATE.PUB="20140828" NO.OJ="257">OJ L 257, 28.8.2014, p. 73</REF.DOC.OJ>, ELI: <LINK URI="http://data.europa.eu/eli/reg/2014/910/oj">http://data.europa.eu/eli/reg/2014/910/oj</LINK>.</P></NOTE>, and in particular Article 5e(5) thereof,</VISA></GR.VISA><GR.CONSID><GR.CONSID.INIT>Whereas:</GR.CONSID.INIT><CONSID><NP><NO.P>(1)</NO.P><TXT>The European Digital Identity Framework (<QUOT.START CODE="2018" ID="QS0001" REF.END="QE0001"/>framework<QUOT.END CODE="2019" ID="QE0001" REF.START="QS0001"/>) set out in Regulation (EU) No 910/2014 is a crucial component in the establishment of a secure and interoperable digital identity ecosystem across the Union. With the European Digital Identity Wallets (<QUOT.START CODE="2018" ID="QS0002" REF.END="QE0002"/>wallets<QUOT.END CODE="2019" ID="QE0002" REF.START="QS0002"/>) as its cornerstone, the framework aims to facilitate access to services across Member States, while ensuring the protection of personal data and privacy.</TXT></NP></CONSID><CONSID><NP><NO.P>(2)</NO.P><TXT>Regulations (EU) 2016/679<NOTE TYPE="FOOTNOTE" NUMBERING.CONTINUED="YES" NOTE.ID="E0002" NUMBERING="ARAB"><P>Regulation (EU) 2016/679 of the European Parliament and of the Council of <DATE ISO="20160427">27 April 2016</DATE> on the protection of natural persons with regard to the processing of personal data and on the free movement of such data, and repealing Directive 95/46/EC (General Data Protection Regulation) (<REF.DOC.OJ PAGE.FIRST="1" COLL="L" DATE.PUB="20160504" NO.OJ="119">OJ L 119, 4.5.2016, p. 1</REF.DOC.OJ>, ELI: <LINK URI="http://data.europa.eu/eli/reg/2016/679/oj">http://data.europa.eu/eli/reg/2016/679/oj</LINK>).</P></NOTE> and (EU) 2018/1725<NOTE TYPE="FOOTNOTE" NUMBERING.CONTINUED="YES" NOTE.ID="E0003" NUMBERING="ARAB"><P>Regulation (EU) 2018/1725 of the European Parliament and of the Council of <DATE ISO="20181023">23 October 2018</DATE> on the protection of natural persons with regard to the processing of personal data by the Union institutions, bodies, offices and agencies and on the free movement of such data, and repealing Regulation (EC) No 45/2001 and Decision No 1247/2002/EC (<REF.DOC.OJ PAGE.FIRST="39" COLL="L" DATE.PUB="20181121" NO.OJ="295">OJ L 295, 21.11.2018, p. 39</REF.DOC.OJ>, ELI: <LINK URI="http://data.europa.eu/eli/reg/2018/1725/oj">http://data.europa.eu/eli/reg/2018/1725/oj</LINK>).</P></NOTE> of the European Parliament and of the Council, and, where relevant, Directive 2002/58/EC of the European Parliament and of the Council<NOTE TYPE="FOOTNOTE" NUMBERING.CONTINUED="YES" NOTE.ID="E0004" NUMBERING="ARAB"><P>Directive 2002/58/EC of the European Parliament and of the Council of <DATE ISO="20020712">12 July 2002</DATE> concerning the processing of personal data and the protection of privacy in the electronic communications sector (Directive on privacy and electronic communications (<REF.DOC.OJ PAGE.FIRST="37" COLL="L" DATE.PUB="20020731" NO.OJ="201">OJ L 201, 31.7.2002, p. 37</REF.DOC.OJ>, ELI: <LINK URI="http://data.europa.eu/eli/dir/2002/58/oj">http://data.europa.eu/eli/dir/2002/58/oj</LINK>).</P></NOTE> apply to the personal data processing activities under this Regulation. The rules on the assessment and provision of information established under this Regulation are without prejudice to the obligation to notify personal data breaches to the competent supervisory authority where applicable under Regulation (EU) 2016/679 or Regulation (EU) 2018/1725, and to the obligation to communicate the personal data breaches to the data subjects where applicable under these Regulations.</TXT></NP></CONSID><CONSID><NP><NO.P>(3)</NO.P><TXT>The Commission regularly assesses new technologies, practices, standards and technical specifications. To ensure the highest level of harmonisation among Member States for the development and certification of the wallets, the technical specifications set out in this Regulation rely on the work carried out under Commission Recommendation (EU) 2021/946<NOTE TYPE="FOOTNOTE" NUMBERING.CONTINUED="YES" NOTE.ID="E0005" NUMBERING="ARAB"><P>Commission Recommendation (EU) 2021/946 of <DATE ISO="20210603">3 June 2021</DATE> on a common Union Toolbox for a coordinated approach towards a European Digital Identity Framework (<REF.DOC.OJ PAGE.FIRST="51" COLL="L" DATE.PUB="20210614" NO.OJ="210">OJ L 210, 14.6.2021, p. 51</REF.DOC.OJ>, ELI: <LINK URI="http://data.europa.eu/eli/reco/2021/946/oj">http://data.europa.eu/eli/reco/2021/946/oj</LINK>).</P></NOTE> and in particular the Architecture and Reference Framework which is part of it. In accordance with recital 75 of Regulation (EU) 2024/1183 of the European Parliament and of the Council<NOTE TYPE="FOOTNOTE" NUMBERING.CONTINUED="YES" NOTE.ID="E0006" NUMBERING="ARAB"><P>Regulation (EU) 2024/1183 of the European Parliament and of the Council of <DATE ISO="20240411">11 April 2024</DATE> amending Regulation (EU) No 910/2014 as regards establishing the European Digital Identity Framework (<REF.DOC COLL="L" DATE.PUB="20240430" NO.DOC="1183" URI="http://data.europa.eu/eli/reg/2024/1183/oj" CONTEXT="EUR-LEX">OJ L, 2024/1183, 30.4.2024, ELI: http://data.europa.eu/eli/reg/2024/1183/oj</REF.DOC>).</P></NOTE>, the Commission should review and, if necessary, update this Regulation, to keep it in line with global developments and the Architecture and Reference Framework, and to follow the best practices on the internal market.</TXT></NP></CONSID><?PAGE NO="2"?><CONSID><NP><NO.P>(4)</NO.P><TXT>In the event of a security breach or a compromise of the wallet solutions or of the validation mechanisms referred to in Article 5a(8) of Regulation (EU) No 910/2014, or of the electronic identification scheme under which the wallet solutions are provided, reactions to such security breaches and compromises need to follow in a fast, coordinated and secure manner across Member States to protect users and to maintain trust in the digital identity ecosystem. This is without prejudice to Directive (EU) 2022/2555 of the European Parliament and of the Council<NOTE TYPE="FOOTNOTE" NUMBERING.CONTINUED="YES" NOTE.ID="E0007" NUMBERING="ARAB"><P>Directive (EU) 2022/2555 of the European Parliament and of the Council of <DATE ISO="20221214">14 December 2022</DATE> on measures for a high common level of cybersecurity across the Union, amending Regulation (EU) 910/2014 and Directive (EU) 2018/1972, and repealing Directive (EU) 2016/1148 (NIS 2 Directive) (<REF.DOC.OJ PAGE.FIRST="80" COLL="L" DATE.PUB="20221227" NO.OJ="333">OJ L 333, 27.12.2022, p. 80</REF.DOC.OJ>, ELI: <LINK URI="http://data.europa.eu/eli/dir/2022/2555/oj">http://data.europa.eu/eli/dir/2022/2555/oj</LINK>).</P></NOTE> and Regulations (EU) 2019/881<NOTE TYPE="FOOTNOTE" NUMBERING.CONTINUED="YES" NOTE.ID="E0008" NUMBERING="ARAB"><P>Regulation (EU) 2019/881 of the European Parliament and of the Council of <DATE ISO="20190417">17 April 2019</DATE> on ENISA (the European Union Agency for Cybersecurity) and on information and communications technology cybersecurity certification and repealing Regulation (EU) No 526/2013 (Cybersecurity Act) (<REF.DOC.OJ PAGE.FIRST="15" COLL="L" DATE.PUB="20190607" NO.OJ="151">OJ L 151, 7.6.2019, p. 15</REF.DOC.OJ>, ELI: <LINK URI="http://data.europa.eu/eli/reg/2019/881/oj">http://data.europa.eu/eli/reg/2019/881/oj</LINK>).</P></NOTE> and (EU) 2024/2847<NOTE TYPE="FOOTNOTE" NUMBERING.CONTINUED="YES" NOTE.ID="E0009" NUMBERING="ARAB"><P>Regulation (EU) 2024/2847 of the European Parliament and of the Council of <DATE ISO="20241023">23 October 2024</DATE> on horizontal cybersecurity requirements for products with digital elements and amending Regulations (EU) No 168/2013 and (EU) No 2019/1020 and Directive (EU) 2020/1828 (Cyber Resilience Act) (<REF.DOC COLL="L" DATE.PUB="20241120" NO.DOC="2847" URI="http://data.europa.eu/eli/reg/2024/2847/oj" CONTEXT="EUR-LEX">OJ L, 2024/2847, 20.11.2024, ELI: http://data.europa.eu/eli/reg/2024/2847/oj</REF.DOC>).</P></NOTE> of the European Parliament and of the Council, in particular as regards handling of incidents or vulnerabilities and their consideration as security breaches. Therefore, Member States should ensure the timely suspension of the provision and the use of wallets affected by a security breach or compromise, or, where appropriate, their withdrawal.</TXT></NP></CONSID><CONSID><NP><NO.P>(5)</NO.P><TXT>To ensure appropriate reactions to a security breach or compromise, Member States should assess whether a security breach or compromise of a wallet solution, of the validation mechanisms referred to in Article 5a(8) of Regulation (EU) No 910/2014, or of the electronic identification scheme under which a wallet solution is provided, affects the reliability of that wallet solution or of other wallet solutions. Such an assessment should be based on uniform criteria, such as the number and category of wallet users, of natural persons, and of wallet-relying parties impacted, the nature of impacted data, the duration of the compromise or security breach, the limited availability of a service and financial losses, and the potential compromise of personal data. These criteria should provide Member States with flexibility and discretion to establish in a proportionate manner whether the reliability of a wallet solution is affected and whether the suspension or, where justified by the severity of the breach or compromise, the withdrawal of the wallet solution is appropriate. These criteria should not trigger an automatic withdrawal of a wallet solution or an automatic suspension of the provision and the use of a wallet solution, but they should be duly considered by Member States when deciding if a withdrawal, or suspension of the provision and the use, of a wallet solution are necessary.</TXT></NP></CONSID><CONSID><NP><NO.P>(6)</NO.P><TXT>Due to the impact and inconvenience caused by suspending the use of wallet solutions, Member States will need to evaluate whether the revocation of wallet unit attestations or any other additional measures are necessary to react adequately to the security breach or compromise.</TXT></NP></CONSID><CONSID><NP><NO.P>(7)</NO.P><TXT>To keep wallet users informed about the status of their wallets, they are to be provided with adequate information about security breaches or compromises affecting their wallets. As wallet-relying parties registered in the Union can also be affected by security breaches and compromises, relevant information on security breaches and compromises are also to be shared with them.</TXT></NP></CONSID><CONSID><NP><NO.P>(8)</NO.P><TXT>To enhance transparency and build trust into the digital identity ecosystem, the information about the security breaches or compromises and about their consequences should at least include the information required under this Regulation. Information concerning security breaches or compromises shared to wallet users and wallet-relying parties should however be carefully assessed so that to prevent and minimise the risk of their exploitation by attackers.</TXT></NP></CONSID><?PAGE NO="3"?><CONSID><NP><NO.P>(9)</NO.P><TXT>To enable users to access their wallet units again after a security breach or compromise has been remedied, the Member State that provided the wallet solutions, will need to re-establish the provision and use of that wallet solutions without undue delay. This can be done by re-establishing the wallet units, by issuing wallet units provided under a new version of the wallet solutions or by re-issuing new valid wallet unit attestations. Wallet users affected, wallet-relying parties, single points of contact designated pursuant to Article 46c(1) of Regulation (EU) No 910/2014 and the Commission are to be informed accordingly.</TXT></NP></CONSID><CONSID><NP><NO.P>(10)</NO.P><TXT>To ensure the withdrawal of wallets where a security breach or compromise has not been remedied within three months of the suspension or where this is justified by the severity of the security breach or compromise, the Member State should ensure that the relevant wallet unit attestations are revoked and that they cannot revert to a valid state nor be issued or provided to existing wallet units. Moreover, no new wallet units should be provided under the affected wallet solution. For transparency purposes, users, relying parties, single points of contact designated pursuant to Article 46c(1) of Regulation (EU) No 910/2014 and the Commission need to be informed of the withdrawal. This includes a description of the potential impacts on the wallet users and notably the management of issued attestations, or on wallet-relying parties.</TXT></NP></CONSID><CONSID><NP><NO.P>(11)</NO.P><TXT>The period of three months following the suspension of the provision and the use of a wallet solution, and during which the security breach or compromise having led to that suspension is to be remedied, should provide for a time limit after which the wallet solution is to be withdrawn unless an appropriate remedy has been implemented. Member States however are free to require the security breach or compromise to be remedied within a time limit that is shorter than three months, taking into account, in particular and where relevant, the extent, duration and consequences of that security breach or compromise. Where the security breach or compromise is not or cannot be remedied within the time limit set by the Member State, the Member State may require the wallet solution to be withdrawn before the expiration of the period of three months. Member States should use this time period during which a security breach or compromise that led to the suspension of the provision and the use of a wallet solution has to be remedied to prepare the potential withdrawal of that wallet solution and the resulting communications.</TXT></NP></CONSID><CONSID><NP><NO.P>(12)</NO.P><TXT>To reduce the administrative burden for Member States regarding the information to be provided, in accordance with this Regulation, to the Commission and to other Member States, Member States should use existing notification tools such as the Cyber Incident Reporting and Analysis System (<QUOT.START CODE="2018" ID="QS0003" REF.END="QE0003"/>CIRAS<QUOT.END CODE="2019" ID="QE0003" REF.START="QS0003"/>) operated by the European Union Agency for Cybersecurity (<QUOT.START CODE="2018" ID="QS0004" REF.END="QE0004"/>ENISA<QUOT.END CODE="2019" ID="QE0004" REF.START="QS0004"/>). Regarding alternative channels or means to be utilised to inform wallet users affected by a security breach or compromise and wallet-relying parties, Member States should ensure that the relevant information is provided in a clear, comprehensive, and easily accessible manner. The channels to provide such information to wallet users affected and wallet-relying parties should include appropriate solutions for website-based broadcasting, real-time tracking of website updates and news aggregation.</TXT></NP></CONSID><CONSID><NP><NO.P>(13)</NO.P><TXT>The European Data Protection Supervisor was consulted in accordance with Article 42(1) of Regulation (EU) 2018/1725 and delivered its opinion on <DATE ISO="20250131">31 January 2025</DATE>.</TXT></NP></CONSID><CONSID><NP><NO.P>(14)</NO.P><TXT>The measures provided for in this Regulation are in accordance with the opinion of the committee established by Article 48 of Regulation (EU) No 910/2014,</TXT></NP></CONSID></GR.CONSID><PREAMBLE.FINAL>HAS ADOPTED THIS REGULATION:</PREAMBLE.FINAL></PREAMBLE><ENACTING.TERMS><ARTICLE IDENTIFIER="001"><TI.ART>Article 1</TI.ART><STI.ART>Subject matter</STI.ART><ALINEA>This Regulation lays down rules for reactions to security breaches of the wallets, of the validation mechanisms referred to in Article 5a(8) of Regulation (EU) No 910/2014, and of the electronic identification scheme under which the wallets are provided.</ALINEA></ARTICLE><?PAGE NO="4"?><ARTICLE IDENTIFIER="002"><TI.ART>Article 2</TI.ART><STI.ART>Definitions</STI.ART><ALINEA><P>For the purpose of this Regulation, the following definitions apply:</P><LIST TYPE="ARAB"><ITEM><NP><NO.P>(1)</NO.P><TXT><QUOT.START CODE="2018" ID="QS0005" REF.END="QE0005"/>wallet solution<QUOT.END CODE="2019" ID="QE0005" REF.START="QS0005"/> means a combination of software, hardware, services, settings, and configurations, including wallet instances, one or more wallet secure cryptographic applications and one or more wallet secure cryptographic devices;</TXT></NP></ITEM><ITEM><NP><NO.P>(2)</NO.P><TXT><QUOT.START CODE="2018" ID="QS0006" REF.END="QE0006"/>wallet user<QUOT.END CODE="2019" ID="QE0006" REF.START="QS0006"/> means a user who is in control of the wallet unit;</TXT></NP></ITEM><ITEM><NP><NO.P>(3)</NO.P><TXT><QUOT.START CODE="2018" ID="QS0007" REF.END="QE0007"/>wallet-relying party<QUOT.END CODE="2019" ID="QE0007" REF.START="QS0007"/> means a relying party that intends to rely upon wallet units for the provision of public or private services by means of digital interaction;</TXT></NP></ITEM><ITEM><NP><NO.P>(4)</NO.P><TXT><QUOT.START CODE="2018" ID="QS0008" REF.END="QE0008"/>wallet instance<QUOT.END CODE="2019" ID="QE0008" REF.START="QS0008"/> means the application installed and configured on a wallet user’s device or environment, which is part of a wallet unit, and that the wallet user uses to interact with the wallet unit;</TXT></NP></ITEM><ITEM><NP><NO.P>(5)</NO.P><TXT><QUOT.START CODE="2018" ID="QS0009" REF.END="QE0009"/>wallet secure cryptographic application<QUOT.END CODE="2019" ID="QE0009" REF.START="QS0009"/> means an application that manages critical assets by being linked to and using the cryptographic and non-cryptographic functions provided by the wallet secure cryptographic device;</TXT></NP></ITEM><ITEM><NP><NO.P>(6)</NO.P><TXT><QUOT.START CODE="2018" ID="QS0010" REF.END="QE0010"/>wallet secure cryptographic device<QUOT.END CODE="2019" ID="QE0010" REF.START="QS0010"/> means a tamper-resistant device that provides an environment that is linked to and used by the wallet secure cryptographic application to protect critical assets and provide cryptographic functions for the secure execution of critical operations;</TXT></NP></ITEM><ITEM><NP><NO.P>(7)</NO.P><TXT><QUOT.START CODE="2018" ID="QS0011" REF.END="QE0011"/>wallet provider<QUOT.END CODE="2019" ID="QE0011" REF.START="QS0011"/> means a natural or legal person who provides wallet solutions;</TXT></NP></ITEM><ITEM><NP><NO.P>(8)</NO.P><TXT><QUOT.START CODE="2018" ID="QS0012" REF.END="QE0012"/>wallet unit<QUOT.END CODE="2019" ID="QE0012" REF.START="QS0012"/> means a unique configuration of a wallet solution that includes wallet instances, wallet secure cryptographic applications and wallet secure cryptographic devices provided by a wallet provider to an individual wallet user;</TXT></NP></ITEM><ITEM><NP><NO.P>(9)</NO.P><TXT><QUOT.START CODE="2018" ID="QS0013" REF.END="QE0013"/>critical assets<QUOT.END CODE="2019" ID="QE0013" REF.START="QS0013"/> means assets within or in relation to a wallet unit of such extraordinary importance that where their availability, confidentiality or integrity are compromised, this would have a very serious, debilitating effect on the ability to rely on the wallet unit;</TXT></NP></ITEM><ITEM><NP><NO.P>(10)</NO.P><TXT><QUOT.START CODE="2018" ID="QS0014" REF.END="QE0014"/>wallet unit attestation<QUOT.END CODE="2019" ID="QE0014" REF.START="QS0014"/> means a data object that describes the components of the wallet unit or allows authentication and validation of those components.</TXT></NP></ITEM></LIST></ALINEA></ARTICLE><ARTICLE IDENTIFIER="003"><TI.ART>Article 3</TI.ART><STI.ART>Establishing a security breach or compromise</STI.ART><PARAG IDENTIFIER="003.001"><NO.PARAG>1.</NO.PARAG><ALINEA>Without prejudice to Directive (EU) 2022/2555 and to Regulations (EU) 2019/881 and (EU) 2024/2847, Member States shall duly consider the criteria set out in the Annex I to this Regulation to assess whether a security breach or compromise of a wallet solution, of the validation mechanisms referred to in Article 5a(8) of Regulation (EU) No 910/2014, or of the electronic identification scheme under which the wallet solution is provided, is affecting their reliability or the reliability of other wallet solutions.</ALINEA></PARAG><PARAG IDENTIFIER="003.002"><NO.PARAG>2.</NO.PARAG><ALINEA>Where a Member State establishes, on the basis of the assessment laid down in paragraph 1, that a security breach or compromise is affecting the reliability of a wallet solution and suspends the provision and the use of that wallet solution, that Member State shall take the measures set out in Articles 4 and 5. Where a Member State withdraws the wallet solution, that Member State shall take the measures set out in Articles 8 and 9.</ALINEA></PARAG><PARAG IDENTIFIER="003.003"><NO.PARAG>3.</NO.PARAG><ALINEA>Where a Member State becomes aware of information relating to a possible security breach or compromise possibly affecting the reliability of one or more wallet solutions provided by another Member State, that Member State shall, without undue delay, communicate to the Commission and the single points of contact of the affected Member States designated pursuant to Article 46c(1) of Regulation (EU) No 910/2014 on that fact. This communication shall include the information set out in Article 5(2).</ALINEA></PARAG><PARAG IDENTIFIER="003.004"><NO.PARAG>4.</NO.PARAG><ALINEA>The Member State receiving information provided pursuant to paragraph 3 shall take the measures set out in paragraphs 1 and 2 without undue delay.</ALINEA></PARAG></ARTICLE><?PAGE NO="5"?><ARTICLE IDENTIFIER="004"><TI.ART>Article 4</TI.ART><STI.ART>Suspension of the provision and the use of wallets and other remedies</STI.ART><PARAG IDENTIFIER="004.001"><NO.PARAG>1.</NO.PARAG><ALINEA>Member States shall ensure that no wallet units are provided, used or activated under the suspended wallet solution.</ALINEA></PARAG><PARAG IDENTIFIER="004.002"><NO.PARAG>2.</NO.PARAG><ALINEA>Member States shall evaluate whether revoking wallet unit attestations of the wallet units affected by the suspension of a wallet solution, or any other additional remedy, is necessary to react adequately to the security breach or compromise.</ALINEA></PARAG><PARAG IDENTIFIER="004.003"><NO.PARAG>3.</NO.PARAG><ALINEA>The measures set out in paragraphs 1 and 2 shall be taken without undue delay, and in any event no later than 24 hours after the suspension of the provision and the use of the wallet solution affected by the security breach or compromise.</ALINEA></PARAG><PARAG IDENTIFIER="004.004"><NO.PARAG>4.</NO.PARAG><ALINEA>The measures set out in paragraphs 1 and 2 shall not hinder affected wallet users from exercising their right to data portability set out in Article 5a(4), point (g) of Regulation (EU) No 910/2014. This is under the condition that this right may be exercised by wallet users without impairing the security of the critical assets of the affected wallet units, in particular considering the reasons for suspension and the need to ensure the effective protection of those assets against misuse.</ALINEA></PARAG></ARTICLE><ARTICLE IDENTIFIER="005"><TI.ART>Article 5</TI.ART><STI.ART>Information about suspensions and remedies</STI.ART><PARAG IDENTIFIER="005.001"><NO.PARAG>1.</NO.PARAG><ALINEA><P>Information in a clear, comprehensive and easily accessible manner about the suspension of the provision and the use of a wallet solution shall be provided, without undue delay and no later than 24 hours after the suspension of the provision and the use of the wallet solution, to:</P><LIST TYPE="alpha"><ITEM><NP><NO.P>(a)</NO.P><TXT>the single points of contact designated pursuant to Article 46c(1) of Regulation (EU) No 910/2014;</TXT></NP></ITEM><ITEM><NP><NO.P>(b)</NO.P><TXT>the Commission;</TXT></NP></ITEM><ITEM><NP><NO.P>(c)</NO.P><TXT>the wallet-users affected;</TXT></NP></ITEM><ITEM><NP><NO.P>(d)</NO.P><TXT>the wallet-relying parties registered in accordance with Article 5b of Regulation (EU) No 910/2014.</TXT></NP></ITEM></LIST></ALINEA></PARAG><PARAG IDENTIFIER="005.002"><NO.PARAG>2.</NO.PARAG><ALINEA><P>The information provided in accordance with paragraph 1 shall include at least the following:</P><LIST TYPE="alpha"><ITEM><NP><NO.P>(a)</NO.P><TXT>the name of the provider of the wallet solution the provision and the use of which has been suspended;</TXT></NP></ITEM><ITEM><NP><NO.P>(b)</NO.P><TXT>the name and reference identifier of that wallet solution, as indicated in the list of certified wallets drawn up pursuant to Article 5d of Regulation (EU) No 910/2014, and, where applicable, the concerned versions;</TXT></NP></ITEM><ITEM><NP><NO.P>(c)</NO.P><TXT>the date and time when the security breach or compromise was detected;</TXT></NP></ITEM><ITEM><NP><NO.P>(d)</NO.P><TXT>if known, the date and time when the security breach or compromise became effective, based on network or system logs or other data sources;</TXT></NP></ITEM><ITEM><NP><NO.P>(e)</NO.P><TXT>the date and time of the suspension of the wallet solution;</TXT></NP></ITEM><ITEM><NP><NO.P>(f)</NO.P><TXT>contact details, including at least an email address and a telephone number for the notifying Member State, and, where different, for the wallet provider referred to in point (a);</TXT></NP></ITEM><ITEM><NP><NO.P>(g)</NO.P><TXT>a description of the security breach or compromise;</TXT></NP></ITEM><ITEM><NP><NO.P>(h)</NO.P><TXT>a description of the data compromised, including, where applicable, the categories of personal data as defined in Article 9(1) and Article 10 of Regulation (EU) 2016/679;</TXT></NP></ITEM><ITEM><NP><NO.P>(i)</NO.P><TXT>where possible, an estimate of the approximate number of wallet users affected and of other natural persons affected;</TXT></NP></ITEM><?PAGE NO="6"?><ITEM><NP><NO.P>(j)</NO.P><TXT>a description of the potential impacts on wallet-relying parties or on wallet users, and in the latter case, where relevant, any indications of measures that wallet users can take to mitigate those potential impacts;</TXT></NP></ITEM><ITEM><NP><NO.P>(k)</NO.P><TXT>a description of the measures taken or planned to remedy the security breach or compromise, together with a planning and deadline for such remedy;</TXT></NP></ITEM><ITEM><NP><NO.P>(l)</NO.P><TXT>where applicable and appropriate, a description of the measures taken or planned for transitioning wallet users affected to alternative wallet solutions or services.</TXT></NP></ITEM></LIST></ALINEA></PARAG></ARTICLE><ARTICLE IDENTIFIER="006"><TI.ART>Article 6</TI.ART><STI.ART>Re-establishment of the provision and the use of wallets</STI.ART><ALINEA><P>Where necessary to ensure the re-establishment of the provision, the activation and the use of a wallet solution, Member States shall without undue delay:</P><LIST TYPE="ARAB"><ITEM><NP><NO.P>(1)</NO.P><TXT>re-establish the provision and use of the wallet units provided under that wallet solution by issuing a wallet unit provided under a new version of the wallet solution to all affected users;</TXT></NP></ITEM><ITEM><NP><NO.P>(2)</NO.P><TXT>issue new wallet unit attestations to new wallet units or, where applicable, to previously issued wallet units, provided those wallet units fulfil the security requirements in place after the security breach or compromise is remedied;</TXT></NP></ITEM><ITEM><NP><NO.P>(3)</NO.P><TXT>repeal any measure implemented pursuant to Article 4 and hindering the provision of new wallet units under the affected wallet solution, where that measure was linked solely to the now remedied security breach or compromise.</TXT></NP></ITEM></LIST></ALINEA></ARTICLE><ARTICLE IDENTIFIER="007"><TI.ART>Article 7</TI.ART><STI.ART>Information about re-establishment</STI.ART><ALINEA><P>Where a Member State re-establishes a wallet solution, that Member State shall ensure that:</P><LIST TYPE="ARAB"><ITEM><NP><NO.P>(1)</NO.P><TXT>information about that fact is provided without undue delay to all parties having received information on the suspension of the provision and the use of that wallet solution in accordance with Article 5(1).</TXT></NP></ITEM><ITEM><NP><NO.P>(2)</NO.P><TXT>information provided pursuant to point (1) shall include at least the elements referred to in Article 5(2), points (a), (b) and (f) to (h) and the following:</TXT><P><LIST TYPE="alpha"><ITEM><NP><NO.P>(a)</NO.P><TXT>the date and time when the security breach or compromise was remedied;</TXT></NP></ITEM><ITEM><NP><NO.P>(b)</NO.P><TXT>the date and time of the re-establishment of the affected wallet solution, and, where appropriate, of the affected wallet units provided under that wallet solution;</TXT></NP></ITEM><ITEM><NP><NO.P>(c)</NO.P><TXT>a description of the measures taken to remedy the security breach or compromise;</TXT></NP></ITEM><ITEM><NP><NO.P>(d)</NO.P><TXT>a description of the potential residual impacts on wallet-relying parties or on wallet users, and in the latter case, where relevant, any indications of measures that wallet users can take to mitigate those potential residual impacts.</TXT></NP></ITEM></LIST></P></NP></ITEM></LIST></ALINEA></ARTICLE><ARTICLE IDENTIFIER="008"><TI.ART>Article 8</TI.ART><STI.ART>Withdrawal of wallets</STI.ART><PARAG IDENTIFIER="008.001"><NO.PARAG>1.</NO.PARAG><ALINEA>If a security breach or compromise having led to the suspension of the provision and the use of a wallet solution is not remedied within three months after the date of suspension of the provision and the use of that wallet solution, the Member State providing that wallet solution shall ensure the affected wallet solution is withdrawn and its validity is revoked, without undue delay and in any event within 72 hours after the period of three months has expired.</ALINEA></PARAG><PARAG IDENTIFIER="008.002"><NO.PARAG>2.</NO.PARAG><ALINEA><P>When a Member State withdraws a wallet solution, it shall ensure that:</P><LIST TYPE="alpha"><ITEM><NP><NO.P>(a)</NO.P><TXT>the wallet unit attestations of the wallet unit of the affected wallet solution are revoked;</TXT></NP></ITEM><ITEM><NP><NO.P>(b)</NO.P><TXT>the wallet unit attestations cannot revert to a valid state;</TXT></NP></ITEM><?PAGE NO="7"?><ITEM><NP><NO.P>(c)</NO.P><TXT>no new wallet unit attestation can be issued to existing wallet units provided under the affected wallet solution;</TXT></NP></ITEM><ITEM><NP><NO.P>(d)</NO.P><TXT>no new wallet unit can be provided under the affected wallet solution.</TXT></NP></ITEM></LIST></ALINEA></PARAG><PARAG IDENTIFIER="008.003"><NO.PARAG>3.</NO.PARAG><ALINEA>The measures set out in paragraphs 1 and 2 shall not hinder affected wallet users from exercising their right to data portability set out in Article 5a(4) point (g) of Regulation (EU) No 910/2014. This is under the condition that this right may be exercised by wallet users without impairing the security of the critical assets of the affected wallet units, in particular considering the reasons for withdrawal and the need to ensure the effective protection of those assets against misuse.</ALINEA></PARAG></ARTICLE><ARTICLE IDENTIFIER="009"><TI.ART>Article 9</TI.ART><STI.ART>Information about withdrawal</STI.ART><PARAG IDENTIFIER="009.001"><NO.PARAG>1.</NO.PARAG><ALINEA><P>Information in a clear, comprehensive and easily accessible manner about the withdrawal of a wallet solution shall be provided, without undue delay and no later than 24 hours after the withdrawal of the wallet solution, to:</P><LIST TYPE="alpha"><ITEM><NP><NO.P>(a)</NO.P><TXT>the single points of contact designated pursuant to Article 46c(1) of Regulation (EU) No 910/2014;</TXT></NP></ITEM><ITEM><NP><NO.P>(b)</NO.P><TXT>the Commission;</TXT></NP></ITEM><ITEM><NP><NO.P>(c)</NO.P><TXT>the wallet users affected;</TXT></NP></ITEM><ITEM><NP><NO.P>(d)</NO.P><TXT>the wallet-relying parties registered in accordance with Article 5b of Regulation (EU) No 910/2014.</TXT></NP></ITEM></LIST></ALINEA></PARAG><PARAG IDENTIFIER="009.002"><NO.PARAG>2.</NO.PARAG><ALINEA><P>Information provided in accordance with paragraph 1 shall include at least the following:</P><LIST TYPE="alpha"><ITEM><NP><NO.P>(a)</NO.P><TXT>the name of the provider of the wallet solution which has been withdrawn;</TXT></NP></ITEM><ITEM><NP><NO.P>(b)</NO.P><TXT>the name and reference identifier of that wallet solution, as indicated on the list of certified wallets drawn up pursuant to Article 5d of Regulation (EU) No 910/2014, and, where applicable, the concerned versions;</TXT></NP></ITEM><ITEM><NP><NO.P>(c)</NO.P><TXT>the date and time of the detection of the security breach or compromise that led to the withdrawal of the affected wallet solution because of its severity or because it was not remedied within three months;</TXT></NP></ITEM><ITEM><NP><NO.P>(d)</NO.P><TXT>if known, the date and time when the security breach or compromise became effective, based on network or system logs or other data sources;</TXT></NP></ITEM><ITEM><NP><NO.P>(e)</NO.P><TXT>the date and time of the withdrawal of the wallet solution and of the effective revocation of the wallet unit attestations of the wallet units provided under the wallet solution;</TXT></NP></ITEM><ITEM><NP><NO.P>(f)</NO.P><TXT>whether the withdrawal is the result of the severity of the security breach or compromise or is the consequence of the security breach or compromise not being remedied;</TXT></NP></ITEM><ITEM><NP><NO.P>(g)</NO.P><TXT>contact details, including at least an email address and a telephone number for the notifying Member State, and, where different, for the wallet provider referred to in point (a);</TXT></NP></ITEM><ITEM><NP><NO.P>(h)</NO.P><TXT>a description of the security breach or compromise;</TXT></NP></ITEM><ITEM><NP><NO.P>(i)</NO.P><TXT>a description of the data compromised, including, where applicable, the categories of personal data as specified in Article 9(1) and Article 10 of Regulation (EU) 2016/679;</TXT></NP></ITEM><ITEM><NP><NO.P>(j)</NO.P><TXT>where possible, an estimate of the approximate number of wallet users affected and of other natural persons affected;</TXT></NP></ITEM><ITEM><NP><NO.P>(k)</NO.P><TXT>a description of the potential impacts on wallet-relying parties or on wallet users, and in the latter case, where relevant, any indications of measures that wallet users can take to mitigate those potential impacts;</TXT></NP></ITEM><ITEM><NP><NO.P>(l)</NO.P><TXT>a description of the measures taken or planned for transitioning wallet users affected to alternative wallet solutions or, where applicable and appropriate, alternative services.</TXT></NP></ITEM></LIST></ALINEA></PARAG></ARTICLE><?PAGE NO="8"?><ARTICLE IDENTIFIER="010"><TI.ART>Article 10</TI.ART><STI.ART>Information system</STI.ART><ALINEA>Member States shall send information set out in Articles 3, 5, 7 and 9 to the Commission and the single points of contact of the Member States designated pursuant to Article 46c(1) of Regulation (EU) No 910/2014, via the CIRAS operated by ENISA, or an equivalent system agreed by the Member States and the Commission.</ALINEA></ARTICLE><ARTICLE IDENTIFIER="011"><TI.ART>Article 11</TI.ART><STI.ART>Entry into force</STI.ART><ALINEA>This Regulation shall enter into force on the twentieth day following that of its publication in the <HT TYPE="ITALIC">Official Journal of the European Union</HT>.</ALINEA></ARTICLE></ENACTING.TERMS><FINAL><P>This Regulation shall be binding in its entirety and directly applicable in all Member States, except for Article 10, which shall apply from <DATE ISO="20260507">7 May 2026</DATE>.</P><SIGNATURE><PL.DATE><P>Done at Brussels, <DATE ISO="20250506">6 May 2025</DATE>.</P></PL.DATE><SIGNATORY><P><HT TYPE="ITALIC">For the Commission</HT></P><P><HT TYPE="ITALIC">The President</HT></P><P>Ursula <HT TYPE="UC">von der Leyen</HT></P></SIGNATORY></SIGNATURE></FINAL></ACT>
