<?xml version="1.0" encoding="UTF-8"?>
<ANNEX xmlns:xsi="http://www.w3.org/2001/XMLSchema-instance" xsi:noNamespaceSchemaLocation="http://formex.publications.europa.eu/schema/formex-06.02.3-20250123.xd" NNC="YES"><BIB.INSTANCE><DOCUMENT.REF FILE="L_202502530EN.doc.fmx.xml"><COLL>L</COLL><NO.DOC FORMAT="YN" TYPE="OJ"><COM>EU</COM><YEAR>2025</YEAR><NO.CURRENT>2530</NO.CURRENT></NO.DOC><LG.OJ>EN</LG.OJ><PAGE.FIRST>1</PAGE.FIRST><PAGE.SEQ>1</PAGE.SEQ><VOLUME.REF>01</VOLUME.REF></DOCUMENT.REF><DATE ISO="20251216">20251216</DATE><LG.DOC>EN</LG.DOC><NO.SEQ>0001.0001</NO.SEQ><PAGE.FIRST>7</PAGE.FIRST><PAGE.SEQ>1</PAGE.SEQ><PAGE.LAST>8</PAGE.LAST><PAGE.TOTAL>2</PAGE.TOTAL></BIB.INSTANCE><TITLE><TI><P>ANNEX</P></TI><STI><P>List of reference standards and specifications referred to in Article 4</P></STI></TITLE><CONTENTS><LIST TYPE="ARAB"><ITEM><NP><NO.P>(1)</NO.P><TXT>For qualified trust services for the issuance of qualified certificates for electronic signatures: clauses 5.2, 6.1, 6.4, 6.5, 6.8 and 6.9 of the standard as referenced and adapted in point 1 of Annex I to Commission Implementing Regulation (EU) 2025/1943<NOTE NOTE.ID="E0001" NUMBERING="ARAB" NUMBERING.CONTINUED="YES" TYPE="FOOTNOTE"><P>Commission Implementing Regulation (EU) 2025/1943 of <DATE ISO="20250929">29 September 2025</DATE> laying down rules for the application of Regulation (EU) No 910/2014 of the European Parliament and of the Council as regards reference standards for qualified certificates for electronic signatures and qualified certificates for electronic seals(<REF.DOC COLL="L" CONTEXT="EUR-LEX" DATE.PUB="20250930" NO.DOC="1943" URI="http://data.europa.eu/eli/reg_impl/2025/1943/oj">OJ L, 2025/1943, 30.9.2025, ELI: http://data.europa.eu/eli/reg_impl/2025/1943/oj</REF.DOC>).</P></NOTE>.</TXT></NP></ITEM><ITEM><NP><NO.P>(2)</NO.P><TXT>For qualified trust services for the issuance of qualified certificates for electronic seals: clauses 5.2, 6.1, 6.4, 6.5, 6.8 and 6.9 of the standard as referenced and adapted in point 1 of Annex II to Implementing Regulation (EU) 2025/1943.</TXT></NP></ITEM><ITEM><NP><NO.P>(3)</NO.P><TXT>For qualified trust services for the issuance of qualified certificates for website authentication: clauses 5.2, 6.1, 6.4, 6.5, 6.8 and 6.9 of the standard as referenced and adapted in Annex to Implementing Regulation (EU) 2025/1943.</TXT></NP></ITEM><ITEM><NP><NO.P>(4)</NO.P><TXT>For qualified validation services for qualified electronic signatures: clauses 5, 6 and 7 of the standard as referenced and adapted in point 1 of the Annex to Commission Implementing Regulation (EU) 2025/1942<NOTE NOTE.ID="E0002" NUMBERING="ARAB" NUMBERING.CONTINUED="YES" TYPE="FOOTNOTE"><P>Commission Implementing Regulation (EU) 2025/1942 of <DATE ISO="20250929">29 September 2025</DATE> laying down rules for the application of Regulation (EU) No 910/2014 of the European Parliament and of the Council as regards qualified validation services for qualified electronic signatures and qualified validation services for qualified electronic seals (<REF.DOC COLL="L" CONTEXT="EUR-LEX" DATE.PUB="20250930" NO.DOC="1942" URI="http://data.europa.eu/eli/reg_impl/2025/1942/oj">OJ L, 2025/1942, 30.9.2025, ELI: http://data.europa.eu/eli/reg_impl/2025/1942/oj</REF.DOC>).</P></NOTE>.</TXT></NP></ITEM><ITEM><NP><NO.P>(5)</NO.P><TXT>For qualified validation services for qualified electronic seals: clauses 5, 6 and 7 of the standard as referenced and adapted in point 1 of the Annex to Implementing Regulation (EU) 2025/1942.</TXT></NP></ITEM><ITEM><NP><NO.P>(6)</NO.P><TXT>For qualified preservation services for qualified electronic signatures: clauses 5, 6 and 7 of the standard as referenced and adapted in point 1 of the Annex to Commission Implementing Regulation (EU) 2025/1946<NOTE NOTE.ID="E0003" NUMBERING="ARAB" NUMBERING.CONTINUED="YES" TYPE="FOOTNOTE"><P>Commission Implementing Regulation (EU) 2025/1946 of <DATE ISO="20250929">29 September 2025</DATE> laying down rules for the application of Regulation (EU) No 910/2014 of the European Parliament and of the Council as regards qualified preservation services for qualified electronic signatures and for qualified electronic seals (<REF.DOC COLL="L" CONTEXT="EUR-LEX" DATE.PUB="20250930" NO.DOC="1946" URI="http://data.europa.eu/eli/reg_impl/2025/1946/oj">OJ L, 2025/1946, 30.9.2025, ELI: http://data.europa.eu/eli/reg_impl/2025/1946/oj</REF.DOC>).</P></NOTE>.</TXT></NP></ITEM><ITEM><NP><NO.P>(7)</NO.P><TXT>For qualified preservation services for qualified electronic seals: clauses 5, 6 and 7 of the standard as referenced and adapted in point 1 of the Annex to Implementing Regulation (EU) 2025/1946.</TXT></NP></ITEM><ITEM><NP><NO.P>(8)</NO.P><TXT>For qualified trust services for the creation of qualified electronic timestamps: clauses 5, 6 and 7 of the standard as referenced and adapted in point 1 of the Annex to Commission Implementing Regulation (EU) 2025/1929<NOTE NOTE.ID="E0004" NUMBERING="ARAB" NUMBERING.CONTINUED="YES" TYPE="FOOTNOTE"><P>Commission Implementing Regulation (EU) 2025/1929 of <DATE ISO="20250929">29 September 2025</DATE> laying down rules for the application of Regulation (EU) No 910/2014 of the European Parliament and of the Council as regards the binding of date and time to data and establishing the accuracy of the time sources for the provision of qualified electronic time stamps (<REF.DOC COLL="L" CONTEXT="EUR-LEX" DATE.PUB="20250930" NO.DOC="1929" URI="http://data.europa.eu/eli/reg_impl/2025/1929/oj">OJ L, 2025/1929, 30.9.2025, ELI: http://data.europa.eu/eli/reg_impl/2025/1929/oj</REF.DOC>).</P></NOTE>.</TXT></NP></ITEM><ITEM><NP><NO.P>(9)</NO.P><TXT>For qualified electronic registered delivery services: clauses 4, 6 and 7 of the standard as referenced and adapted in Annex I to Commission Implementing Regulation (EU) 2025/1944<NOTE NOTE.ID="E0005" NUMBERING="ARAB" NUMBERING.CONTINUED="YES" TYPE="FOOTNOTE"><P>Commission Implementing Regulation (EU) 2025/1944 of <DATE ISO="20250929">29 September 2025</DATE> laying down rules for the application of Regulation (EU) No 910/2014 of the European Parliament and of the Council as regards reference standards for processes for sending and receiving data in qualified electronic registered delivery services and as regards interoperability of those services (<REF.DOC COLL="L" CONTEXT="EUR-LEX" DATE.PUB="20250930" NO.DOC="1944" URI="http://data.europa.eu/eli/reg_impl/2025/1944/oj">OJ L, 2025/1944, 30.9.2025, ELI: http://data.europa.eu/eli/reg_impl/2025/1944/oj</REF.DOC>).</P></NOTE>.</TXT></NP></ITEM><?PAGE NO="8"?><ITEM><NP><NO.P>(10)</NO.P><TXT>For qualified services for the management of remote qualified electronic signature creation devices: clauses 5, 6.1, 6.4, 6.5, 6.7 and 6.8 of the standard as referenced and adapted in the Annex to Implementing Regulation (EU) 2025/1567<NOTE NOTE.ID="E0006" NUMBERING="ARAB" NUMBERING.CONTINUED="YES" TYPE="FOOTNOTE"><P>Commission Implementing Regulation (EU) 2025/1567 of <DATE ISO="20250729">29 July 2025</DATE> laying down rules for the application of Regulation (EU) No 910/2014 of the European Parliament and of the Council as regards the management of remote qualified electronic signature creation devices and of remote qualified electronic seal creation devices as qualified trust services (<REF.DOC COLL="L" CONTEXT="EUR-LEX" DATE.PUB="20250730" NO.DOC="1567" URI="http://data.europa.eu/eli/reg_impl/2025/1567/oj">OJ L, 2025/1567, 30.7.2025, ELI: http://data.europa.eu/eli/reg_impl/2025/1567/oj</REF.DOC>).</P></NOTE>.</TXT></NP></ITEM><ITEM><NP><NO.P>(11)</NO.P><TXT>For qualified services for the management of remote qualified electronic seal creation devices: clauses 5, 6.1, 6.4, 6.5, 6.7 and 6.8 of the standard as referenced and adapted in the Annex to Implementing Regulation (EU) 2025/1567.</TXT></NP></ITEM><ITEM><NP><NO.P>(12)</NO.P><TXT>For qualified electronic archiving services: clauses 6 and 7 of the standard as referenced and adapted in the Annex to Commission Implementing Regulation (EU) 2025/2532<NOTE NOTE.ID="E0007" NUMBERING="ARAB" NUMBERING.CONTINUED="YES" TYPE="FOOTNOTE"><P>Commission Implementing Regulation (EU) 2025/2532 of <DATE ISO="20251216">16 December 2025</DATE> laying down rules for the application of Regulation (EU) No 910/2014 of the European Parliament and of the Council as regards reference standards and specifications for qualified electronic archiving services (<REF.DOC COLL="L" CONTEXT="EUR-LEX" DATE.PUB="20251217" NO.DOC="2532" URI="http://data.europa.eu/eli/reg_impl/2025/2532/oj">OJ L, 2025/2532, 17.12.2025, ELI: http://data.europa.eu/eli/reg_impl/2025/2532/oj</REF.DOC>).</P></NOTE>.</TXT></NP></ITEM><ITEM><NP><NO.P>(13)</NO.P><TXT>For qualified trust services for the issuance of qualified electronic attestation of attributes: the standard referenced in Annex I to Commission Implementing Regulation (EU) 2025/1569<NOTE NOTE.ID="E0008" NUMBERING="ARAB" NUMBERING.CONTINUED="YES" TYPE="FOOTNOTE"><P>Commission Implementing Regulation (EU) 2025/1569 of <DATE ISO="20250729">29 July 2025</DATE> laying down rules for the application of Regulation (EU) No 910/2014 of the European Parliament and of the Council as regards qualified electronic attestations of attributes and electronic attestations of attributes provided by or on behalf of a public sector body responsible for an authentic source (<REF.DOC COLL="L" CONTEXT="EUR-LEX" DATE.PUB="20250730" NO.DOC="1569" URI="http://data.europa.eu/eli/reg_impl/2025/1569/oj">OJ L, 2025/1569, 30.7.2025, ELI: http://data.europa.eu/eli/reg_impl/2025/1569/oj</REF.DOC>).</P></NOTE>.</TXT></NP></ITEM><ITEM><NP><NO.P>(14)</NO.P><TXT>For qualified trust services for the recording of electronic data in a qualified electronic ledger: the standard as referenced and adapted in point 3(a) of Annex to Commission Implementing Regulation (EU) 2025/2531<NOTE NOTE.ID="E0009" NUMBERING="ARAB" NUMBERING.CONTINUED="YES" TYPE="FOOTNOTE"><P>Commission Implementing Regulation (EU) 2025/2531 of <DATE ISO="20251216">16 December 2025</DATE> laying down rules for the application of Regulation (EU) No 910/2014 of the European Parliament and of the Council as regards reference standards and specifications for qualified electronic ledgers (<REF.DOC COLL="L" CONTEXT="EUR-LEX" DATE.PUB="20251217" NO.DOC="2531" URI="http://data.europa.eu/eli/reg_impl/2025/2531/oj">OJ L, 2025/2531, 17.12.2025, ELI: http://data.europa.eu/eli/reg_impl/2025/2531/oj</REF.DOC>).</P></NOTE>.</TXT></NP></ITEM></LIST></CONTENTS></ANNEX>
