<?xml version="1.0" encoding="UTF-8"?>
<ANNEX xmlns:xsi="http://www.w3.org/2001/XMLSchema-instance" xsi:noNamespaceSchemaLocation="http://formex.publications.europa.eu/schema/formex-06.02.3-20250123.xd" NNC="YES"><BIB.INSTANCE><DOCUMENT.REF FILE="L_202501944EN.doc.fmx.xml"><COLL>L</COLL><NO.DOC FORMAT="YN" TYPE="OJ"><COM>EU</COM><YEAR>2025</YEAR><NO.CURRENT>1944</NO.CURRENT></NO.DOC><LG.OJ>EN</LG.OJ><PAGE.FIRST>1</PAGE.FIRST><PAGE.SEQ>1</PAGE.SEQ><VOLUME.REF>01</VOLUME.REF></DOCUMENT.REF><DATE ISO="20250929">20250929</DATE><LG.DOC>EN</LG.DOC><NO.SEQ>0001.0002</NO.SEQ><PAGE.FIRST>8</PAGE.FIRST><PAGE.SEQ>1</PAGE.SEQ><PAGE.LAST>8</PAGE.LAST><PAGE.TOTAL>1</PAGE.TOTAL></BIB.INSTANCE><TITLE><TI><P>ANNEX II</P></TI><STI><P>List of reference standards and specifications referred to in Article 2</P></STI></TITLE><CONTENTS><P>The standards ETSI EN <FT TYPE="NUMBER">319522</FT>-1 V1.2.1 (2024-01) (<QUOT.START CODE="2018" ID="QS0001" REF.END="QE0001"/>ETSI EN <FT TYPE="NUMBER">319522</FT>-1<QUOT.END CODE="2019" ID="QE0001" REF.START="QS0001"/>), ETSI EN <FT TYPE="NUMBER">319522</FT>-2 V1.2.1 (2024-01) (<QUOT.START CODE="2018" ID="QS0002" REF.END="QE0002"/>ETSI EN <FT TYPE="NUMBER">319522</FT>-2<QUOT.END CODE="2019" ID="QE0002" REF.START="QS0002"/>), ETSI EN <FT TYPE="NUMBER">319522</FT>-3 V1.2.1 (2024-01) (<QUOT.START CODE="2018" ID="QS0003" REF.END="QE0003"/>ETSI EN <FT TYPE="NUMBER">319522</FT>-3<QUOT.END CODE="2019" ID="QE0003" REF.START="QS0003"/>), ETSI EN <FT TYPE="NUMBER">319522</FT>-4-1 V1.2.1 (2019-01) (<QUOT.START CODE="2018" ID="QS0004" REF.END="QE0004"/>ETSI EN <FT TYPE="NUMBER">319522</FT>-4-1<QUOT.END CODE="2019" ID="QE0004" REF.START="QS0004"/>), ETSI EN <FT TYPE="NUMBER">319522</FT>-4-2 V1.1.1 (2018-09) (<QUOT.START CODE="2018" ID="QS0005" REF.END="QE0005"/>ETSI EN <FT TYPE="NUMBER">319522</FT>-4-2<QUOT.END CODE="2019" ID="QE0005" REF.START="QS0005"/>) and ETSI EN <FT TYPE="NUMBER">319522</FT>-4-3 V1.1.1 (2018-09) (<QUOT.START CODE="2018" ID="QS0006" REF.END="QE0006"/>ETSI EN <FT TYPE="NUMBER">319522</FT>-4-3<QUOT.END CODE="2019" ID="QE0006" REF.START="QS0006"/>) apply.</P></CONTENTS></ANNEX>
