<?xml version="1.0" encoding="UTF-8"?>
<ANNEX xmlns:xsi="http://www.w3.org/2001/XMLSchema-instance" xsi:noNamespaceSchemaLocation="http://formex.publications.europa.eu/schema/formex-06.02.3-20250123.xd" NNC="YES"><BIB.INSTANCE><DOCUMENT.REF FILE="L_202501944EN.doc.fmx.xml"><COLL>L</COLL><NO.DOC FORMAT="YN" TYPE="OJ"><COM>EU</COM><YEAR>2025</YEAR><NO.CURRENT>1944</NO.CURRENT></NO.DOC><LG.OJ>EN</LG.OJ><PAGE.FIRST>1</PAGE.FIRST><PAGE.SEQ>1</PAGE.SEQ><VOLUME.REF>01</VOLUME.REF></DOCUMENT.REF><DATE ISO="20250929">20250929</DATE><LG.DOC>EN</LG.DOC><NO.SEQ>0001.0001</NO.SEQ><PAGE.FIRST>3</PAGE.FIRST><PAGE.SEQ>1</PAGE.SEQ><PAGE.LAST>7</PAGE.LAST><PAGE.TOTAL>5</PAGE.TOTAL></BIB.INSTANCE><TITLE><TI><P>ANNEX I</P></TI><STI><P>List of reference standards and specifications referred to in Article 1</P></STI></TITLE><CONTENTS><P>The standard ETSI EN <FT TYPE="NUMBER">319521</FT> V1.1.1 (2019-02) (<QUOT.START CODE="2018" ID="QS0001" REF.END="QE0001"/>ETSI EN <FT TYPE="NUMBER">319521</FT><QUOT.END CODE="2019" ID="QE0001" REF.START="QS0001"/>) applies with the following adaptations:</P><LIST TYPE="ARAB"><ITEM><NP><NO.P>1.</NO.P><TXT>For ETSI EN <FT TYPE="NUMBER">319521</FT></TXT><P><LIST TYPE="ARAB"><ITEM><NP><NO.P>(1)</NO.P><TXT>2.1 Normative references:</TXT><P><LIST TYPE="DASH"><ITEM><P>[1] ETSI EN <FT TYPE="NUMBER">319401</FT> V3.1.1 (2024-06) <QUOT.START CODE="2018" ID="QS0002" REF.END="QE0002"/>Electronic Signatures and Infrastructures (ESI); General Policy Requirements for Trust Service Providers<QUOT.END CODE="2019" ID="QE0002" REF.START="QS0002"/>.</P></ITEM><ITEM><P>[2] ETSI EN <FT TYPE="NUMBER">319411</FT>-1 V1.5.1 (2025-04) <QUOT.START CODE="2018" ID="QS0003" REF.END="QE0003"/>Electronic Signatures and Infrastructures (ESI); Policy and security requirements for Trust Service Providers issuing certificates; Part 1: General requirements<QUOT.END CODE="2019" ID="QE0003" REF.START="QS0003"/>.</P></ITEM><ITEM><P>[3] ETSI EN <FT TYPE="NUMBER">319522</FT>-1 V1.2.1 (2024-01) <QUOT.START CODE="2018" ID="QS0004" REF.END="QE0004"/>Electronic Signatures and Infrastructures (ESI); Electronic Registered Delivery Services; Part 1: Framework and Architecture<QUOT.END CODE="2019" ID="QE0004" REF.START="QS0004"/>.</P></ITEM><ITEM><P>[4] ETSI EN <FT TYPE="NUMBER">319522</FT>-2 V1.2.1 (2024-01) <QUOT.START CODE="2018" ID="QS0005" REF.END="QE0005"/>Electronic Signatures and Infrastructures (ESI); Electronic Registered Delivery Services; Part 2: Semantic content<QUOT.END CODE="2019" ID="QE0005" REF.START="QS0005"/>.</P></ITEM><ITEM><P>[5] European Cybersecurity Certification Group, Sub-group on Cryptography: <QUOT.START CODE="2018" ID="QS0006" REF.END="QE0006"/>Agreed Cryptographic Mechanisms<QUOT.END CODE="2019" ID="QE0006" REF.START="QS0006"/> published by the European Union Agency for Cybersecurity (<QUOT.START CODE="2018" ID="QS0007" REF.END="QE0007"/>ENISA<QUOT.END CODE="2019" ID="QE0007" REF.START="QS0007"/>)<NOTE TYPE="FOOTNOTE" NUMBERING.CONTINUED="YES" NOTE.ID="E0001" NUMBERING="ARAB"><P><LINK URI="https://certification.enisa.europa.eu/publications/eucc-guidelines-cryptography_en">https://certification.enisa.europa.eu/publications/eucc-guidelines-cryptography_en</LINK>.</P></NOTE>.</P></ITEM><ITEM><P>[6] ISO/IEC 15408-1:2022 – Information security, cybersecurity and privacy protection – Evaluation criteria for IT security.</P></ITEM><ITEM><P>[7] Commission Implementing Regulation (EU) 2024/482<NOTE TYPE="FOOTNOTE" NUMBERING.CONTINUED="YES" NOTE.ID="E0002" NUMBERING="ARAB"><P><REF.DOC COLL="L" DATE.PUB="20240207" NO.DOC="482" URI="http://data.europa.eu/eli/reg_impl/2024/482/oj" CONTEXT="EUR-LEX">OJ L, 2024/482, 7.2.2024, ELI: http://data.europa.eu/eli/reg_impl/2024/482/oj</REF.DOC>.</P></NOTE> laying down rules for the application of Regulation (EU) 2019/881 of the European Parliament and of the Council as regards the adoption of the European Common Criteria-based cybersecurity certification scheme (EUCC).</P></ITEM><ITEM><P>[8] Commission Implementing Regulation (EU) 2024/3144<NOTE TYPE="FOOTNOTE" NUMBERING.CONTINUED="YES" NOTE.ID="E0003" NUMBERING="ARAB"><P><REF.DOC COLL="L" DATE.PUB="20241219" NO.DOC="3144" URI="http://data.europa.eu/eli/reg_impl/2024/3144/oj" CONTEXT="EUR-LEX">OJ L, 2024/3144, 19.12.2024, ELI: http://data.europa.eu/eli/reg_impl/2024/3144/oj</REF.DOC>.</P></NOTE> amending Implementing Regulation (EU) 2024/482 as regards applicable international standards and correcting that Implementing Regulation.</P></ITEM><ITEM><P>[9] FIPS PUB 140-3 (2019) <QUOT.START CODE="2018" ID="QS0008" REF.END="QE0008"/>Security Requirements for Cryptographic Modules<QUOT.END CODE="2019" ID="QE0008" REF.START="QS0008"/>.</P></ITEM></LIST></P></NP></ITEM><ITEM><NP><NO.P>(2)</NO.P><TXT>3.1 Terms</TXT><P><LIST TYPE="DASH"><ITEM><P>advanced electronic seal: As defined in Regulation (EU) No 910/2014 [i.1].</P></ITEM><ITEM><P>advanced electronic signature: As defined in Regulation (EU) No 910/2014 [i.1].</P></ITEM><ITEM><P>qualified electronic seal: As defined in Regulation (EU) No 910/2014 [i.1].</P></ITEM><ITEM><P>qualified electronic signature: As defined in Regulation (EU) No 910/2014 [i.1].</P></ITEM><ITEM><P>secure cryptographic device: device which holds the user’s private key, protects this key against compromise and performs signing or decryption functions on behalf of the user.</P></ITEM></LIST></P></NP></ITEM><?PAGE NO="4"?><ITEM><NP><NO.P>(3)</NO.P><TXT>5.1.1 Common provisions</TXT><P><LIST TYPE="DASH"><ITEM><P>REQ-ERDS-5.1.1-01 The ERDS shall ensure that availability, integrity and confidentiality of the user content is adequately guaranteed while it is handled by the ERDS, selecting suitable integrity and confidentiality cryptographic techniques compliant with the Agreed Cryptographic Mechanisms endorsed by the European Cybersecurity Certification Group and published by ENISA [5].</P></ITEM></LIST></P></NP></ITEM><ITEM><NP><NO.P>(4)</NO.P><TXT>5.2.1.1 General</TXT><P><LIST TYPE="DASH"><ITEM><P>REQ-QERDS-5.2.1.1-01 The QERDSP shall verify with a very high level of confidence the identity of the recipient either directly or by relying on a third party, and by using one of the following means or a combination thereof as required:</P><P><LIST TYPE="alpha"><ITEM><NP><NO.P>(a)</NO.P><TXT>through the physical presence of the natural person or of an authorised representative of the legal person, by means of appropriate evidence and procedures, in accordance with national law;</TXT></NP></ITEM><ITEM><NP><NO.P>(b)</NO.P><TXT>remotely, using an electronic identification means, which meets the requirements set out in Article 8 of Regulation (EU) No 910/2014 [i.1] with regard to the assurance level <QUOT.START CODE="2018" ID="QS0009" REF.END="QE0009"/>high<QUOT.END CODE="2019" ID="QE0009" REF.START="QS0009"/>, or by means of the European Digital Identity Wallet;</TXT></NP></ITEM><ITEM><NP><NO.P>(c)</NO.P><TXT>by means of a certificate of a qualified electronic signature or of a qualified electronic seal;</TXT></NP></ITEM><ITEM><NP><NO.P>(d)</NO.P><TXT>by using other identification methods, which ensure that the natural person or the authorised representative of the legal person can be identified with a very high level of confidence. The assurance that this identification is performed with a very high level of confidence shall be confirmed by a conformity assessment body.</TXT></NP></ITEM></LIST></P></ITEM><ITEM><P>REQ-QERDS-5.2.1.1-01A The QERDSP shall verify the identity of the sender by appropriate means, either directly or by relying on a third party, on the basis of one of the following methods or on a combination thereof:</P><P><LIST TYPE="alpha"><ITEM><NP><NO.P>(a)</NO.P><TXT>through the physical presence of the natural person or of an authorised representative of the legal person, by means of appropriate evidence and procedures, in accordance with national law;</TXT></NP></ITEM><ITEM><NP><NO.P>(b)</NO.P><TXT>remotely, by means of the European Digital Identity Wallet or a notified electronic identification means which meets the requirements set out in Article 8 of Regulation (EU) No 910/2014 [i.1] with regard to the assurance level <QUOT.START CODE="2018" ID="QS0010" REF.END="QE0010"/>substantial<QUOT.END CODE="2019" ID="QE0010" REF.START="QS0010"/> provided that it has been issued based on prior physical presence of the natural person or of an authorised representative of the legal person;</TXT></NP></ITEM><ITEM><NP><NO.P>(c)</NO.P><TXT>by means of a certificate of an advanced electronic signature or of an advanced electronic seal, provided the certificate has been issued to the natural person or to an authorised representative of the legal person under Normalised Certificate Policy (NCP) as defined in ETSI EN <FT TYPE="NUMBER">319411</FT>-1 [2]; or</TXT></NP></ITEM><ITEM><NP><NO.P>(d)</NO.P><TXT>by using other identification methods, which ensure that the natural person or the authorised representative of the legal person can be identified with a very high level of confidence. The assurance that this identification is performed with a high level of confidence shall be confirmed by a conformity assessment body.</TXT></NP></ITEM></LIST></P></ITEM><ITEM><P>NOTE The third party verifying the identity of the sender and the recipient may be another QERDSP if the sender and the recipient are subscribed to different QERDSPs.</P></ITEM></LIST></P></NP></ITEM><?PAGE NO="5"?><ITEM><NP><NO.P>(5)</NO.P><TXT>5.2.1.2 Recipient identification and handover of user content</TXT><P><LIST TYPE="DASH"><ITEM><P>REQ-QERDS-5.2.1.2-03 If the identification of the recipient is based on a QERDS internal process, the QERDSP shall conduct the whole process in a secured and controlled environment.</P></ITEM></LIST></P></NP></ITEM><ITEM><NP><NO.P>(6)</NO.P><TXT>5.2.2 Provisions for EU QERDS authentication</TXT><P><LIST TYPE="DASH"><ITEM><P>REQ-QERDS-5.2.2-03 [CONDITIONAL] When the QERDSP binds means of authentication to a sender identity verified as per clause 5.2.1, it shall be one of the following:</P><P><LIST TYPE="alpha"><ITEM><NP><NO.P>(a)</NO.P><TXT>two factor authentication mechanisms;</TXT></NP></ITEM><ITEM><NP><NO.P>(b)</NO.P><TXT>European Digital Identity Wallet or a notified electronic identification means which meets the requirements set out in Article 8 of Regulation (EU) No 910/2014 [i.1] with regard to the assurance level <QUOT.START CODE="2018" ID="QS0011" REF.END="QE0011"/>high<QUOT.END CODE="2019" ID="QE0011" REF.START="QS0011"/> or <QUOT.START CODE="2018" ID="QS0012" REF.END="QE0012"/>substantial<QUOT.END CODE="2019" ID="QE0012" REF.START="QS0012"/>;</TXT></NP></ITEM><ITEM><NP><NO.P>(c)</NO.P><TXT>a mutual TLS authentication, which includes the certificate issued to the sender under NCP as defined in ETSI EN <FT TYPE="NUMBER">319411</FT>-1 [2];</TXT></NP></ITEM><ITEM><NP><NO.P>(d)</NO.P><TXT>a digital signature supported by a certificate issued under NCP as defined in ETSI EN <FT TYPE="NUMBER">319411</FT>-1 [2];</TXT></NP></ITEM><ITEM><NP><NO.P>(e)</NO.P><TXT>other means that ensure the authentication of the identified sender. The conformity of the binding shall be confirmed by a conformity assessment body. Example: This can include the use of one of the above means from letters (a), (b) and (d) to register a Transport Layer Security (TLS) client certificate for automated sending via mutual TLS, or to register a digital seal certificate used to seal assertions to authenticate with the ERDS. Other mechanisms where the identified senders are making use of delegated third-party services can also apply.</TXT></NP></ITEM></LIST></P></ITEM><ITEM><P>REQ-QERDS-5.2.2-03A [CONDITIONAL] When the QERDSP binds means of authentication to a recipient identity verified as per clause 5.2.1, it shall be one of the following, provided that the means, or any combination of means, ensure very high level of confidence regarding the identity of the authenticated recipient:</P><P><LIST TYPE="alpha"><ITEM><NP><NO.P>(a)</NO.P><TXT>a multi factor authentication mechanism</TXT></NP></ITEM><ITEM><NP><NO.P>(b)</NO.P><TXT>European Digital Identity Wallet or a notified electronic identification means which meets the requirements set out in Article 8 of Regulation (EU) No 910/2014 [i.1] with regard to the assurance level <QUOT.START CODE="2018" ID="QS0013" REF.END="QE0013"/>high<QUOT.END CODE="2019" ID="QE0013" REF.START="QS0013"/> or <QUOT.START CODE="2018" ID="QS0014" REF.END="QE0014"/>substantial<QUOT.END CODE="2019" ID="QE0014" REF.START="QS0014"/>;</TXT></NP></ITEM><ITEM><NP><NO.P>(c)</NO.P><TXT>a certificate of a qualified electronic signature or of a qualified electronic seal;</TXT></NP></ITEM><ITEM><NP><NO.P>(d)</NO.P><TXT>other means that ensure the authentication of the identified recipient. The conformity of the binding shall be confirmed by a conformity assessment body. Example: This can include the use of one of the above means from letters (a) to (c) to register a Transport Layer Security (TLS) client certificate for automated sending via mutual TLS, or to register a digital seal certificate used to seal assertions to authenticate with the ERDS. Other mechanisms where the identified senders are making use of delegated third-party services can also apply.</TXT></NP></ITEM></LIST></P></ITEM><ITEM><P>REQ-QERDS-5.2.2-04 [CONDITIONAL] If the sender connects to the QERDS on a secured connection which requires machine-to-machine mutual authentication between the sender’s machine and the QERDS’s server based on certificates issued according to NCP as defined in ETSI EN <FT TYPE="NUMBER">319411</FT>-1 [2], then after this secure connection has been established, single factor authentication mechanisms may be adopted for a second phase of sender authentication if the organisational procedures and security measures put in place ensure confidence in the authentication of the sender.</P></ITEM></LIST></P></NP></ITEM><?PAGE NO="6"?><ITEM><NP><NO.P>(7)</NO.P><TXT>5.4.1 Common provisions</TXT><P><LIST TYPE="DASH"><ITEM><P>REQ-ERDS-5.4.1-06 The ERDS shall generate and make available to legitimate interested parties ERDS evidence about ERD events as defined in clause 6 of ETSI EN <FT TYPE="NUMBER">319522</FT>-1 [3].</P></ITEM><ITEM><P>REQ-ERDS-5.4.1-07 The ERDSP shall archive the evidence and/or evidence digests for each evidence that it issued.</P></ITEM><ITEM><P>REQ-ERDS-5.4.1-08 The ERDS evidence generated by the ERDS shall comply with evidence semantic defined in clause 8 of ETSI EN <FT TYPE="NUMBER">319522</FT>-2 [4].</P></ITEM></LIST></P></NP></ITEM><ITEM><NP><NO.P>(8)</NO.P><TXT>7.2.1 Common provisions</TXT><P><LIST TYPE="DASH"><ITEM><P>REQ-ERDS-7.2.1-02 The ERDSP’s personnel in trusted roles shall be able to fulfil the requirement of <QUOT.START CODE="2018" ID="QS0015" REF.END="QE0015"/>expert knowledge, experience and qualifications<QUOT.END CODE="2019" ID="QE0015" REF.START="QS0015"/> through formal training and credentials, or actual experience, or a combination of the two.</P></ITEM><ITEM><P>REQ-ERDS-7.2.1-03 Compliance with REQ-ERDS-7.2.1-02 shall include regular updates (at least every 12 months) on new threats and current security practices.</P></ITEM></LIST></P></NP></ITEM><ITEM><NP><NO.P>(9)</NO.P><TXT>7.3.2 Media handling</TXT><P><LIST TYPE="DASH"><ITEM><P>REQ-ERDS-7.3.1-02 All requirements from ETSI EN <FT TYPE="NUMBER">319401</FT> [1], clause 7.3.3 shall apply.</P></ITEM></LIST></P></NP></ITEM><ITEM><NP><NO.P>(10)</NO.P><TXT>7.5 Cryptographic controls</TXT><P><LIST TYPE="DASH"><ITEM><P>REQ-ERDS-7.5-01A The ERDS shall select and use suitable cryptographic techniques in accordance with the Agreed Cryptographic Mechanisms endorsed by the European Cybersecurity Certification Group and published by ENISA [5].</P></ITEM><ITEM><P>REQ-ERDSP-7.5-03 The ERDS signing private key shall be held and used within a secure cryptographic device which is a trustworthy system certified in accordance with:</P><P><LIST TYPE="alpha"><ITEM><NP><NO.P>(a)</NO.P><TXT>Common Criteria for Information Technology Security Evaluation, as set out in ISO/IEC 15408 [6] or in Common Criteria for Information Technology Security Evaluation, version CC:2002, Parts 1 through 5, published by the participants of the Arrangement on the Recognition of Common Criteria Certificates in the field of IT Security, and certified to EAL 4 or higher; or</TXT></NP></ITEM><ITEM><NP><NO.P>(b)</NO.P><TXT>the European Common Criteria-based cybersecurity certification scheme (EUCC) [7][8], and certified to EAL 4 or higher; or</TXT></NP></ITEM><ITEM><NP><NO.P>(c)</NO.P><TXT>until <DATE ISO="20301231">31.12.2030</DATE>, FIPS PUB 140-3 [9] level 3.</TXT></NP></ITEM></LIST></P><P>This certification shall be to a security target or protection profile, or to a module design and security documentation, which meets the requirements of the present document, based on a risk analysis and taking into account physical and other non-technical security measures.</P><P>If the secure cryptographic device benefits from an EUCC [7][8] certification, then this device shall be configured and used in accordance with that certification.</P></ITEM></LIST></P></NP></ITEM><ITEM><NP><NO.P>(11)</NO.P><TXT>7.8 Network security</TXT><P><LIST TYPE="DASH"><ITEM><P>REQ-ERDSP-7.8-04 The ERDSP shall use state-of-the-art protocols and algorithms for encryption on transport layer level in compliance with the Agreed Cryptographic Mechanisms endorsed by the European Cybersecurity Certification Group and published by ENISA [5].</P></ITEM><?PAGE NO="7"?><ITEM><P>REQ-ERDSP-7.8-06 The vulnerability scan requested by REQ-7.8-13 of ETSI EN <FT TYPE="NUMBER">319401</FT> [1] shall be performed at least once per quarter.</P></ITEM><ITEM><P>REQ-ERDSP-7.8-07 The penetration test requested by REQ-7.8-17X of ETSI EN <FT TYPE="NUMBER">319401</FT> [1] shall be performed at least once per year.</P></ITEM><ITEM><P>REQ-ERDSP-7.8-08 Firewalls shall be configured to prevent all protocols and accesses not required for the operation of the TSP.</P></ITEM></LIST></P></NP></ITEM><ITEM><NP><NO.P>(12)</NO.P><TXT>7.12 ERDSP termination and ERDS termination plans</TXT><P><LIST TYPE="DASH"><ITEM><P>REQ-ERDS-7.12-03 The ERDSP’s termination plan shall comply with the requirements set out in the implementing acts adopted pursuant to Article 24(5) of Regulation (EU) No 910/2014 [i.1].</P></ITEM></LIST></P></NP></ITEM><ITEM><NP><NO.P>(13)</NO.P><TXT>7.14 Supply chain</TXT><P><LIST TYPE="DASH"><ITEM><P>REQ-ERDS-7.14-01 The requirements specified in ETSI EN <FT TYPE="NUMBER">319401</FT> [1], clause 7.14 shall apply.</P></ITEM></LIST></P></NP></ITEM></LIST></P></NP></ITEM></LIST></CONTENTS></ANNEX>
