<?xml version="1.0" encoding="UTF-8"?>
<DOC xmlns:xsi="http://www.w3.org/2001/XMLSchema-instance" xsi:noNamespaceSchemaLocation="http://formex.publications.europa.eu/schema/formex-05.59-20170418.xd"><BIB.DOC><PROD.ID>20221209095</PROD.ID><FIN.ID>418799</FIN.ID><NO.DOC FORMAT="YN" TYPE="OJ"><NO.CURRENT>2555</NO.CURRENT><YEAR>2022</YEAR><COM>EU</COM></NO.DOC><DURAB TYPE="DUR"/><AUTHOR>CONSIL</AUTHOR></BIB.DOC><PUBLICATION.REF FILE="L_2022333EN.toc.xml"><COLL>L</COLL><NO.OJ>333</NO.OJ><DATE ISO="20221227">20221227</DATE><LG.OJ>EN</LG.OJ><VOLUME.REF>01</VOLUME.REF></PUBLICATION.REF><FMX><DOC.MAIN.PUB NO.SEQ="0002" SYNOPTISM="D0002"><LG.DOC>EN</LG.DOC><LEGAL.VALUE>DIR</LEGAL.VALUE><DATE ISO="20221214">20221214</DATE><PAGE.FIRST>80</PAGE.FIRST><PAGE.LAST>142</PAGE.LAST><PAGE.TOTAL>63</PAGE.TOTAL><PAGE.SEQ>1</PAGE.SEQ><REF.PHYS FILE="L_2022333EN.01008001.xml" TYPE="DOC.XML"/></DOC.MAIN.PUB><DOC.SUB.PUB NO.SEQ="0002.0001" SYNOPTISM="D0002.0001" TYPE="ANNEX" IN.SUMMARY="NO"><PAGE.FIRST>143</PAGE.FIRST><PAGE.LAST>147</PAGE.LAST><PAGE.TOTAL>5</PAGE.TOTAL><PAGE.SEQ>1</PAGE.SEQ><REF.PHYS FILE="L_2022333EN.01014301.xml" TYPE="DOC.XML"/></DOC.SUB.PUB><DOC.SUB.PUB NO.SEQ="0002.0002" SYNOPTISM="D0002.0002" TYPE="ANNEX" IN.SUMMARY="NO"><PAGE.FIRST>148</PAGE.FIRST><PAGE.LAST>149</PAGE.LAST><PAGE.TOTAL>2</PAGE.TOTAL><PAGE.SEQ>1</PAGE.SEQ><REF.PHYS FILE="L_2022333EN.01014801.xml" TYPE="DOC.XML"/></DOC.SUB.PUB><DOC.SUB.PUB NO.SEQ="0002.0003" SYNOPTISM="D0002.0003" TYPE="ANNEX" IN.SUMMARY="NO"><PAGE.FIRST>150</PAGE.FIRST><PAGE.LAST>152</PAGE.LAST><PAGE.TOTAL>3</PAGE.TOTAL><PAGE.SEQ>1</PAGE.SEQ><REF.PHYS FILE="L_2022333EN.01015001.xml" TYPE="DOC.XML"/></DOC.SUB.PUB></FMX><PAPER><VOLUME.PAPER><ITEM.VOLUME REF.NO.SEQ="0002"><TITLE ID.TITLE="T0001"><TI><P>Directive (EU) 2022/2555 of the European Parliament and of the Council of <DATE ISO="20221214">14 December 2022</DATE> on measures for a high common level of cybersecurity across the Union, amending Regulation (EU) No 910/2014 and Directive (EU) 2018/1972, and repealing Directive (EU) 2016/1148 (NIS 2 Directive)<NOTE NUMBERING="ARAB" TYPE="FOOTNOTE" NOTE.ID="E0001"><P>Text with EEA relevance.</P></NOTE></P></TI></TITLE><ITEM.REF>80</ITEM.REF></ITEM.VOLUME></VOLUME.PAPER></PAPER><PDF><ITEM.VOLUME REF.NO.SEQ="0002"><TITLE REF.TITLE="T0001"/><ITEM.REF REF.PDF="l_33320221227en00800152.pdf">80</ITEM.REF></ITEM.VOLUME></PDF></DOC>
