<?xml version="1.0" encoding="UTF-8"?>
<ANNEX xmlns:xsi="http://www.w3.org/2001/XMLSchema-instance" xsi:noNamespaceSchemaLocation="http://formex.publications.europa.eu/schema/formex-05.59-20170418.xd" NNC="YES"><BIB.INSTANCE><DOCUMENT.REF FILE="L_2022333EN.01008001.doc.xml"><COLL>L</COLL><NO.OJ>333</NO.OJ><YEAR>2022</YEAR><LG.OJ>EN</LG.OJ><PAGE.FIRST>80</PAGE.FIRST><PAGE.SEQ>1</PAGE.SEQ><VOLUME.REF>01</VOLUME.REF></DOCUMENT.REF><DATE ISO="20221214">20221214</DATE><LG.DOC>EN</LG.DOC><NO.SEQ>0002.0002</NO.SEQ><PAGE.FIRST>148</PAGE.FIRST><PAGE.SEQ>1</PAGE.SEQ><PAGE.LAST>149</PAGE.LAST><PAGE.TOTAL>2</PAGE.TOTAL></BIB.INSTANCE><TITLE><TI><P>ANNEX II</P></TI><STI><P>OTHER CRITICAL SECTORS</P></STI></TITLE><CONTENTS><TBL COLS="3" NO.SEQ="0001"><GR.NOTES><NOTE NOTE.ID="E0001" NUMBERING="ARAB" TYPE="TABLE"><P>Directive 2008/98/EC of the European Parliament and of the Council of <DATE ISO="20081119">19 November 2008</DATE> on waste and repealing certain Directives (<REF.DOC.OJ COLL="L" DATE.PUB="20081122" NO.OJ="312" PAGE.FIRST="3">OJ L 312, 22.11.2008, p. 3</REF.DOC.OJ>).</P></NOTE><NOTE NOTE.ID="E0002" NUMBERING="ARAB" TYPE="TABLE"><P>Regulation (EC) No 1907/2006 of the European Parliament and of the Council of <DATE ISO="20061218">18 December 2006</DATE> concerning Registration, Evaluation, Authorisation and Restriction of Chemicals (REACH), establishing a European Chemicals Agency, amending Directive 1999/45/EC and repealing Council Regulation (EEC) No 793/93 and Commission Regulation (EC) No 1488/94 as well as Council Directive 76/769/EEC and Commission Directives 91/155/EEC, 93/67/EEC, 93/105/EC and 2000/21/EC (<REF.DOC.OJ COLL="L" DATE.PUB="20061230" NO.OJ="396" PAGE.FIRST="1">OJ L 396, 30.12.2006, p. 1</REF.DOC.OJ>).</P></NOTE><NOTE NOTE.ID="E0003" NUMBERING="ARAB" TYPE="TABLE"><P>Regulation (EC) No 178/2002 of the European Parliament and of the Council of <DATE ISO="20020128">28 January 2002</DATE> laying down the general principles and requirements of food law, establishing the European Food Safety Authority and laying down procedures in matters of food safety (<REF.DOC.OJ COLL="L" DATE.PUB="20020201" NO.OJ="031" PAGE.FIRST="1">OJ L 31, 1.2.2002, p. 1</REF.DOC.OJ>).</P></NOTE><NOTE NOTE.ID="E0004" NUMBERING="ARAB" TYPE="TABLE"><P>Regulation (EU) 2017/745 of the European Parliament and of the Council of <DATE ISO="20170405">5 April 2017</DATE> on medical devices, amending Directive 2001/83/EC, Regulation (EC) No 178/2002 and Regulation (EC) No 1223/2009 and repealing Council Directives 90/385/EEC and 93/42/EEC (<REF.DOC.OJ COLL="L" DATE.PUB="20170505" NO.OJ="117" PAGE.FIRST="1">OJ L 117, 5.5.2017, p. 1</REF.DOC.OJ>).</P></NOTE><NOTE NOTE.ID="E0005" NUMBERING="ARAB" TYPE="TABLE"><P>Regulation (EU) 2017/746 of the European Parliament and of the Council of <DATE ISO="20170405">5 April 2017</DATE> on <HT TYPE="ITALIC">in vitro</HT> diagnostic medical devices and repealing Directive 98/79/EC and Commission Decision 2010/227/EU (<REF.DOC.OJ COLL="L" DATE.PUB="20170505" NO.OJ="117" PAGE.FIRST="176">OJ L 117, 5.5.2017, p. 176</REF.DOC.OJ>).</P></NOTE></GR.NOTES><CORPUS><ROW TYPE="HEADER"><CELL COL="1" TYPE="HEADER">Sector</CELL><CELL COL="2" TYPE="HEADER">Subsector</CELL><CELL COL="3" TYPE="HEADER">Type of entity</CELL></ROW><ROW><CELL COL="1"><NP><NO.P>1.</NO.P><TXT>Postal and courier services</TXT></NP></CELL><CELL COL="2"><IE/></CELL><CELL COL="3">Postal service providers as defined in Article 2, point (1a), of Directive 97/67/EC, including providers of courier services</CELL></ROW><ROW><CELL COL="1"><NP><NO.P>2.</NO.P><TXT>Waste management</TXT></NP></CELL><CELL COL="2"><IE/></CELL><CELL COL="3">Undertakings carrying out waste management as defined in Article 3, point (9), of Directive 2008/98/EC of the European Parliament and of the Council<NOTE NOTE.REF="E0001" NUMBERING="ARAB" TYPE="TABLE"/>, excluding undertakings for whom waste management is not their principal economic activity</CELL></ROW><ROW><CELL COL="1"><NP><NO.P>3.</NO.P><TXT>Manufacture, production and distribution of chemicals</TXT></NP></CELL><CELL COL="2"><IE/></CELL><CELL COL="3">Undertakings carrying out the manufacture of substances and the distribution of substances or mixtures, as referred to in Article 3, points (9) and (14), of Regulation (EC) No 1907/2006 of the European Parliament and of the Council<NOTE NOTE.REF="E0002" NUMBERING="ARAB" TYPE="TABLE"/> and undertakings carrying out the production of articles, as defined in Article 3, point (3), of that Regulation, from substances or mixtures</CELL></ROW><ROW><CELL COL="1"><NP><NO.P>4.</NO.P><TXT>Production, processing and distribution of food</TXT></NP></CELL><CELL COL="2"><IE/></CELL><CELL COL="3">Food businesses as defined in Article 3, point (2), of Regulation (EC) No 178/2002 of the European Parliament and of the Council<NOTE NOTE.REF="E0003" NUMBERING="ARAB" TYPE="TABLE"/> which are engaged in wholesale distribution and industrial production and processing</CELL></ROW><ROW><CELL COL="1" ROWSPAN="6"><NP><NO.P>5.</NO.P><TXT>Manufacturing</TXT></NP></CELL><CELL COL="2"><LIST TYPE="alpha"><ITEM><NP><NO.P>(a)</NO.P><TXT>Manufacture of medical devices and <HT TYPE="ITALIC">in vitro</HT> diagnostic medical devices</TXT></NP></ITEM></LIST></CELL><CELL COL="3">Entities manufacturing medical devices as defined in Article 2, point (1), of Regulation (EU) 2017/745 of the European Parliament and of the Council<NOTE NOTE.REF="E0004" NUMBERING="ARAB" TYPE="TABLE"/>, and entities manufacturing <HT TYPE="ITALIC">in vitro</HT> diagnostic medical devices as defined in Article 2, point (2), of Regulation (EU) 2017/746 of the European Parliament and of the Council<NOTE NOTE.REF="E0005" NUMBERING="ARAB" TYPE="TABLE"/> with the exception of entities manufacturing medical devices referred to in Annex I, point 5, fifth indent, of this Directive</CELL></ROW><ROW><CELL COL="2"><LIST TYPE="alpha"><ITEM><NP><NO.P>(b)</NO.P><TXT>Manufacture of computer, electronic and optical products</TXT></NP></ITEM></LIST></CELL><CELL COL="3">Undertakings carrying out any of the economic activities referred to in section C division 26 of NACE Rev. 2</CELL></ROW><ROW><CELL COL="2"><LIST TYPE="alpha"><ITEM><NP><NO.P>(c)</NO.P><TXT>Manufacture of electrical equipment</TXT></NP></ITEM></LIST></CELL><CELL COL="3">Undertakings carrying out any of the economic activities referred to in section C division 27 of NACE Rev. 2</CELL></ROW><ROW><CELL COL="2"><LIST TYPE="alpha"><ITEM><NP><NO.P>(d)</NO.P><TXT>Manufacture of machinery and equipment n.e.c.</TXT></NP></ITEM></LIST></CELL><CELL COL="3">Undertakings carrying out any of the economic activities referred to in section C division 28 of NACE Rev. 2</CELL></ROW><ROW><CELL COL="2"><LIST TYPE="alpha"><ITEM><NP><NO.P>(e)</NO.P><TXT>Manufacture of motor vehicles, trailers and semi-trailers</TXT></NP></ITEM></LIST></CELL><CELL COL="3">Undertakings carrying out any of the economic activities referred to in section C division 29 of NACE Rev. 2</CELL></ROW><ROW><CELL COL="2"><LIST TYPE="alpha"><ITEM><NP><NO.P>(f)</NO.P><TXT>Manufacture of other transport equipment</TXT></NP></ITEM></LIST></CELL><CELL COL="3">Undertakings carrying out any of the economic activities referred to in section C division 30 of NACE Rev. 2</CELL></ROW><?PAGE NO="149"?><ROW><CELL COL="1" ROWSPAN="3"><NP><NO.P>6.</NO.P><TXT>Digital providers</TXT></NP></CELL><CELL COL="2" ROWSPAN="3"><IE/></CELL><CELL COL="3"><LIST TYPE="DASH"><ITEM><P>Providers of online marketplaces</P></ITEM></LIST></CELL></ROW><ROW><CELL COL="3"><LIST TYPE="DASH"><ITEM><P>Providers of online search engines</P></ITEM></LIST></CELL></ROW><ROW><CELL COL="3"><LIST TYPE="DASH"><ITEM><P>Providers of social networking services platforms</P></ITEM></LIST></CELL></ROW><ROW><CELL COL="1"><NP><NO.P>7.</NO.P><TXT>Research</TXT></NP></CELL><CELL COL="2"><IE/></CELL><CELL COL="3">Research organisations</CELL></ROW></CORPUS></TBL></CONTENTS></ANNEX>
