<?xml version="1.0" encoding="UTF-8"?>
<ANNEX xmlns:xsi="http://www.w3.org/2001/XMLSchema-instance" xsi:noNamespaceSchemaLocation="http://formex.publications.europa.eu/schema/formex-05.59-20170418.xd" NNC="YES"><BIB.INSTANCE><DOCUMENT.REF FILE="L_2022333EN.01008001.doc.xml"><COLL>L</COLL><NO.OJ>333</NO.OJ><YEAR>2022</YEAR><LG.OJ>EN</LG.OJ><PAGE.FIRST>80</PAGE.FIRST><PAGE.SEQ>1</PAGE.SEQ><VOLUME.REF>01</VOLUME.REF></DOCUMENT.REF><DATE ISO="20221214">20221214</DATE><LG.DOC>EN</LG.DOC><NO.SEQ>0002.0001</NO.SEQ><PAGE.FIRST>143</PAGE.FIRST><PAGE.SEQ>1</PAGE.SEQ><PAGE.LAST>147</PAGE.LAST><PAGE.TOTAL>5</PAGE.TOTAL></BIB.INSTANCE><TITLE><TI><P>ANNEX I</P></TI><STI><P>SECTORS OF HIGH CRITICALITY</P></STI></TITLE><CONTENTS><TBL COLS="3" NO.SEQ="0001" PAGE.SIZE="SINGLE.LANDSCAPE"><GR.NOTES><NOTE NOTE.ID="E0001" NUMBERING="ARAB" TYPE="TABLE"><P>Directive (EU) 2019/944 of the European Parliament and of the Council of <DATE ISO="20190605">5 June 2019</DATE> on common rules for the internal market for electricity and amending Directive 2012/27/EU (<REF.DOC.OJ COLL="L" DATE.PUB="20190614" NO.OJ="158" PAGE.FIRST="125">OJ L 158, 14.6.2019, p. 125</REF.DOC.OJ>).</P></NOTE><NOTE NOTE.ID="E0002" NUMBERING="ARAB" TYPE="TABLE"><P>Regulation (EU) 2019/943 of the European Parliament and of the Council of <DATE ISO="20190605">5 June 2019</DATE> on the internal market for electricity (<REF.DOC.OJ COLL="L" DATE.PUB="20190614" NO.OJ="158" PAGE.FIRST="54">OJ L 158, 14.6.2019, p. 54</REF.DOC.OJ>).</P></NOTE><NOTE NOTE.ID="E0003" NUMBERING="ARAB" TYPE="TABLE"><P>Directive (EU) 2018/2001 of the European Parliament and of the Council of <DATE ISO="20181211">11 December 2018</DATE> on the promotion of the use of energy from renewable sources (<REF.DOC.OJ COLL="L" DATE.PUB="20181221" NO.OJ="328" PAGE.FIRST="82">OJ L 328, 21.12.2018, p. 82</REF.DOC.OJ>).</P></NOTE><NOTE NOTE.ID="E0004" NUMBERING="ARAB" TYPE="TABLE"><P>Council Directive 2009/119/EC of <DATE ISO="20090914">14 September 2009</DATE> imposing an obligation on Member States to maintain minimum stocks of crude oil and/or petroleum products (<REF.DOC.OJ COLL="L" DATE.PUB="20091009" NO.OJ="265" PAGE.FIRST="9">OJ L 265, 9.10.2009, p. 9</REF.DOC.OJ>).</P></NOTE><NOTE NOTE.ID="E0005" NUMBERING="ARAB" TYPE="TABLE"><P>Directive 2009/73/EC of the European Parliament and of the Council of <DATE ISO="20090713">13 July 2009</DATE> concerning common rules for the internal market in natural gas and repealing Directive 2003/55/EC (<REF.DOC.OJ COLL="L" DATE.PUB="20090814" NO.OJ="211" PAGE.FIRST="94">OJ L 211, 14.8.2009, p. 94</REF.DOC.OJ>).</P></NOTE><NOTE NOTE.ID="E0006" NUMBERING="ARAB" TYPE="TABLE"><P>Directive 2009/12/EC of the European Parliament and of the Council of <DATE ISO="20090311">11 March 2009</DATE> on airport charges (<REF.DOC.OJ COLL="L" DATE.PUB="20090314" NO.OJ="070" PAGE.FIRST="11">OJ L 70, 14.3.2009, p. 11</REF.DOC.OJ>).</P></NOTE><NOTE NOTE.ID="E0007" NUMBERING="ARAB" TYPE="TABLE"><P>Regulation (EU) No 1315/2013 of the European Parliament and of the Council of <DATE ISO="20131211">11 December 2013</DATE> on Union guidelines for the development of the trans-European transport network and repealing Decision No 661/2010/EU (<REF.DOC.OJ COLL="L" DATE.PUB="20131220" NO.OJ="348" PAGE.FIRST="1">OJ L 348, 20.12.2013, p. 1</REF.DOC.OJ>).</P></NOTE><NOTE NOTE.ID="E0008" NUMBERING="ARAB" TYPE="TABLE"><P>Regulation (EC) No 549/2004 of the European Parliament and of the Council of <DATE ISO="20040310">10 March 2004</DATE> laying down the framework for the creation of the single European sky (the framework Regulation) (<REF.DOC.OJ COLL="L" DATE.PUB="20040331" NO.OJ="096" PAGE.FIRST="1">OJ L 96, 31.3.2004, p. 1</REF.DOC.OJ>).</P></NOTE><NOTE NOTE.ID="E0009" NUMBERING="ARAB" TYPE="TABLE"><P>Directive 2012/34/EU of the European Parliament and of the Council of <DATE ISO="20121121">21 November 2012</DATE> establishing a single European railway area (<REF.DOC.OJ COLL="L" DATE.PUB="20121214" NO.OJ="343" PAGE.FIRST="32">OJ L 343, 14.12.2012, p. 32</REF.DOC.OJ>).</P></NOTE><NOTE NOTE.ID="E0010" NUMBERING="ARAB" TYPE="TABLE"><P>Regulation (EC) No 725/2004 of the European Parliament and of the Council of <DATE ISO="20040331">31 March 2004</DATE> on enhancing ship and port facility security (<REF.DOC.OJ COLL="L" DATE.PUB="20040429" NO.OJ="129" PAGE.FIRST="6">OJ L 129, 29.4.2004, p. 6</REF.DOC.OJ>).</P></NOTE><NOTE NOTE.ID="E0011" NUMBERING="ARAB" TYPE="TABLE"><P>Directive 2005/65/EC of the European Parliament and of the Council of <DATE ISO="20051026">26 October 2005</DATE> on enhancing port security (<REF.DOC.OJ COLL="L" DATE.PUB="20051125" NO.OJ="310" PAGE.FIRST="28">OJ L 310, 25.11.2005, p. 28</REF.DOC.OJ>).</P></NOTE><NOTE NOTE.ID="E0012" NUMBERING="ARAB" TYPE="TABLE"><P>Directive 2002/59/EC of the European Parliament and of the Council of <DATE ISO="20020627">27 June 2002</DATE> establishing a Community vessel traffic monitoring and information system and repealing Council Directive 93/75/EEC (<REF.DOC.OJ COLL="L" DATE.PUB="20020805" NO.OJ="208" PAGE.FIRST="10">OJ L 208, 5.8.2002, p. 10</REF.DOC.OJ>).</P></NOTE><NOTE NOTE.ID="E0013" NUMBERING="ARAB" TYPE="TABLE"><P>Commission Delegated Regulation (EU) 2015/962 of <DATE ISO="20141218">18 December 2014</DATE> supplementing Directive 2010/40/EU of the European Parliament and of the Council with regard to the provision of EU-wide real-time traffic information services (<REF.DOC.OJ COLL="L" DATE.PUB="20150623" NO.OJ="157" PAGE.FIRST="21">OJ L 157, 23.6.2015, p. 21</REF.DOC.OJ>).</P></NOTE><NOTE NOTE.ID="E0014" NUMBERING="ARAB" TYPE="TABLE"><P>Directive 2010/40/EU of the European Parliament and of the Council of <DATE ISO="20100707">7 July 2010</DATE> on the framework for the deployment of Intelligent Transport Systems in the field of road transport and for interfaces with other modes of transport (<REF.DOC.OJ COLL="L" DATE.PUB="20100806" NO.OJ="207" PAGE.FIRST="1">OJ L 207, 6.8.2010, p. 1</REF.DOC.OJ>).</P></NOTE><NOTE NOTE.ID="E0015" NUMBERING="ARAB" TYPE="TABLE"><P>Regulation (EU) No 575/2013 of the European Parliament and of the Council of <DATE ISO="20130626">26 June 2013</DATE> on prudential requirements for credit institutions and amending Regulation (EU) No 648/2012 (<REF.DOC.OJ COLL="L" DATE.PUB="20130627" NO.OJ="176" PAGE.FIRST="1">OJ L 176, 27.6.2013, p. 1</REF.DOC.OJ>).</P></NOTE><NOTE NOTE.ID="E0016" NUMBERING="ARAB" TYPE="TABLE"><P>Directive 2014/65/EU of the European Parliament and of the Council of <DATE ISO="20140515">15 May 2014</DATE> on markets in financial instruments and amending Directive 2002/92/EC and Directive 2011/61/EU (<REF.DOC.OJ COLL="L" DATE.PUB="20140612" NO.OJ="173" PAGE.FIRST="349">OJ L 173, 12.6.2014, p. 349</REF.DOC.OJ>).</P></NOTE><NOTE NOTE.ID="E0017" NUMBERING="ARAB" TYPE="TABLE"><P>Regulation (EU) No 648/2012 of the European Parliament and of the Council of <DATE ISO="20120704">4 July 2012</DATE> on OTC derivatives, central counterparties and trade repositories (<REF.DOC.OJ COLL="L" DATE.PUB="20120727" NO.OJ="201" PAGE.FIRST="1">OJ L 201, 27.7.2012, p. 1</REF.DOC.OJ>).</P></NOTE><NOTE NOTE.ID="E0018" NUMBERING="ARAB" TYPE="TABLE"><P>Directive 2011/24/EU of the European Parliament and of the Council of <DATE ISO="20110309">9 March 2011</DATE> on the application of patients’ rights in cross-border healthcare (<REF.DOC.OJ COLL="L" DATE.PUB="20110404" NO.OJ="088" PAGE.FIRST="45">OJ L 88, 4.4.2011, p. 45</REF.DOC.OJ>).</P></NOTE><?PAGE NO="144"?><NOTE NOTE.ID="E0019" NUMBERING="ARAB" TYPE="TABLE"><P>Regulation (EU) 2022/2371 of the European Parliament and of the Council of <DATE ISO="20221123">23 November 2022</DATE> on serious cross-border threats to health and repealing Decision No 1082/2013/EU (<REF.DOC.OJ COLL="L" DATE.PUB="20221206" NO.OJ="314" PAGE.FIRST="26">OJ L 314, 6.12.2022, p. 26</REF.DOC.OJ>).</P></NOTE><NOTE NOTE.ID="E0020" NUMBERING="ARAB" TYPE="TABLE"><P>Directive 2001/83/EC of the European Parliament and of the Council of <DATE ISO="20011106">6 November 2001</DATE> on the Community code relating to medicinal products for human use (<REF.DOC.OJ COLL="L" DATE.PUB="20011128" NO.OJ="311" PAGE.FIRST="67">OJ L 311, 28.11.2001, p. 67</REF.DOC.OJ>).</P></NOTE><NOTE NOTE.ID="E0021" NUMBERING="ARAB" TYPE="TABLE"><P>Regulation (EU) 2022/123 of the European Parliament and of the Council of <DATE ISO="20220125">25 January 2022</DATE> on a reinforced role for the European Medicines Agency in crisis preparedness and management for medicinal products and medical devices (<REF.DOC.OJ COLL="L" DATE.PUB="20220131" NO.OJ="020" PAGE.FIRST="1">OJ L 20, 31.1.2022, p. 1</REF.DOC.OJ>).</P></NOTE><NOTE NOTE.ID="E0022" NUMBERING="ARAB" TYPE="TABLE"><P>Directive (EU) 2020/2184 of the European Parliament and of the Council of <DATE ISO="20201216">16 December 2020</DATE> on the quality of water intended for human consumption (<REF.DOC.OJ COLL="L" DATE.PUB="20201223" NO.OJ="435" PAGE.FIRST="1">OJ L 435, 23.12.2020, p. 1</REF.DOC.OJ>).</P></NOTE><NOTE NOTE.ID="E0023" NUMBERING="ARAB" TYPE="TABLE"><P>Council Directive 91/271/EEC of <DATE ISO="19910521">21 May 1991</DATE> concerning urban waste water treatment (<REF.DOC.OJ COLL="L" DATE.PUB="19910530" NO.OJ="135" PAGE.FIRST="40">OJ L 135, 30.5.1991, p. 40</REF.DOC.OJ>).</P></NOTE></GR.NOTES><CORPUS><ROW TYPE="HEADER"><CELL COL="1" TYPE="HEADER">Sector</CELL><CELL COL="2" TYPE="HEADER">Subsector</CELL><CELL COL="3" TYPE="HEADER">Type of entity</CELL></ROW><ROW><CELL COL="1" ROWSPAN="17"><NP><NO.P>1.</NO.P><TXT>Energy</TXT></NP></CELL><CELL COL="2" ROWSPAN="5"><LIST TYPE="alpha"><ITEM><NP><NO.P>(a)</NO.P><TXT>Electricity</TXT></NP></ITEM></LIST></CELL><CELL COL="3"><LIST TYPE="DASH"><ITEM><P>Electricity undertakings as defined in Article 2, point (57), of Directive (EU) 2019/944 of the European Parliament and of the Council<NOTE NOTE.REF="E0001" NUMBERING="ARAB" TYPE="TABLE"/>, which carry out the function of <QUOT.START CODE="2018" ID="QS0001" REF.END="QE0001"/>supply<QUOT.END CODE="2019" ID="QE0001" REF.START="QS0001"/> as defined in Article 2, point (12), of that Directive</P></ITEM></LIST></CELL></ROW><ROW><CELL COL="3"><LIST TYPE="DASH"><ITEM><P>Distribution system operators as defined in Article 2, point (29), of Directive (EU) 2019/944</P></ITEM></LIST></CELL></ROW><ROW><CELL COL="3"><LIST TYPE="DASH"><ITEM><P>Transmission system operators as defined in Article 2, point (35), of Directive (EU) 2019/944</P></ITEM></LIST></CELL></ROW><ROW><CELL COL="3"><LIST TYPE="DASH"><ITEM><P>Producers as defined in Article 2, point (38), of Directive (EU) 2019/944</P></ITEM></LIST></CELL></ROW><ROW><CELL COL="3"><LIST TYPE="DASH"><ITEM><P>Nominated electricity market operators as defined in Article 2, point (8), of Regulation (EU) 2019/943 of the European Parliament and of the Council<NOTE NOTE.REF="E0002" NUMBERING="ARAB" TYPE="TABLE"/></P></ITEM><ITEM><P>Market participants as defined in Article 2, point (25), of Regulation (EU) 2019/943 providing aggregation, demand response or energy storage services as defined in Article 2, points (18), (20) and (59), of Directive (EU) 2019/944</P></ITEM><ITEM><P>Operators of a recharging point that are responsible for the management and operation of a recharging point, which provides a recharging service to end users, including in the name and on behalf of a mobility service provider</P></ITEM></LIST></CELL></ROW><ROW><CELL COL="2"><LIST TYPE="alpha"><ITEM><NP><NO.P>(b)</NO.P><TXT>District heating and cooling</TXT></NP></ITEM></LIST></CELL><CELL COL="3"><LIST TYPE="DASH"><ITEM><P>Operators of district heating or district cooling as defined in Article 2, point (19), of Directive (EU) 2018/2001 of the European Parliament and of the Council<NOTE NOTE.REF="E0003" NUMBERING="ARAB" TYPE="TABLE"/></P></ITEM></LIST></CELL></ROW><ROW><CELL COL="2" ROWSPAN="3"><LIST TYPE="alpha"><ITEM><NP><NO.P>(c)</NO.P><TXT>Oil</TXT></NP></ITEM></LIST></CELL><CELL COL="3"><LIST TYPE="DASH"><ITEM><P>Operators of oil transmission pipelines</P></ITEM></LIST></CELL></ROW><ROW><CELL COL="3"><LIST TYPE="DASH"><ITEM><P>Operators of oil production, refining and treatment facilities, storage and transmission</P></ITEM></LIST></CELL></ROW><ROW><CELL COL="3"><LIST TYPE="DASH"><ITEM><P>Central stockholding entities as defined in Article 2, point (f), of Council Directive 2009/119/EC<NOTE NOTE.REF="E0004" NUMBERING="ARAB" TYPE="TABLE"/></P></ITEM></LIST></CELL></ROW><ROW><CELL COL="2" ROWSPAN="7"><LIST TYPE="alpha"><ITEM><NP><NO.P>(d)</NO.P><TXT>Gas</TXT></NP></ITEM></LIST></CELL><CELL COL="3"><LIST TYPE="DASH"><ITEM><P>Supply undertakings as defined in Article 2, point (8), of Directive 2009/73/EC of the European Parliament and of the Council<NOTE NOTE.REF="E0005" NUMBERING="ARAB" TYPE="TABLE"/></P></ITEM></LIST></CELL></ROW><ROW><CELL COL="3"><LIST TYPE="DASH"><ITEM><P>Distribution system operators as defined in Article 2, point (6), of Directive 2009/73/EC</P></ITEM></LIST></CELL></ROW><ROW><CELL COL="3"><LIST TYPE="DASH"><ITEM><P>Transmission system operators as defined in Article 2, point (4), of Directive 2009/73/EC</P></ITEM></LIST></CELL></ROW><ROW><CELL COL="3"><LIST TYPE="DASH"><ITEM><P>Storage system operators as defined in Article 2, point (10), of Directive 2009/73/EC</P></ITEM></LIST></CELL></ROW><ROW><CELL COL="3"><LIST TYPE="DASH"><ITEM><P>LNG system operators as defined in Article 2, point (12), of Directive 2009/73/EC</P></ITEM></LIST></CELL></ROW><ROW><CELL COL="3"><LIST TYPE="DASH"><ITEM><P>Natural gas undertakings as defined in Article 2, point (1), of Directive 2009/73/EC</P></ITEM></LIST></CELL></ROW><ROW><CELL COL="3"><LIST TYPE="DASH"><ITEM><P>Operators of natural gas refining and treatment facilities</P></ITEM></LIST></CELL></ROW><ROW><CELL COL="2"><LIST TYPE="alpha"><ITEM><NP><NO.P>(e)</NO.P><TXT>Hydrogen</TXT></NP></ITEM></LIST></CELL><CELL COL="3"><LIST TYPE="DASH"><ITEM><P>Operators of hydrogen production, storage and transmission</P></ITEM></LIST></CELL></ROW><?PAGE NO="145"?><ROW><CELL COL="1" ROWSPAN="10"><NP><NO.P>2.</NO.P><TXT>Transport</TXT></NP></CELL><CELL COL="2" ROWSPAN="3"><LIST TYPE="alpha"><ITEM><NP><NO.P>(a)</NO.P><TXT>Air</TXT></NP></ITEM></LIST></CELL><CELL COL="3"><LIST TYPE="DASH"><ITEM><P>Air carriers as defined in Article 3, point (4), of Regulation (EC) No 300/2008 used for commercial purposes</P></ITEM></LIST></CELL></ROW><ROW><CELL COL="3"><LIST TYPE="DASH"><ITEM><P>Airport managing bodies as defined in Article 2, point (2), of Directive 2009/12/EC of the European Parliament and of the Council<NOTE NOTE.REF="E0006" NUMBERING="ARAB" TYPE="TABLE"/>, airports as defined in Article 2, point (1), of that Directive, including the core airports listed in Section 2 of Annex II to Regulation (EU) No 1315/2013 of the European Parliament and of the Council<NOTE NOTE.REF="E0007" NUMBERING="ARAB" TYPE="TABLE"/>, and entities operating ancillary installations contained within airports</P></ITEM></LIST></CELL></ROW><ROW><CELL COL="3"><LIST TYPE="DASH"><ITEM><P>Traffic management control operators providing air traffic control (ATC) services as defined in Article 2, point (1), of Regulation (EC) No 549/2004 of the European Parliament and of the Council<NOTE NOTE.REF="E0008" NUMBERING="ARAB" TYPE="TABLE"/></P></ITEM></LIST></CELL></ROW><ROW><CELL COL="2" ROWSPAN="2"><LIST TYPE="alpha"><ITEM><NP><NO.P>(b)</NO.P><TXT>Rail</TXT></NP></ITEM></LIST></CELL><CELL COL="3"><LIST TYPE="DASH"><ITEM><P>Infrastructure managers as defined in Article 3, point (2), of Directive 2012/34/EU of the European Parliament and of the Council<NOTE NOTE.REF="E0009" NUMBERING="ARAB" TYPE="TABLE"/></P></ITEM></LIST></CELL></ROW><ROW><CELL COL="3"><LIST TYPE="DASH"><ITEM><P>Railway undertakings as defined in Article 3, point (1), of Directive 2012/34/EU, including operators of service facilities as defined in Article 3, point (12), of that Directive</P></ITEM></LIST></CELL></ROW><ROW><CELL COL="2" ROWSPAN="3"><LIST TYPE="alpha"><ITEM><NP><NO.P>(c)</NO.P><TXT>Water</TXT></NP></ITEM></LIST></CELL><CELL COL="3"><LIST TYPE="DASH"><ITEM><P>Inland, sea and coastal passenger and freight water transport companies, as defined for maritime transport in Annex I to Regulation (EC) No 725/2004 of the European Parliament and of the Council<NOTE NOTE.REF="E0010" NUMBERING="ARAB" TYPE="TABLE"/>, not including the individual vessels operated by those companies</P></ITEM></LIST></CELL></ROW><ROW><CELL COL="3"><LIST TYPE="DASH"><ITEM><P>Managing bodies of ports as defined in Article 3, point (1), of Directive 2005/65/EC of the European Parliament and of the Council<NOTE NOTE.REF="E0011" NUMBERING="ARAB" TYPE="TABLE"/>, including their port facilities as defined in Article 2, point (11), of Regulation (EC) No 725/2004, and entities operating works and equipment contained within ports</P></ITEM></LIST></CELL></ROW><ROW><CELL COL="3"><LIST TYPE="DASH"><ITEM><P>Operators of vessel traffic services (VTS) as defined in Article 3, point (o), of Directive 2002/59/EC of the European Parliament and of the Council<NOTE NOTE.REF="E0012" NUMBERING="ARAB" TYPE="TABLE"/></P></ITEM></LIST></CELL></ROW><ROW><CELL COL="2" ROWSPAN="2"><LIST TYPE="alpha"><ITEM><NP><NO.P>(d)</NO.P><TXT>Road</TXT></NP></ITEM></LIST></CELL><CELL COL="3"><LIST TYPE="DASH"><ITEM><P>Road authorities as defined in Article 2, point (12), of Commission Delegated Regulation (EU) 2015/962<NOTE NOTE.REF="E0013" NUMBERING="ARAB" TYPE="TABLE"/> responsible for traffic management control, excluding public entities for which traffic management or the operation of intelligent transport systems is a non-essential part of their general activity</P></ITEM></LIST></CELL></ROW><ROW><CELL COL="3"><LIST TYPE="DASH"><ITEM><P>Operators of Intelligent Transport Systems as defined in Article 4, point (1), of Directive 2010/40/EU of the European Parliament and of the Council<NOTE NOTE.REF="E0014" NUMBERING="ARAB" TYPE="TABLE"/></P></ITEM></LIST></CELL></ROW><ROW><CELL COL="1"><NP><NO.P>3.</NO.P><TXT>Banking</TXT></NP></CELL><CELL COL="2"><IE/></CELL><CELL COL="3">Credit institutions as defined in Article 4, point (1), of Regulation (EU) No 575/2013 of the European Parliament and of the Council<NOTE NOTE.REF="E0015" NUMBERING="ARAB" TYPE="TABLE"/></CELL></ROW><ROW><CELL COL="1" ROWSPAN="2"><NP><NO.P>4.</NO.P><TXT>Financial market infrastructures</TXT></NP></CELL><CELL COL="2" ROWSPAN="2"><IE/></CELL><CELL COL="3"><LIST TYPE="DASH"><ITEM><P>Operators of trading venues as defined in Article 4, point (24), of Directive 2014/65/EU of the European Parliament and of the Council<NOTE NOTE.REF="E0016" NUMBERING="ARAB" TYPE="TABLE"/></P></ITEM></LIST></CELL></ROW><ROW><CELL COL="3"><LIST TYPE="DASH"><ITEM><P>Central counterparties (CCPs) as defined in Article 2, point (1), of Regulation (EU) No 648/2012 of the European Parliament and of the Council<NOTE NOTE.REF="E0017" NUMBERING="ARAB" TYPE="TABLE"/></P></ITEM></LIST></CELL></ROW><?PAGE NO="146"?><ROW><CELL COL="1" ROWSPAN="3"><NP><NO.P>5.</NO.P><TXT>Health</TXT></NP></CELL><CELL COL="2" ROWSPAN="3"><IE/></CELL><CELL COL="3"><LIST TYPE="DASH"><ITEM><P>Healthcare providers as defined in Article 3, point (g), of Directive 2011/24/EU of the European Parliament and of the Council<NOTE NOTE.REF="E0018" NUMBERING="ARAB" TYPE="TABLE"/></P></ITEM></LIST></CELL></ROW><ROW><CELL COL="3"><LIST TYPE="DASH"><ITEM><P>EU reference laboratories referred to in Article 15 of Regulation (EU) 2022/2371 of the European Parliament and of the Council<NOTE NOTE.REF="E0019" NUMBERING="ARAB" TYPE="TABLE"/></P></ITEM></LIST></CELL></ROW><ROW><CELL COL="3"><LIST TYPE="DASH"><ITEM><P>Entities carrying out research and development activities of medicinal products as defined in Article 1, point (2), of Directive 2001/83/EC of the European Parliament and of the Council<NOTE NOTE.REF="E0020" NUMBERING="ARAB" TYPE="TABLE"/></P></ITEM><ITEM><P>Entities manufacturing basic pharmaceutical products and pharmaceutical preparations referred to in section C division 21 of NACE Rev. 2</P></ITEM><ITEM><P>Entities manufacturing medical devices considered to be critical during a public health emergency (public health emergency critical devices list) within the meaning of Article 22 of Regulation (EU) 2022/123 of the European Parliament and of the Council<NOTE NOTE.REF="E0021" NUMBERING="ARAB" TYPE="TABLE"/></P></ITEM></LIST></CELL></ROW><ROW><CELL COL="1"><NP><NO.P>6.</NO.P><TXT>Drinking water</TXT></NP></CELL><CELL COL="2"><IE/></CELL><CELL COL="3">Suppliers and distributors of water intended for human consumption as defined in Article 2, point (1)(a), of Directive (EU) 2020/2184 of the European Parliament and of the Council<NOTE NOTE.REF="E0022" NUMBERING="ARAB" TYPE="TABLE"/>, excluding distributors for which distribution of water for human consumption is a non-essential part of their general activity of distributing other commodities and goods</CELL></ROW><ROW><CELL COL="1"><NP><NO.P>7.</NO.P><TXT>Waste water</TXT></NP></CELL><CELL COL="2"><IE/></CELL><CELL COL="3">Undertakings collecting, disposing of or treating urban waste water, domestic waste water or industrial waste water as defined in Article 2, points (1), (2) and (3), of Council Directive 91/271/EEC<NOTE NOTE.REF="E0023" NUMBERING="ARAB" TYPE="TABLE"/>, excluding undertakings for which collecting, disposing of or treating urban waste water, domestic waste water or industrial waste water is a non-essential part of their general activity</CELL></ROW><ROW><CELL COL="1" ROWSPAN="9"><NP><NO.P>8.</NO.P><TXT>Digital infrastructure</TXT></NP></CELL><CELL COL="2" ROWSPAN="9"><IE/></CELL><CELL COL="3"><LIST TYPE="DASH"><ITEM><P>Internet Exchange Point providers</P></ITEM></LIST></CELL></ROW><ROW><CELL COL="3"><LIST TYPE="DASH"><ITEM><P>DNS service providers, excluding operators of root name servers</P></ITEM></LIST></CELL></ROW><ROW><CELL COL="3"><LIST TYPE="DASH"><ITEM><P>TLD name registries</P></ITEM></LIST></CELL></ROW><ROW><CELL COL="3"><LIST TYPE="DASH"><ITEM><P>Cloud computing service providers</P></ITEM></LIST></CELL></ROW><ROW><CELL COL="3"><LIST TYPE="DASH"><ITEM><P>Data centre service providers</P></ITEM></LIST></CELL></ROW><ROW><CELL COL="3"><LIST TYPE="DASH"><ITEM><P>Content delivery network providers</P></ITEM></LIST></CELL></ROW><ROW><CELL COL="3"><LIST TYPE="DASH"><ITEM><P>Trust service providers</P></ITEM></LIST></CELL></ROW><ROW><CELL COL="3"><LIST TYPE="DASH"><ITEM><P>Providers of public electronic communications networks</P></ITEM></LIST></CELL></ROW><ROW><CELL COL="3"><LIST TYPE="DASH"><ITEM><P>Providers of publicly available electronic communications services</P></ITEM></LIST></CELL></ROW><ROW><CELL COL="1"><NP><NO.P>9.</NO.P><TXT>ICT service management (business-to-business)</TXT></NP></CELL><CELL COL="2"><IE/></CELL><CELL COL="3"><LIST TYPE="DASH"><ITEM><P>Managed service providers</P></ITEM><ITEM><P>Managed security service providers</P></ITEM></LIST></CELL></ROW><?PAGE NO="147"?><ROW><CELL COL="1" ROWSPAN="2"><NP><NO.P>10.</NO.P><TXT>Public administration</TXT></NP></CELL><CELL COL="2" ROWSPAN="2"><IE/></CELL><CELL COL="3"><LIST TYPE="DASH"><ITEM><P>Public administration entities of central governments as defined by a Member State in accordance with national law</P></ITEM></LIST></CELL></ROW><ROW><CELL COL="3"><LIST TYPE="DASH"><ITEM><P>Public administration entities at regional level as defined by a Member State in accordance with national law</P></ITEM></LIST></CELL></ROW><ROW><CELL COL="1"><NP><NO.P>11.</NO.P><TXT>Space</TXT></NP></CELL><CELL COL="2"><IE/></CELL><CELL COL="3">Operators of ground-based infrastructure, owned, managed and operated by Member States or by private parties, that support the provision of space-based services, excluding providers of public electronic communications networks</CELL></ROW></CORPUS></TBL></CONTENTS></ANNEX>
