<?xml version="1.0" encoding="UTF-8"?>
<ANNEX xmlns:xsi="http://www.w3.org/2001/XMLSchema-instance" xsi:noNamespaceSchemaLocation="http://formex.publications.europa.eu/schema/formex-05.59-20170418.xd" NNC="YES"><BIB.INSTANCE><DOCUMENT.REF FILE="L_2022333EN.01008001.doc.xml"><COLL>L</COLL><NO.OJ>333</NO.OJ><YEAR>2022</YEAR><LG.OJ>EN</LG.OJ><PAGE.FIRST>80</PAGE.FIRST><PAGE.SEQ>1</PAGE.SEQ><VOLUME.REF>01</VOLUME.REF></DOCUMENT.REF><DATE ISO="20221214">20221214</DATE><LG.DOC>EN</LG.DOC><NO.SEQ>0002.0003</NO.SEQ><PAGE.FIRST>150</PAGE.FIRST><PAGE.SEQ>1</PAGE.SEQ><PAGE.LAST>152</PAGE.LAST><PAGE.TOTAL>3</PAGE.TOTAL></BIB.INSTANCE><TITLE><TI><P>ANNEX III</P></TI><STI><P>CORRELATION TABLE</P></STI></TITLE><CONTENTS><TBL COLS="2" NO.SEQ="0001"><CORPUS><ROW TYPE="HEADER"><CELL COL="1" TYPE="HEADER">Directive (EU) 2016/1148</CELL><CELL COL="2" TYPE="HEADER">This Directive</CELL></ROW><ROW><CELL COL="1">Article 1(1)</CELL><CELL COL="2">Article 1(1)</CELL></ROW><ROW><CELL COL="1">Article 1(2)</CELL><CELL COL="2">Article 1(2)</CELL></ROW><ROW><CELL COL="1">Article 1(3)</CELL><CELL COL="2">-</CELL></ROW><ROW><CELL COL="1">Article 1(4)</CELL><CELL COL="2">Article 2(12)</CELL></ROW><ROW><CELL COL="1">Article 1(5)</CELL><CELL COL="2">Article 2(13)</CELL></ROW><ROW><CELL COL="1">Article 1(6)</CELL><CELL COL="2">Article 2(6) and (11)</CELL></ROW><ROW><CELL COL="1">Article 1(7)</CELL><CELL COL="2">Article 4</CELL></ROW><ROW><CELL COL="1">Article 2</CELL><CELL COL="2">Article 2(14)</CELL></ROW><ROW><CELL COL="1">Article 3</CELL><CELL COL="2">Article 5</CELL></ROW><ROW><CELL COL="1">Article 4</CELL><CELL COL="2">Article 6</CELL></ROW><ROW><CELL COL="1">Article 5</CELL><CELL COL="2">–</CELL></ROW><ROW><CELL COL="1">Article 6</CELL><CELL COL="2">–</CELL></ROW><ROW><CELL COL="1">Article 7(1)</CELL><CELL COL="2">Article 7(1) and (2)</CELL></ROW><ROW><CELL COL="1">Article 7(2)</CELL><CELL COL="2">Article 7(4)</CELL></ROW><ROW><CELL COL="1">Article 7(3)</CELL><CELL COL="2">Article 7(3)</CELL></ROW><ROW><CELL COL="1">Article 8(1) to (5)</CELL><CELL COL="2">Article 8(1) to (5)</CELL></ROW><ROW><CELL COL="1">Article 8(6)</CELL><CELL COL="2">Article 13(4)</CELL></ROW><ROW><CELL COL="1">Article 8(7)</CELL><CELL COL="2">Article 8(6)</CELL></ROW><ROW><CELL COL="1">Article 9(1), (2) and (3)</CELL><CELL COL="2">Article 10(1), (2) and (3)</CELL></ROW><ROW><CELL COL="1">Article 9(4)</CELL><CELL COL="2">Article 10(9)</CELL></ROW><ROW><CELL COL="1">Article 9(5)</CELL><CELL COL="2">Article 10(10)</CELL></ROW><ROW><CELL COL="1">Article 10(1), (2) and (3), first subparagraph</CELL><CELL COL="2">Article 13(1), (2) and (3)</CELL></ROW><ROW><CELL COL="1">Article 10(3), second subparagraph</CELL><CELL COL="2">Article 23(9)</CELL></ROW><ROW><CELL COL="1">Article 11(1)</CELL><CELL COL="2">Article 14(1) and (2)</CELL></ROW><ROW><CELL COL="1">Article 11(2)</CELL><CELL COL="2">Article 14(3)</CELL></ROW><ROW><CELL COL="1">Article 11(3)</CELL><CELL COL="2">Article 14(4), first subparagraph, points (a) to (q) and (s), and paragraph (7)</CELL></ROW><ROW><CELL COL="1">Article 11(4)</CELL><CELL COL="2">Article 14(4), first subparagraph, point (r), and second subparagraph</CELL></ROW><ROW><CELL COL="1">Article 11(5)</CELL><CELL COL="2">Article 14(8)</CELL></ROW><ROW><CELL COL="1">Article 12(1) to (5)</CELL><CELL COL="2">Article 15(1) to (5)</CELL></ROW><ROW><CELL COL="1">Article 13</CELL><CELL COL="2">Article 17</CELL></ROW><ROW><CELL COL="1">Article 14(1) and (2)</CELL><CELL COL="2">Article 21(1) to (4)</CELL></ROW><ROW><CELL COL="1">Article 14(3)</CELL><CELL COL="2">Article 23(1)</CELL></ROW><ROW><CELL COL="1">Article 14(4)</CELL><CELL COL="2">Article 23(3)</CELL></ROW><ROW><CELL COL="1">Article 14(5)</CELL><CELL COL="2">Article 23(5), (6) and (8)</CELL></ROW><?PAGE NO="151"?><ROW><CELL COL="1">Article 14(6)</CELL><CELL COL="2">Article 23(7)</CELL></ROW><ROW><CELL COL="1">Article 14(7)</CELL><CELL COL="2">Article 23(11)</CELL></ROW><ROW><CELL COL="1">Article 15(1)</CELL><CELL COL="2">Article 31(1)</CELL></ROW><ROW><CELL COL="1">Article 15(2), first subparagraph, point (a)</CELL><CELL COL="2">Article 32(2), point (e)</CELL></ROW><ROW><CELL COL="1">Article 15(2), first subparagraph, point (b)</CELL><CELL COL="2">Article 32(2), point (g)</CELL></ROW><ROW><CELL COL="1">Article 15(2), second subparagraph</CELL><CELL COL="2">Article 32(3)</CELL></ROW><ROW><CELL COL="1">Article 15(3)</CELL><CELL COL="2">Article 32(4), point (b)</CELL></ROW><ROW><CELL COL="1">Article 15(4)</CELL><CELL COL="2">Article 31(3)</CELL></ROW><ROW><CELL COL="1">Article 16(1) and (2)</CELL><CELL COL="2">Article 21(1) to (4)</CELL></ROW><ROW><CELL COL="1">Article 16(3)</CELL><CELL COL="2">Article 23(1)</CELL></ROW><ROW><CELL COL="1">Article 16(4)</CELL><CELL COL="2">Article 23(3)</CELL></ROW><ROW><CELL COL="1">Article 16(5)</CELL><CELL COL="2">–</CELL></ROW><ROW><CELL COL="1">Article 16(6)</CELL><CELL COL="2">Article 23(6)</CELL></ROW><ROW><CELL COL="1">Article 16(7)</CELL><CELL COL="2">Article 23(7)</CELL></ROW><ROW><CELL COL="1">Article 16(8) and (9)</CELL><CELL COL="2">Article 21(5) and Article 23(11)</CELL></ROW><ROW><CELL COL="1">Article 16(10)</CELL><CELL COL="2">–</CELL></ROW><ROW><CELL COL="1">Article 16(11)</CELL><CELL COL="2">Article 2(1), (2) and (3)</CELL></ROW><ROW><CELL COL="1">Article 17(1)</CELL><CELL COL="2">Article 33(1)</CELL></ROW><ROW><CELL COL="1">Article 17(2), point (a)</CELL><CELL COL="2">Article 32(2), point (e)</CELL></ROW><ROW><CELL COL="1">Article 17(2), point (b)</CELL><CELL COL="2">Article 32(4), point (b)</CELL></ROW><ROW><CELL COL="1">Article 17(3)</CELL><CELL COL="2">Article 37(1), points (a) and (b)</CELL></ROW><ROW><CELL COL="1">Article 18(1)</CELL><CELL COL="2">Article 26(1), point (b), and paragraph (2)</CELL></ROW><ROW><CELL COL="1">Article 18(2)</CELL><CELL COL="2">Article 26(3)</CELL></ROW><ROW><CELL COL="1">Article 18(3)</CELL><CELL COL="2">Article 26(4)</CELL></ROW><ROW><CELL COL="1">Article 19</CELL><CELL COL="2">Article 25</CELL></ROW><ROW><CELL COL="1">Article 20</CELL><CELL COL="2">Article 30</CELL></ROW><ROW><CELL COL="1">Article 21</CELL><CELL COL="2">Article 36</CELL></ROW><ROW><CELL COL="1">Article 22</CELL><CELL COL="2">Article 39</CELL></ROW><ROW><CELL COL="1">Article 23</CELL><CELL COL="2">Article 40</CELL></ROW><ROW><CELL COL="1">Article 24</CELL><CELL COL="2">–</CELL></ROW><ROW><CELL COL="1">Article 25</CELL><CELL COL="2">Article 41</CELL></ROW><ROW><CELL COL="1">Article 26</CELL><CELL COL="2">Article 45</CELL></ROW><ROW><CELL COL="1">Article 27</CELL><CELL COL="2">Article 46</CELL></ROW><ROW><CELL COL="1">Annex I, point (1)</CELL><CELL COL="2">Article 11(1)</CELL></ROW><ROW><CELL COL="1">Annex I, points (2)(a)(i) to (iv)</CELL><CELL COL="2">Article 11(2), points (a) to (d)</CELL></ROW><?PAGE NO="152"?><ROW><CELL COL="1">Annex I, point (2)(a)(v)</CELL><CELL COL="2">Article 11(2), point (f)</CELL></ROW><ROW><CELL COL="1">Annex I, point (2)(b)</CELL><CELL COL="2">Article 11(4)</CELL></ROW><ROW><CELL COL="1">Annex I, points (2)(c)(i) and (ii)</CELL><CELL COL="2">Article 11(5), point (a)</CELL></ROW><ROW><CELL COL="1">Annex II</CELL><CELL COL="2">Annex I</CELL></ROW><ROW><CELL COL="1">Annex III, points (1) and (2)</CELL><CELL COL="2">Annex II, point (6)</CELL></ROW><ROW><CELL COL="1">Annex III, point (3)</CELL><CELL COL="2">Annex I, point (8)</CELL></ROW></CORPUS></TBL></CONTENTS></ANNEX>
