<?xml version="1.0" encoding="UTF-8"?>
<ACT xmlns:xsi="http://www.w3.org/2001/XMLSchema-instance" xsi:noNamespaceSchemaLocation="http://formex.publications.europa.eu/schema/formex-06.02.3-20250123.xd" NNC="YES"><BIB.INSTANCE><DOCUMENT.REF FILE="L_202501572EN.doc.fmx.xml"><COLL>L</COLL><NO.DOC FORMAT="YN" TYPE="OJ"><COM>EU</COM><YEAR>2025</YEAR><NO.CURRENT>1572</NO.CURRENT></NO.DOC><LG.OJ>EN</LG.OJ><PAGE.FIRST>1</PAGE.FIRST><PAGE.SEQ>1</PAGE.SEQ><VOLUME.REF>01</VOLUME.REF></DOCUMENT.REF><DATE ISO="20250729">20250729</DATE><LG.DOC>EN</LG.DOC><NO.SEQ>0001</NO.SEQ><PAGE.FIRST>1</PAGE.FIRST><PAGE.SEQ>1</PAGE.SEQ><PAGE.LAST>4</PAGE.LAST><PAGE.TOTAL>4</PAGE.TOTAL><NO.DOC FORMAT="YN" TYPE="OJ"><COM>EU</COM><YEAR>2025</YEAR><NO.CURRENT>1572</NO.CURRENT></NO.DOC></BIB.INSTANCE><TITLE><TI><P><HT TYPE="UC">Commission Implementing Regulation</HT> (EU) 2025/1572</P><P>of <DATE ISO="20250729">29 July 2025</DATE></P><P>laying down rules for the application of Regulation (EU) No 910/2014 of the European Parliament and of the Council as regards the format and procedures for notification of intention and verification with regard to the initiation of qualified trust services</P></TI></TITLE><PREAMBLE><PREAMBLE.INIT>THE EUROPEAN COMMISSION,</PREAMBLE.INIT><GR.VISA><VISA>Having regard to the Treaty on the Functioning of the European Union,</VISA><VISA>Having regard to Regulation (EU) No 910/2014 of the European Parliament and of the Council of <DATE ISO="20140723">23 July 2014</DATE> on electronic identification and trust services for electronic transactions in the internal market and repealing Directive 1999/93/EC<NOTE NOTE.ID="E0001" NUMBERING="ARAB" NUMBERING.CONTINUED="YES" TYPE="FOOTNOTE"><P><REF.DOC.OJ PAGE.FIRST="73" NO.OJ="257" DATE.PUB="20140828" COLL="L">OJ L 257, 28.8.2014, p. 73</REF.DOC.OJ>, ELI: <LINK URI="http://data.europa.eu/eli/reg/2014/910/oj">http://data.europa.eu/eli/reg/2014/910/oj</LINK>.</P></NOTE>, and in particular Article 21(4) thereof,</VISA></GR.VISA><GR.CONSID><GR.CONSID.INIT>Whereas:</GR.CONSID.INIT><CONSID><NP><NO.P>(1)</NO.P><TXT>Where trust service providers intend to start providing a qualified trust service, they are to notify the supervisory body of their intention together with a conformity assessment report issued by a conformity assessment body confirming the fulfilment of the requirements laid down in Regulation (EU) No 910/2014. The supervisory body is to verify whether the trust service provider and the trust services provided by it comply with the requirements laid down in that Regulation. Where the supervisory body concludes that the trust service provider and the trust services provided by it comply with those requirements, the supervisory body is to grant qualified status to the trust service provider and the trust services it provides. To that end, supervisory bodies should make publicly available information about how trust service providers are to notify their intention of becoming a qualified trust service provider. To ensure that qualified trust service providers operate on equal terms in the Union, it is necessary that supervisory bodies verify the same type of information about trust service providers and in the same way.</TXT></NP></CONSID><CONSID><NP><NO.P>(2)</NO.P><TXT>Supervisory bodies should be transparent about how they process the information that trust service providers include in their notifications. The supervisory bodies should therefore draw up and make publicly available a description outlining how they verify whether the trust service provider complies with the relevant requirements.</TXT></NP></CONSID><CONSID><NP><NO.P>(3)</NO.P><TXT>The Regulation should apply from 12 months after its entry into force to ensure an adequate transitional period for Member States to be able to comply with the requirements of this Regulation by making the necessary adjustments as regards notifications to the supervisory bodies. Such adjustments may include updating national laws, organisational guidelines, and national information systems.</TXT></NP></CONSID><?PAGE NO="2"?><CONSID><NP><NO.P>(4)</NO.P><TXT>Regulation (EU) 2016/679 of the European Parliament and of the Council<NOTE NOTE.ID="E0002" NUMBERING="ARAB" NUMBERING.CONTINUED="YES" TYPE="FOOTNOTE"><P>Regulation (EU) 2016/679 of the European Parliament and of the Council of <DATE ISO="20160427">27 April 2016</DATE> on the protection of natural persons with regard to the processing of personal data and on the free movement of such data, and repealing Directive 95/46/EC (General Data Protection Regulation) (<REF.DOC.OJ PAGE.FIRST="1" NO.OJ="119" DATE.PUB="20160504" COLL="L">OJ L 119, 4.5.2016, p. 1</REF.DOC.OJ>, ELI: <LINK URI="http://data.europa.eu/eli/reg/2016/679/oj">http://data.europa.eu/eli/reg/2016/679/oj</LINK>).</P></NOTE> and, where relevant, Directive 2002/58/EC of the European Parliament and of the Council<NOTE NOTE.ID="E0003" NUMBERING="ARAB" NUMBERING.CONTINUED="YES" TYPE="FOOTNOTE"><P>Directive 2002/58/EC of the European Parliament and of the Council of <DATE ISO="20020712">12 July 2002</DATE> concerning the processing of personal data and the protection of privacy in the electronic communications sector (Directive on privacy and electronic communications) (<REF.DOC.OJ PAGE.FIRST="37" NO.OJ="201" DATE.PUB="20020731" COLL="L">OJ L 201, 31.7.2002, p. 37</REF.DOC.OJ>, ELI: <LINK URI="http://data.europa.eu/eli/dir/2002/58/oj">http://data.europa.eu/eli/dir/2002/58/oj</LINK>).</P></NOTE> apply to the personal data processing activities under this Regulation.</TXT></NP></CONSID><CONSID><NP><NO.P>(5)</NO.P><TXT>The European Data Protection Supervisor was consulted in accordance with Article 42(1) of Regulation (EU) 2018/1725 of the European Parliament and of the Council<NOTE NOTE.ID="E0004" NUMBERING="ARAB" NUMBERING.CONTINUED="YES" TYPE="FOOTNOTE"><P>Regulation (EU) 2018/1725 of the European Parliament and of the Council of <DATE ISO="20181023">23 October 2018</DATE> on the protection of natural persons with regard to the processing of personal data by the Union institutions, bodies, offices and agencies and on the free movement of such data, and repealing Regulation (EC) No 45/2001 and Decision No 1247/2002/EC (<REF.DOC.OJ PAGE.FIRST="39" NO.OJ="295" DATE.PUB="20181121" COLL="L">OJ L 295, 21.11.2018, p. 39</REF.DOC.OJ>, ELI: <LINK URI="http://data.europa.eu/eli/reg/2018/1725/oj">http://data.europa.eu/eli/reg/2018/1725/oj</LINK>).</P></NOTE> and delivered its opinion on <DATE ISO="20250606">6 June 2025</DATE>.</TXT></NP></CONSID><CONSID><NP><NO.P>(6)</NO.P><TXT>The measures provided for in this Regulation are in accordance with the opinion of the committee established by Article 48 of Regulation (EU) No 910/2014,</TXT></NP></CONSID></GR.CONSID><PREAMBLE.FINAL>HAS ADOPTED THIS REGULATION:</PREAMBLE.FINAL></PREAMBLE><ENACTING.TERMS><ARTICLE IDENTIFIER="001"><TI.ART>Article 1</TI.ART><STI.ART>Verification methodology</STI.ART><PARAG IDENTIFIER="001.001"><NO.PARAG>1.</NO.PARAG><ALINEA>Supervisory bodies shall establish a methodology for verifying compliance of trust service providers having notified their intention to start providing a qualified trust service with the requirements laid down in Regulation (EU) No 910/2014 and Article 21(2) of Directive (EU) 2022/2555 of the European Parliament and of the Council<NOTE NOTE.ID="E0005" NUMBERING="ARAB" NUMBERING.CONTINUED="YES" TYPE="FOOTNOTE"><P>Directive (EU) 2022/2555 of the European Parliament and of the Council of <DATE ISO="20221214">14 December 2022</DATE> on measures for a high common level of cybersecurity across the Union, amending Regulation (EU) No 910/2014 and Directive (EU) 2018/1972, and repealing Directive (EU) 2016/1148 (NIS 2 Directive) (<REF.DOC.OJ PAGE.FIRST="80" NO.OJ="333" DATE.PUB="20221227" COLL="L">OJ L 333, 27.12.2022, p. 80</REF.DOC.OJ>, ELI: <LINK URI="http://data.europa.eu/eli/dir/2022/2555/oj">http://data.europa.eu/eli/dir/2022/2555/oj</LINK>).</P></NOTE>.</ALINEA></PARAG><PARAG IDENTIFIER="001.002"><NO.PARAG>2.</NO.PARAG><ALINEA>The verification methodology shall include procedures and processes for involving competent authorities designated or established pursuant to Article 8(1) of Directive (EU) 2022/2555, which carry out supervisory actions to verify the trust service provider’s compliance with the requirements laid down in Article 21 of Directive (EU) 2022/2555.</ALINEA></PARAG></ARTICLE><ARTICLE IDENTIFIER="002"><TI.ART>Article 2</TI.ART><STI.ART>Transparency</STI.ART><ALINEA><P>Supervisory bodies shall make the following information publicly available:</P><LIST TYPE="ARAB"><ITEM><NP><NO.P>(1)</NO.P><TXT>contact details of the supervisory body;</TXT></NP></ITEM><ITEM><NP><NO.P>(2)</NO.P><TXT>the communication channels to be used when trust service providers submit a notification of the intention to start providing a qualified trust service;</TXT></NP></ITEM><ITEM><NP><NO.P>(3)</NO.P><TXT>the list of documentation that trust service providers are to provide as a part of a notification of intention to start providing a qualified trust service;</TXT></NP></ITEM><ITEM><NP><NO.P>(4)</NO.P><TXT>the procedures for handling complaints relating to the process of verification of compliance of trust service providers having notified their intention to start providing a qualified trust service with the requirements laid down in Regulation (EU) No 910/2014 and Article 21(2) of Directive (EU) 2022/2555;</TXT></NP></ITEM><ITEM><NP><NO.P>(5)</NO.P><TXT>a general description of the methodology referred to in Article 1.</TXT></NP></ITEM></LIST></ALINEA></ARTICLE><?PAGE NO="3"?><ARTICLE IDENTIFIER="003"><TI.ART>Article 3</TI.ART><STI.ART>Trust service provider notifications</STI.ART><ALINEA><P>Trust service providers shall provide at least the following information in their notifications of intention to start providing a qualified trust service:</P><LIST TYPE="ARAB"><ITEM><NP><NO.P>(1)</NO.P><TXT>where the trust service provider is a legal person, its name and, where applicable, a registration number, name of the Member State where it is established and the name of the person(s) signing or submitting the notification on behalf of the legal person;</TXT></NP></ITEM><ITEM><NP><NO.P>(2)</NO.P><TXT>where the trust service provider is a natural person, their name and personal identification number, and in the absence thereof their date of birth and the type and number of their identity document;</TXT></NP></ITEM><ITEM><NP><NO.P>(3)</NO.P><TXT>the telephone number, email address and postal address of the trust service provider;</TXT></NP></ITEM><ITEM><NP><NO.P>(4)</NO.P><TXT>the Uniform Resource Identifiers (URI) where users can obtain additional information concerning that trust service provider, including the practice statements and policies, the general terms and conditions and the customer care policies that apply to the trust service being notified;</TXT></NP></ITEM><ITEM><NP><NO.P>(5)</NO.P><TXT>the risk analysis underlying the measures referred to in Article 24(2), point (fa) of Regulation (EU) No 910/2014, and the risk analysis underlying the measures referred to in Article 21 of Directive (EU) 2022/2555;</TXT></NP></ITEM><ITEM><NP><NO.P>(6)</NO.P><TXT>each qualified trust service which the trust service provider intends to start providing;</TXT></NP></ITEM><ITEM><NP><NO.P>(7)</NO.P><TXT>for each trust service that the trust service provider intends to start providing as a qualified trust service:</TXT><P><LIST TYPE="DASH"><ITEM><P>one or more identifiers and, where applicable, certificates of the trust service, for inclusion in the national trusted list in accordance with the implementing acts adopted pursuant to Article 22(5) of Regulation (EU) No 910/2014;</P></ITEM><ITEM><P>the intended start date of the provision of the trust service;</P></ITEM><ITEM><P>the conformity assessment reports(s) of the trust service and the contact details of the conformity assessment body;</P></ITEM><ITEM><P>where applicable, technical reports supporting the conformity assessment report.</P></ITEM></LIST></P></NP></ITEM><ITEM><NP><NO.P>(8)</NO.P><TXT>the termination plan referred to in Article 24(2), point (i) of Regulation (EU) No 910/2014.</TXT></NP></ITEM></LIST></ALINEA></ARTICLE><ARTICLE IDENTIFIER="004"><TI.ART>Article 4</TI.ART><STI.ART>Verifications by supervisory bodies</STI.ART><PARAG IDENTIFIER="004.001"><NO.PARAG>1.</NO.PARAG><ALINEA>To determine whether the trust service provider and the qualified trust service it intends to provide comply with the requirements of Regulation (EU) No 910/2014 and Article 21 of Directive (EU) 2022/2555, supervisory bodies shall analyse the trust service provider’s provided information and may, in addition to any measures described in the methodology established pursuant to Article 1, perform on-site verifications, as well as interviews with representatives of the trust service provider and the conformity assessment body.</ALINEA></PARAG><PARAG IDENTIFIER="004.002"><NO.PARAG>2.</NO.PARAG><ALINEA><P>Supervisory bodies shall verify at least the following elements:</P><LIST TYPE="alpha"><ITEM><NP><NO.P>(a)</NO.P><TXT>the submitted conformity assessment report sufficiently demonstrates compliance of the trust service provider and the qualified trust service it intends to provide with the requirements set out in Regulation (EU) No 910/2014 and in Article 21 of Directive (EU) 2022/2555;</TXT></NP></ITEM><ITEM><NP><NO.P>(b)</NO.P><TXT>the submitted conformity assessment report complies with the requirements set out in the implementing acts adopted pursuant to Article 20(4) of Regulation (EU) No 910/2014;</TXT></NP></ITEM><?PAGE NO="4"?><ITEM><NP><NO.P>(c)</NO.P><TXT>any information contained in the submitted conformity assessment report indicating non-conformity with the requirements of Regulation (EU) No 910/2014;</TXT></NP></ITEM><ITEM><NP><NO.P>(d)</NO.P><TXT>any additional information considered necessary to verify compliance with the requirements laid down in Regulation (EU) No 910/2014 and in Article 21 of Directive (EU) 2022/2555.</TXT></NP></ITEM></LIST></ALINEA></PARAG></ARTICLE><ARTICLE IDENTIFIER="005"><TI.ART>Article 5</TI.ART><STI.ART>Entry into force and applicability</STI.ART><ALINEA>This Regulation shall enter into force on the twentieth day following that of its publication in the <HT TYPE="ITALIC">Official Journal of the European Union</HT>.</ALINEA><ALINEA>This Regulation shall apply from <DATE ISO="20260819">19 August 2026</DATE>.</ALINEA></ARTICLE></ENACTING.TERMS><FINAL><P>This Regulation shall be binding in its entirety and directly applicable in all Member States.</P><SIGNATURE><PL.DATE><P>Done at Brussels, <DATE ISO="20250729">29 July 2025</DATE>.</P></PL.DATE><SIGNATORY><P><HT TYPE="ITALIC">For the Commission</HT></P><P><HT TYPE="ITALIC">The President</HT></P><P>Ursula <HT TYPE="UC">von der Leyen</HT></P></SIGNATORY></SIGNATURE></FINAL></ACT>
