<?xml version="1.0" encoding="UTF-8"?>
<ACT xmlns:xsi="http://www.w3.org/2001/XMLSchema-instance" xsi:noNamespaceSchemaLocation="http://formex.publications.europa.eu/schema/formex-06.02.1-20231031.xd" NNC="YES"><BIB.INSTANCE><DOCUMENT.REF FILE="L_202402978EN.doc.fmx.xml"><COLL>L</COLL><NO.DOC FORMAT="YN" TYPE="OJ"><COM>EU</COM><YEAR>2024</YEAR><NO.CURRENT>2978</NO.CURRENT></NO.DOC><LG.OJ>EN</LG.OJ><PAGE.FIRST>1</PAGE.FIRST><PAGE.SEQ>1</PAGE.SEQ><VOLUME.REF>01</VOLUME.REF></DOCUMENT.REF><DATE ISO="20241125">20241125</DATE><LG.DOC>EN</LG.DOC><NO.SEQ>0001</NO.SEQ><PAGE.FIRST>1</PAGE.FIRST><PAGE.SEQ>1</PAGE.SEQ><PAGE.LAST>2</PAGE.LAST><PAGE.TOTAL>2</PAGE.TOTAL><NO.DOC FORMAT="YN" TYPE="OJ"><COM>EU</COM><YEAR>2024</YEAR><NO.CURRENT>2978</NO.CURRENT></NO.DOC></BIB.INSTANCE><TITLE><TI><P><HT TYPE="UC">Commission Implementing Regulation</HT> (EU) 2024/2978</P><P>of <DATE ISO="20241125">25 November 2024</DATE></P><P>on the registration of the geographical indication <QUOT.START CODE="2018" ID="QS0001" REF.END="QE0001"/>Gaziantep Menengiç Kahvesi / Gaziantep Melengiç Kahvesi<QUOT.END CODE="2019" ID="QE0001" REF.START="QS0001"/> (PDO) in the Union register of geographical indications pursuant to Regulation (EU) 2024/1143 of the European Parliament and of the Council</P></TI></TITLE><PREAMBLE><PREAMBLE.INIT>THE EUROPEAN COMMISSION,</PREAMBLE.INIT><GR.VISA><VISA>Having regard to the Treaty on the Functioning of the European Union,</VISA><VISA>Having regard to Regulation (EU) 2024/1143 of the European Parliament and of the Council of <DATE ISO="20240411">11 April 2024</DATE> on geographical indications for wine, spirit drinks and agricultural products, as well as traditional specialities guaranteed and optional quality terms for agricultural products, amending Regulations (EU) No 1308/2013, (EU) 2019/787 and (EU) 2019/1753 and repealing Regulation (EU) No 1151/2012<NOTE TYPE="FOOTNOTE" NUMBERING.CONTINUED="YES" NOTE.ID="E0001" NUMBERING="ARAB"><P><REF.DOC COLL="L" DATE.PUB="20240423" NO.DOC="1143" URI="http://data.europa.eu/eli/reg/2024/1143/oj" CONTEXT="EUR-LEX">OJ L, 2024/1143, 23.4.2024, ELI: http://data.europa.eu/eli/reg/2024/1143/oj</REF.DOC>.</P></NOTE>, and in particular Article 21(2) thereof,</VISA></GR.VISA><GR.CONSID><GR.CONSID.INIT>Whereas:</GR.CONSID.INIT><CONSID><NP><NO.P>(1)</NO.P><TXT>Pursuant to Article 50(2), point (a), of Regulation (EU) No 1151/2012 of the European Parliament and of the Council<NOTE TYPE="FOOTNOTE" NUMBERING.CONTINUED="YES" NOTE.ID="E0002" NUMBERING="ARAB"><P>Regulation (EU) No 1151/2012 of the European Parliament and of the Council of <DATE ISO="20121121">21 November 2012</DATE> on quality schemes for agricultural products and foodstuffs (<REF.DOC.OJ NO.OJ="343" COLL="L" DATE.PUB="20121214" PAGE.FIRST="1">OJ L 343, 14.12.2012, p. 1</REF.DOC.OJ>, ELI: <LINK URI="http://data.europa.eu/eli/reg/2012/1151/oj">http://data.europa.eu/eli/reg/2012/1151/oj</LINK>).</P></NOTE>, Türkiye’s application for registration of the geographical indication <QUOT.START CODE="2018" ID="QS0002" REF.END="QE0002"/>Gaziantep Menengiç Kahvesi / Gaziantep Melengiç Kahvesi<QUOT.END CODE="2019" ID="QE0002" REF.START="QS0002"/>, which the Commission had received before the date of entry into force of Regulation (EU) 2024/1143, was published in the <HT TYPE="ITALIC">Official Journal of the European Union</HT><NOTE TYPE="FOOTNOTE" NUMBERING.CONTINUED="YES" NOTE.ID="E0003" NUMBERING="ARAB"><P><REF.DOC COLL="C" DATE.PUB="20240711" NO.DOC="4505" URI="http://data.europa.eu/eli/C/2024/4505/oj" CONTEXT="EUR-LEX">OJ C, C/2024/4505, 11.7.2024, ELI: http://data.europa.eu/eli/C/2024/4505/oj</REF.DOC>.</P></NOTE>.</TXT></NP></CONSID><CONSID><NP><NO.P>(2)</NO.P><TXT>No statement of opposition under Article 17 of Regulation (EU) 2024/1143, which is applicable to the application for registration in accordance with Article 90(2) of that Regulation, has been received by the Commission.</TXT></NP></CONSID><CONSID><NP><NO.P>(3)</NO.P><TXT>The geographical indication <QUOT.START CODE="2018" ID="QS0003" REF.END="QE0003"/>Gaziantep Menengiç Kahvesi / Gaziantep Melengiç Kahvesi<QUOT.END CODE="2019" ID="QE0003" REF.START="QS0003"/> should therefore be entered in the Union register of geographical indications,</TXT></NP></CONSID></GR.CONSID><PREAMBLE.FINAL>HAS ADOPTED THIS REGULATION:</PREAMBLE.FINAL></PREAMBLE><ENACTING.TERMS><ARTICLE IDENTIFIER="001"><TI.ART>Article 1</TI.ART><ALINEA>The geographical indication <QUOT.START CODE="2018" ID="QS0004" REF.END="QE0004"/>Gaziantep Menengiç Kahvesi / Gaziantep Melengiç Kahvesi<QUOT.END CODE="2019" ID="QE0004" REF.START="QS0004"/> (PDO) is hereby entered in the Union register of geographical indications referred to in Article 22 of Regulation (EU) 2024/1143.</ALINEA></ARTICLE><ARTICLE IDENTIFIER="002"><TI.ART>Article 2</TI.ART><ALINEA>This Regulation shall enter into force on the twentieth day following that of its publication in the <HT TYPE="ITALIC">Official Journal of the European Union</HT>.</ALINEA></ARTICLE></ENACTING.TERMS><?PAGE NO="2"?><FINAL><P>This Regulation shall be binding in its entirety and directly applicable in all Member States.</P><SIGNATURE><PL.DATE><P>Done at Brussels, <DATE ISO="20241125">25 November 2024</DATE>.</P></PL.DATE><SIGNATORY><P><HT TYPE="ITALIC">For the Commission,</HT></P><P><HT TYPE="ITALIC">On behalf of the President,</HT></P><P>Janusz <HT TYPE="UC">Wojciechowski</HT></P><P><HT TYPE="ITALIC">Member of the Commission</HT></P></SIGNATORY></SIGNATURE></FINAL></ACT>
