<?xml version="1.0" encoding="UTF-8"?>
<DOC xmlns:xsi="http://www.w3.org/2001/XMLSchema-instance" xsi:noNamespaceSchemaLocation="http://formex.publications.europa.eu/schema/formex-06.02.1-20231031.xd"><BIB.DOC><PROD.ID>20241126024</PROD.ID><FIN.ID>545300</FIN.ID><NO.DOC FORMAT="YN" TYPE="OJ"><COM>EU</COM><YEAR>2024</YEAR><NO.CURRENT>2978</NO.CURRENT></NO.DOC><DURAB TYPE="DUR"/><AUTHOR>COM</AUTHOR><NO.ELI ID="http://data.europa.eu/eli/reg_impl/2024/2978/oj">ELI:http://data.europa.eu/eli/reg_impl/2024/2978/oj</NO.ELI></BIB.DOC><PUBLICATION.REF FILE="L_202402978EN.toc.fmx.xml"><COLL>L</COLL><NO.DOC FORMAT="YN" TYPE="OJ"><COM>EU</COM><YEAR>2024</YEAR><NO.CURRENT>2978</NO.CURRENT></NO.DOC><DATE ISO="20241202">20241202</DATE><LG.OJ>EN</LG.OJ><VOLUME.REF>01</VOLUME.REF></PUBLICATION.REF><FMX><DOC.MAIN.PUB NO.SEQ="0001" SYNOPTISM="D0001"><LG.DOC>EN</LG.DOC><LEGAL.VALUE>REG_IMPL</LEGAL.VALUE><DATE ISO="20241125">20241125</DATE><PAGE.FIRST>1</PAGE.FIRST><PAGE.LAST>2</PAGE.LAST><PAGE.TOTAL>2</PAGE.TOTAL><PAGE.SEQ>1</PAGE.SEQ><REF.PHYS FILE="L_202402978EN.000101.fmx.xml" TYPE="DOC.XML"/></DOC.MAIN.PUB></FMX><PAPER><VOLUME.PAPER><ITEM.VOLUME REF.NO.SEQ="0001"><TITLE REF.TITLE="T0001"/><ITEM.REF>1</ITEM.REF></ITEM.VOLUME></VOLUME.PAPER></PAPER><PDF><ITEM.VOLUME REF.NO.SEQ="0001"><TITLE ID.TITLE="T0001"><TI><P>Commission Implementing Regulation (EU) 2024/2978 of <DATE ISO="20241125">25 November 2024</DATE> on the registration of the geographical indication <QUOT.START CODE="2018" ID="QS0001" REF.END="QE0001"/>Gaziantep Menengiç Kahvesi / Gaziantep Melengiç Kahvesi<QUOT.END CODE="2019" ID="QE0001" REF.START="QS0001"/> (PDO) in the Union register of geographical indications pursuant to Regulation (EU) 2024/1143 of the European Parliament and of the Council</P></TI></TITLE><ITEM.REF REF.PDF="L_202402978EN.pdf">1</ITEM.REF></ITEM.VOLUME></PDF></DOC>
