<?xml version="1.0" encoding="UTF-8"?>
<ANNEX xmlns:xsi="http://www.w3.org/2001/XMLSchema-instance" xsi:noNamespaceSchemaLocation="http://formex.publications.europa.eu/schema/formex-06.02.3-20250123.xd" NNC="YES"><BIB.INSTANCE><DOCUMENT.REF FILE="L_202501929EN.doc.fmx.xml"><COLL>L</COLL><NO.DOC FORMAT="YN" TYPE="OJ"><COM>EU</COM><YEAR>2025</YEAR><NO.CURRENT>1929</NO.CURRENT></NO.DOC><LG.OJ>EN</LG.OJ><PAGE.FIRST>1</PAGE.FIRST><PAGE.SEQ>1</PAGE.SEQ><VOLUME.REF>01</VOLUME.REF></DOCUMENT.REF><DATE ISO="20250929">20250929</DATE><LG.DOC>EN</LG.DOC><NO.SEQ>0001.0001</NO.SEQ><PAGE.FIRST>3</PAGE.FIRST><PAGE.SEQ>1</PAGE.SEQ><PAGE.LAST>6</PAGE.LAST><PAGE.TOTAL>4</PAGE.TOTAL></BIB.INSTANCE><TITLE><TI><P>ANNEX</P></TI><STI><P>List of reference standards and specifications for qualified time stamp services</P></STI></TITLE><CONTENTS><P>The standards ETSI EN <FT TYPE="NUMBER">319421</FT> V1.3.1<NOTE NOTE.ID="E0001" NUMBERING="ARAB" NUMBERING.CONTINUED="YES" TYPE="FOOTNOTE"><P>EN <FT TYPE="NUMBER">319421</FT> – Electronic Signatures and Infrastructures (ESI) – Policy and Security Requirements for Trust Service Providers issuing Time Stamps, V1.3.1.</P></NOTE> (<QUOT.START CODE="2018" ID="QS0001" REF.END="QE0001"/>ETSI EN <FT TYPE="NUMBER">319421</FT><QUOT.END CODE="2019" ID="QE0001" REF.START="QS0001"/>) and ETSI EN <FT TYPE="NUMBER">319422</FT> V1.1.1<NOTE NOTE.ID="E0002" NUMBERING="ARAB" NUMBERING.CONTINUED="YES" TYPE="FOOTNOTE"><P>EN <FT TYPE="NUMBER">319422</FT> – Electronic Signatures and Infrastructures (ESI) – Time-stamping protocol and time-stamp token profiles, V1.1.1 (2016-03), <LINK URI="https://www.etsi.org/deliver/etsi_en/319400_319499/319422/01.01.01_60/en_319422v010101p.pdf">https://www.etsi.org/deliver/etsi_en/319400_319499/319422/01.01.01_60/en_319422v010101p.pdf</LINK>.</P></NOTE> (<QUOT.START CODE="2018" ID="QS0002" REF.END="QE0002"/>ETSI EN <FT TYPE="NUMBER">319422</FT><QUOT.END CODE="2019" ID="QE0002" REF.START="QS0002"/>) apply with the following adaptations:</P><LIST TYPE="ARAB"><ITEM><NP><NO.P>1.</NO.P><TXT>For ETSI EN <FT TYPE="NUMBER">319421</FT></TXT><P><LIST TYPE="ARAB"><ITEM><NP><NO.P>(1)</NO.P><TXT>2.1 Normative references:</TXT><P><LIST TYPE="DASH"><ITEM><P>[3] ISO/IEC 15408:2022 (parts 1 to 5) <QUOT.START CODE="2018" ID="QS0003" REF.END="QE0003"/>Information security, cybersecurity and privacy protection – Evaluation criteria for IT security<QUOT.END CODE="2019" ID="QE0003" REF.START="QS0003"/>.</P></ITEM><ITEM><P>[4] ETSI EN <FT TYPE="NUMBER">319401</FT> V3.1.1 (2024-06) <QUOT.START CODE="2018" ID="QS0004" REF.END="QE0004"/>Electronic Signatures and Infrastructures (ESI); General Policy Requirements for Trust Service Providers<QUOT.END CODE="2019" ID="QE0004" REF.START="QS0004"/>.</P></ITEM><ITEM><P>[5] ETSI EN <FT TYPE="NUMBER">319422</FT> V1.1.1 (2016-03) <QUOT.START CODE="2018" ID="QS0005" REF.END="QE0005"/>Electronic Signatures and Infrastructures (ESI); Time-stamping protocol and time-stamp token profiles<QUOT.END CODE="2019" ID="QE0005" REF.START="QS0005"/>.</P></ITEM><ITEM><P>[6] void.</P></ITEM><ITEM><P>[9] European Cybersecurity Certification Group, Sub-group on Cryptography: <QUOT.START CODE="2018" ID="QS0006" REF.END="QE0006"/>Agreed Cryptographic Mechanisms<QUOT.END CODE="2019" ID="QE0006" REF.START="QS0006"/> published by the European Union Agency for Cybersecurity (<QUOT.START CODE="2018" ID="QS0007" REF.END="QE0007"/>ENISA<QUOT.END CODE="2019" ID="QE0007" REF.START="QS0007"/>)<NOTE NOTE.ID="E0003" NUMBERING="ARAB" NUMBERING.CONTINUED="YES" TYPE="FOOTNOTE"><P><LINK URI="https://certification.enisa.europa.eu/publications/eucc-guidelines-cryptography_en">https://certification.enisa.europa.eu/publications/eucc-guidelines-cryptography_en</LINK>.</P></NOTE>.</P></ITEM><ITEM><P>[10] Commission Implementing Regulation (EU) 2024/482<NOTE NOTE.ID="E0004" NUMBERING="ARAB" NUMBERING.CONTINUED="YES" TYPE="FOOTNOTE"><P><REF.DOC COLL="L" CONTEXT="EUR-LEX" DATE.PUB="20240207" NO.DOC="482" URI="http://data.europa.eu/eli/reg_impl/2024/482/oj">OJ L, 2024/482, 7.2.2024, ELI: http://data.europa.eu/eli/reg_impl/2024/482/oj</REF.DOC>.</P></NOTE> of <DATE ISO="20240131">31 January 2024</DATE> laying down rules for the application of Regulation (EU) 2019/881 of the European Parliament and of the Council as regards the adoption of the European Common Criteria-based cybersecurity certification scheme (<QUOT.START CODE="2018" ID="QS0008" REF.END="QE0008"/>EUCC<QUOT.END CODE="2019" ID="QE0008" REF.START="QS0008"/>).</P></ITEM><ITEM><P>[11] Commission Implementing Regulation (EU) 2024/3144<NOTE NOTE.ID="E0005" NUMBERING="ARAB" NUMBERING.CONTINUED="YES" TYPE="FOOTNOTE"><P><REF.DOC COLL="L" CONTEXT="EUR-LEX" DATE.PUB="20241219" NO.DOC="3144" URI="http://data.europa.eu/eli/reg_impl/2024/3144/oj">OJ L, 2024/3144, 19.12.2024, ELI: http://data.europa.eu/eli/reg_impl/2024/3144/oj</REF.DOC>.</P></NOTE> of <DATE ISO="20241218">18 December 2024</DATE> amending Implementing Regulation (EU) 2024/482 as regards applicable international standards and correcting that Implementing Regulation.</P></ITEM></LIST></P></NP></ITEM><ITEM><NP><NO.P>(2)</NO.P><TXT>3.1 Terms</TXT><P><LIST TYPE="DASH"><ITEM><P>certificate validity period: time interval from notBefore to notAfter inclusive, during which the certification authority (<QUOT.START CODE="2018" ID="QS0009" REF.END="QE0009"/>CA<QUOT.END CODE="2019" ID="QE0009" REF.START="QS0009"/>) warrants that it will maintain information about the status of the certificate.</P></ITEM></LIST></P></NP></ITEM><ITEM><NP><NO.P>(3)</NO.P><TXT>3.3 Abbreviations</TXT><P><LIST TYPE="DASH"><ITEM><P>EUCC European Common Criteria-based cybersecurity certification scheme</P></ITEM></LIST></P></NP></ITEM><ITEM><NP><NO.P>(4)</NO.P><TXT>6.2 Trust Service Practice Statement</TXT><P><LIST TYPE="DASH"><ITEM><P>OVR-6.2-03 The TSA shall include statements about the availability of its time-stamping service in its TSA disclosure statement.</P></ITEM></LIST></P></NP></ITEM><ITEM><NP><NO.P>(5)</NO.P><TXT>7.3 Personnel security</TXT><P><LIST TYPE="DASH"><ITEM><P>OVR-7.3-02 The TSA’s personnel in trusted roles, and if applicable its subcontractors in trusted roles, shall be able to fulfil the requirement of <QUOT.START CODE="2018" ID="QS0010" REF.END="QE0010"/>expert knowledge, experience and qualifications<QUOT.END CODE="2019" ID="QE0010" REF.START="QS0010"/> through formal training and credentials, or actual experience, or a combination of the two.</P></ITEM><ITEM><P>OVR-7.3-03 Compliance with OVR-7.3-02 shall include regular updates (at least every 12 months) on new threats and current security practices.</P></ITEM></LIST></P></NP></ITEM><?PAGE NO="4"?><ITEM><NP><NO.P>(6)</NO.P><TXT>7.6.2 TSU key generation</TXT><P><LIST TYPE="DASH"><ITEM><P>TIS-7.6.2-03 The generation of the TSU’s key(s) shall be carried out within a secure cryptographic device which is a trustworthy system certified in accordance with:</P><P><LIST TYPE="alpha"><ITEM><NP><NO.P>(a)</NO.P><TXT>Common Criteria for Information Technology Security Evaluation, as set out in ISO/IEC 15408 [3] or in Common Criteria for Information Technology Security Evaluation, version CC:2022, Parts 1 through 5, published by the participants of the Arrangement on the Recognition of Common Criteria Certificates in the field of IT Security, and certified to EAL 4 or higher; or</TXT></NP></ITEM><ITEM><NP><NO.P>(b)</NO.P><TXT>EUCC [10][11], and certified to EAL 4 or higher; or</TXT></NP></ITEM><ITEM><NP><NO.P>(c)</NO.P><TXT>until <DATE ISO="20301231">31.12.2030</DATE>, FIPS PUB 140-3 [7] level 3.</TXT></NP></ITEM></LIST></P><P>This certification shall be to a security target or protection profile, or to a module design and security documentation, which meets the requirements of the present document, based on a risk analysis and taking into account physical and other non-technical security measures.</P><P>If the secure cryptographic device benefits from an EUCC [10][11] certification, then this device shall be configured and used in accordance with that certification.</P></ITEM><ITEM><P>TIS-7.6.2-04 void.</P></ITEM><ITEM><P>NOTE 3 void.</P></ITEM><ITEM><P>TIS-7.6.2-05A The TSU key generation algorithm, the resulting signing key length and signature algorithm used for signing time-stamps and for signing TSU public key certificates respectively shall be compliant with the Agreed Cryptographic Mechanisms endorsed by the European Cybersecurity Certification Group [9] and published by ENISA.</P></ITEM><ITEM><P>NOTE 4 void.</P></ITEM><ITEM><P>TIS-7.6.2-06 A TSU’s signing key shall only be exported and imported into a different secure cryptographic device where this export and import are implemented securely and in accordance with the certification of those devices.</P></ITEM></LIST></P></NP></ITEM><ITEM><NP><NO.P>(7)</NO.P><TXT>7.6.3 TSU private key protection</TXT><P><LIST TYPE="DASH"><ITEM><P>TIS-7.6.3-02 The TSU private key shall be held and used within a secure cryptographic device which is a trustworthy system certified in accordance with:</P><P><LIST TYPE="alpha"><ITEM><NP><NO.P>(a)</NO.P><TXT>Common Criteria for Information Technology Security Evaluation, as set out in ISO/IEC 15408 [3] or in Common Criteria for Information Technology Security Evaluation, version CC:2002, Parts 1 through 5, published by the participants of the Arrangement on the Recognition of Common Criteria Certificates in the field of IT Security, and certified to EAL 4 or higher; or</TXT></NP></ITEM><ITEM><NP><NO.P>(b)</NO.P><TXT>the European Common Criteria-based cybersecurity certification scheme (EUCC) [10][11], and certified to EAL 4 or higher; or</TXT></NP></ITEM><ITEM><NP><NO.P>(c)</NO.P><TXT>until <DATE ISO="20301231">31.12.2030</DATE>, FIPS PUB 140-3 [7] level 3.</TXT></NP></ITEM></LIST></P><P>This certification shall be to a security target or protection profile, or to a module design and security documentation, which meets the requirements of the present document, based on a risk analysis and taking into account physical and other non-technical security measures.</P><P>If the secure cryptographic device benefits from an EUCC [10][11] certification, then this device shall be configured and used in accordance with that certification.</P></ITEM><ITEM><P>TIS-7.6.3-03 void.</P></ITEM><ITEM><P>NOTE 2 void.</P></ITEM></LIST></P></NP></ITEM><?PAGE NO="5"?><ITEM><NP><NO.P>(8)</NO.P><TXT>7.6.7 End of TSU key life cycle</TXT><P><LIST TYPE="DASH"><ITEM><P>TIS-7.6.7-03A The expiration date for TSU’s private keys shall be compliant with the Agreed Cryptographic Mechanisms [9].</P></ITEM><ITEM><P>NOTE 1 void.</P></ITEM></LIST></P></NP></ITEM><ITEM><NP><NO.P>(9)</NO.P><TXT>7.10 Network security</TXT><P><LIST TYPE="DASH"><ITEM><P>OVR-7.10-05 The vulnerability scan requested by REQ-7.8-13 of ETSI EN <FT TYPE="NUMBER">319401</FT> [1] shall be performed at least once per quarter.</P></ITEM><ITEM><P>OVR-7.10-06 The penetration test requested by REQ-7.8-17X of ETSI EN <FT TYPE="NUMBER">319401</FT> [1] shall be performed at least once per year.</P></ITEM><ITEM><P>OVR-7.10-07 Firewalls shall be configured to prevent all protocols and accesses not required for the operation of the TSA.</P></ITEM></LIST></P></NP></ITEM><ITEM><NP><NO.P>(10)</NO.P><TXT>7.14 TSA termination and termination plans</TXT><P><LIST TYPE="DASH"><ITEM><P>OVR-7.14-01A The TSP’s termination plan shall comply with the requirements set out in the implementing acts adopted pursuant to Article 24(5) of Regulation (EU) No 910/2014 [i.4].</P></ITEM></LIST></P></NP></ITEM></LIST></P></NP></ITEM><ITEM><NP><NO.P>2.</NO.P><TXT>For ETSI EN <FT TYPE="NUMBER">319422</FT></TXT><P><LIST TYPE="ARAB"><ITEM><NP><NO.P>(1)</NO.P><TXT>2.1 Normative references</TXT><P><LIST TYPE="DASH"><ITEM><P>[5] void.</P></ITEM><ITEM><P>[6] void.</P></ITEM><ITEM><P>[8] European Cybersecurity Certification Group, Sub-group on Cryptography: <QUOT.START CODE="2018" ID="QS0011" REF.END="QE0011"/>Agreed Cryptographic Mechanisms<QUOT.END CODE="2019" ID="QE0011" REF.START="QS0011"/>.</P></ITEM><ITEM><P>[9] RFC 9110 HTTP Semantics.</P></ITEM></LIST></P></NP></ITEM><ITEM><NP><NO.P>(2)</NO.P><TXT>4.1.3 Hash algorithms to be used</TXT><P><LIST TYPE="DASH"><ITEM><P>The following clause shall apply:</P><P>Hash algorithms used to hash the information to be time-stamped, the expected duration of the time stamp and selected hash functions versus time shall be compliant with the Agreed Cryptographic Mechanisms endorsed by the European Cybersecurity Certification Group and published by ENISA [8].</P></ITEM><ITEM><P>NOTE void.</P></ITEM></LIST></P></NP></ITEM><ITEM><NP><NO.P>(3)</NO.P><TXT>4.2.3 Algorithms to be supported</TXT><P><LIST TYPE="DASH"><ITEM><P>The following clause shall apply:</P><P>Time-stamp token signature algorithms to be supported shall be compliant with the Agreed Cryptographic Mechanisms endorsed by the European Cybersecurity Certification Group and published by ENISA [8].</P></ITEM><ITEM><P>NOTE void.</P></ITEM></LIST></P></NP></ITEM><ITEM><NP><NO.P>(4)</NO.P><TXT>4.2.4 Key lengths to be supported</TXT><P><LIST TYPE="DASH"><ITEM><P>The following clause shall apply:</P><P>Signature algorithm key lengths for the selected signature algorithm shall be compliant with the Agreed Cryptographic Mechanisms endorsed by the European Cybersecurity Certification Group and published by ENISA.</P></ITEM><ITEM><P>NOTE void.</P></ITEM></LIST></P></NP></ITEM><?PAGE NO="6"?><ITEM><NP><NO.P>(5)</NO.P><TXT>5.1.3 Algorithms to be supported</TXT><P><LIST TYPE="DASH"><ITEM><P>The following clause shall apply:</P><P>Hash algorithms for the time-stamp data to be supported, the expected duration of the time-stamp and selected hash functions versus time shall be compliant with the Agreed Cryptographic Mechanisms endorsed by the European Cybersecurity Certification Group and published by ENISA [8].</P></ITEM><ITEM><P>NOTE void.</P></ITEM></LIST></P></NP></ITEM><ITEM><NP><NO.P>(6)</NO.P><TXT>5.2.3 Algorithms to be used</TXT><P><LIST TYPE="DASH"><ITEM><P>The following clause shall apply:</P><P>Hash algorithms used to hash the information to be time-stamped and time-stamp token signature algorithms shall be compliant with the Agreed Cryptographic Mechanisms endorsed by the European Cybersecurity Certification Group and published by ENISA [8].</P></ITEM><ITEM><P>NOTE void.</P></ITEM></LIST></P></NP></ITEM><ITEM><NP><NO.P>(7)</NO.P><TXT>6.3 Key lengths requirements</TXT><P><LIST TYPE="DASH"><ITEM><P>The following clause shall apply:</P><P>The key length for the selected signature algorithm of the TSU certificate shall be compliant with the Agreed Cryptographic Mechanisms endorsed by the European Cybersecurity Certification Group and published by ENISA [8].</P></ITEM><ITEM><P>NOTE void.</P></ITEM></LIST></P></NP></ITEM><ITEM><NP><NO.P>(8)</NO.P><TXT>6.5 Algorithm requirements</TXT><P><LIST TYPE="DASH"><ITEM><P>The following clause shall apply:</P><P>The TSU public key and the TSU certificate signature shall use the algorithms that are compliant with the Agreed Cryptographic Mechanisms endorsed by the European Cybersecurity Certification Group and published by ENISA [8].</P></ITEM><ITEM><P>NOTE void.</P></ITEM></LIST></P></NP></ITEM><ITEM><NP><NO.P>(9)</NO.P><TXT>7 Profiles for the transport protocols to be supported</TXT><P><LIST TYPE="DASH"><ITEM><P>The time-stamping client and the time-stamping server shall support the time-stamping protocol via HTTPS [9] as defined in clause 3.4 of IETF RFC 3161 [1].</P></ITEM></LIST></P></NP></ITEM><ITEM><NP><NO.P>(10)</NO.P><TXT>8 Object identifiers of the cryptographic algorithms</TXT><P><LIST TYPE="DASH"><ITEM><P>The following clause shall apply:</P><P>The TSU public key and the TSU certificate signature shall use algorithms in compliance with the Agreed Cryptographic Mechanisms endorsed by the European Cybersecurity Certification Group and published by ENISA [8].</P></ITEM></LIST></P></NP></ITEM><ITEM><NP><NO.P>(11)</NO.P><TXT>9.1 Regulation compliance statement</TXT><P><LIST TYPE="DASH"><ITEM><P>If a time-stamp token is declared by the TSA to be a qualified electronic time stamp in accordance with Regulation (EU) No 910/2014 [i.2], it shall contain one instance of the qcStatements extension in the time stamp token extension field with the syntax as defined in IETF RFC 3739 [i.3], clause 3.2.6.</P></ITEM><ITEM><P>The qcStatements extension shall contain one instance of the statement <QUOT.START CODE="2018" ID="QS0012" REF.END="QE0012"/>esi4-qtstStatement-1<QUOT.END CODE="2019" ID="QE0012" REF.START="QS0012"/> as defined in Annex B.</P></ITEM><ITEM><P>The extension qcStatements shall not be marked as critical.</P></ITEM></LIST></P></NP></ITEM></LIST></P></NP></ITEM></LIST></CONTENTS></ANNEX>
