<?xml version="1.0" encoding="UTF-8"?>
<ACT xmlns:xsi="http://www.w3.org/2001/XMLSchema-instance" xsi:noNamespaceSchemaLocation="http://formex.publications.europa.eu/schema/formex-06.02.1-20231031.xd" NNC="YES"><BIB.INSTANCE><DOCUMENT.REF FILE="L_202402977EN.doc.fmx.xml"><COLL>L</COLL><NO.DOC FORMAT="YN" TYPE="OJ"><COM>EU</COM><YEAR>2024</YEAR><NO.CURRENT>2977</NO.CURRENT></NO.DOC><LG.OJ>EN</LG.OJ><PAGE.FIRST>1</PAGE.FIRST><PAGE.SEQ>1</PAGE.SEQ><VOLUME.REF>01</VOLUME.REF></DOCUMENT.REF><DATE ISO="20241128">20241128</DATE><LG.DOC>EN</LG.DOC><NO.SEQ>0001</NO.SEQ><PAGE.FIRST>1</PAGE.FIRST><PAGE.SEQ>1</PAGE.SEQ><PAGE.LAST>6</PAGE.LAST><PAGE.TOTAL>6</PAGE.TOTAL><NO.DOC FORMAT="YN" TYPE="OJ"><COM>EU</COM><YEAR>2024</YEAR><NO.CURRENT>2977</NO.CURRENT></NO.DOC></BIB.INSTANCE><TITLE><TI><P><HT TYPE="UC">Commission Implementing Regulation</HT> (EU) 2024/2977</P><P>of <DATE ISO="20241128">28 November 2024</DATE></P><P>laying down rules for the application of Regulation (EU) No 910/2014 of the European Parliament and of the Council as regards person identification data and electronic attestations of attributes issued to European Digital Identity Wallets</P></TI></TITLE><PREAMBLE><PREAMBLE.INIT>THE EUROPEAN COMMISSION,</PREAMBLE.INIT><GR.VISA><VISA>Having regard to the Treaty on the Functioning of the European Union,</VISA><VISA>Having regard to Regulation (EU) No 910/2014 of the European Parliament and of the Council of <DATE ISO="20140723">23 July 2014</DATE> on electronic identification and trust services for electronic transactions in the internal market and repealing Directive 1999/93/EC<NOTE NOTE.ID="E0001" NUMBERING="ARAB" NUMBERING.CONTINUED="YES" TYPE="FOOTNOTE"><P><REF.DOC.OJ COLL="L" DATE.PUB="20140828" NO.OJ="257" PAGE.FIRST="73">OJ L 257, 28.8.2014, p. 73</REF.DOC.OJ>, ELI: <LINK URI="http://data.europa.eu/eli/reg/2014/910/oj">http://data.europa.eu/eli/reg/2014/910/oj</LINK>.</P></NOTE>, and in particular Article 5a(23) thereof,</VISA></GR.VISA><GR.CONSID><GR.CONSID.INIT>Whereas:</GR.CONSID.INIT><CONSID><NP><NO.P>(1)</NO.P><TXT>The European Digital Identity Framework established by Regulation (EU) No 910/2014, is a crucial component in the establishment of a secure and interoperable digital identity ecosystem across the Union. With the European Digital Identity Wallets (<QUOT.START CODE="2018" ID="QS0001" REF.END="QE0001"/>wallets<QUOT.END CODE="2019" ID="QE0001" REF.START="QS0001"/>) as the cornerstone of the framework, it aims at facilitating access to services across Member States, while ensuring the protection of personal data and privacy.</TXT></NP></CONSID><CONSID><NP><NO.P>(2)</NO.P><TXT>Regulation (EU) 2016/679 of the European Parliament and of the Council<NOTE NOTE.ID="E0002" NUMBERING="ARAB" NUMBERING.CONTINUED="YES" TYPE="FOOTNOTE"><P>Regulation (EU) 2016/679 of the European Parliament and of the Council of <DATE ISO="20160427">27 April 2016</DATE> on the protection of natural persons with regard to the processing of personal data and on the free movement of such data, and repealing Directive 95/46/EC (General Data Protection Regulation) (<REF.DOC.OJ COLL="L" DATE.PUB="20160504" NO.OJ="119" PAGE.FIRST="1">OJ L 119, 4.5.2016, p. 1</REF.DOC.OJ>, ELI: <LINK URI="http://data.europa.eu/eli/reg/2016/679/oj">http://data.europa.eu/eli/reg/2016/679/oj</LINK>).</P></NOTE> and, where relevant, Directive 2002/58/EC of the European Parliament and of the Council<NOTE NOTE.ID="E0003" NUMBERING="ARAB" NUMBERING.CONTINUED="YES" TYPE="FOOTNOTE"><P>Directive 2002/58/EC of the European Parliament and of the Council of <DATE ISO="20020712">12 July 2002</DATE> concerning the processing of personal data and the protection of privacy in the electronic communications sector (Directive on privacy and electronic communications) (<REF.DOC.OJ COLL="L" DATE.PUB="20020731" NO.OJ="201" PAGE.FIRST="37">OJ L 201, 31.7.2002, p. 37</REF.DOC.OJ>, ELI: <LINK URI="http://data.europa.eu/eli/dir/2002/58/oj">http://data.europa.eu/eli/dir/2002/58/oj</LINK>).</P></NOTE> apply to all personal data processing activities under this Regulation.</TXT></NP></CONSID><CONSID><NP><NO.P>(3)</NO.P><TXT>Article 5a(23) of Regulation (EU) No 910/2014 mandates the Commission, where necessary, to establish the relevant specifications and procedures. This is achieved by means of four Implementing Regulations, dealing with protocols and interfaces: Commission Implementing Regulation (EU) 2024/2982<NOTE NOTE.ID="E0004" NUMBERING="ARAB" NUMBERING.CONTINUED="YES" TYPE="FOOTNOTE"><P>Commission Implementing Regulation (EU) 2024/2982 of <DATE ISO="20241128">28 November 2024</DATE> laying down rules for the application of Regulation (EU) No 910/2014 of the European Parliament and of the Council as regards protocols and interfaces to be supported by the European Digital Identity Framework (<REF.DOC COLL="L" CONTEXT="EUR-LEX" DATE.PUB="20241204" NO.DOC="2982" URI="http://data.europa.eu/eli/reg_impl/2024/2982/oj">OJ L, 2024/2982, 4.12.2024, ELI: http://data.europa.eu/eli/reg_impl/2024/2982/oj</REF.DOC>).</P></NOTE>, integrity and core functionalities: Commission Implementing Regulation (EU) 2024/2979<NOTE NOTE.ID="E0005" NUMBERING="ARAB" NUMBERING.CONTINUED="YES" TYPE="FOOTNOTE"><P>Commission Implementing Regulation (EU) 2024/2979 of <DATE ISO="20241128">28 November 2024</DATE> laying down rules for the application of Regulation (EU) No 910/2014 of the European Parliament and of the Council as regards the integrity and core functionalities of European Digital Identity Wallets (<REF.DOC COLL="L" CONTEXT="EUR-LEX" DATE.PUB="20241204" NO.DOC="2979" URI="http://data.europa.eu/eli/reg_impl/2024/2979/oj">OJ L, 2024/2979, 4.12.2024, ELI: http://data.europa.eu/eli/reg_impl/2024/2979/oj</REF.DOC>).</P></NOTE>, person identification data and electronic attestation of attributes: Commission Implementing Regulation (EU) 2024/2977<NOTE NOTE.ID="E0006" NUMBERING="ARAB" NUMBERING.CONTINUED="YES" TYPE="FOOTNOTE"><P>Commission Implementing Regulation (EU) 2024/2977 of <DATE ISO="20241128">28 November 2024</DATE> laying down rules for the application of Regulation (EU) No 910/2014 of the European Parliament and of the Council as regards person identification data and electronic attestations of attributes issued to European Digital Identity Wallets (<REF.DOC COLL="L" CONTEXT="EUR-LEX" DATE.PUB="20241204" NO.DOC="2977" URI="http://data.europa.eu/eli/reg_impl/2024/2977/oj">OJ L, 2024/2977, 4.12.2024, ELI: http://data.europa.eu/eli/reg_impl/2024/2977/oj</REF.DOC>).</P></NOTE>, as well as the notifications to the Commission: Commission Implementing Regulation (EU) 2024/2980<NOTE NOTE.ID="E0007" NUMBERING="ARAB" NUMBERING.CONTINUED="YES" TYPE="FOOTNOTE"><P>Commission Implementing Regulation (EU) 2024/2980 of <DATE ISO="20241128">28 November 2024</DATE> laying down rules for the application of Regulation (EU) No 910/2014 of the European Parliament and of the Council as regards notifications to the Commission concerning the European Digital Identity Wallet ecosystem (<REF.DOC COLL="L" CONTEXT="EUR-LEX" DATE.PUB="20241204" NO.DOC="2980" URI="http://data.europa.eu/eli/reg_impl/2024/2980/oj">OJ L, 2024/2980, 4.12.2024, ELI: http://data.europa.eu/eli/reg_impl/2024/2980/oj</REF.DOC>).</P></NOTE>. This Regulation lays down the relevant requirements for person identification data and electronic attestations of attributes to be issued to European Digital Identity Wallets.</TXT></NP></CONSID><?PAGE NO="2"?><CONSID><NP><NO.P>(4)</NO.P><TXT>The Commission regularly assesses new technologies, practices, standards or technical specifications. To ensure the highest level of harmonisation among Member States for the development and certification of the wallets, the technical specifications set out in this Implementing Regulation rely on the work carried out on the basis of Commission Recommendation (EU) 2021/946 of <DATE ISO="20210603">3 June 2021</DATE> on a common Union Toolbox for a coordinated approach towards a European Digital Identity Framework<NOTE NOTE.ID="E0008" NUMBERING="ARAB" NUMBERING.CONTINUED="YES" TYPE="FOOTNOTE"><P><REF.DOC.OJ COLL="L" DATE.PUB="20210614" NO.OJ="210" PAGE.FIRST="51">OJ L 210, 14.6.2021, p. 51</REF.DOC.OJ>, ELI: <LINK URI="http://data.europa.eu/eli/reco/2021/946/oj">http://data.europa.eu/eli/reco/2021/946/oj</LINK>.</P></NOTE> and in particular the architecture and reference framework which is part of it. In accordance with Recital 75 of Regulation (EU) 2024/1183 of the European Parliament and of the Council<NOTE NOTE.ID="E0009" NUMBERING="ARAB" NUMBERING.CONTINUED="YES" TYPE="FOOTNOTE"><P>Regulation (EU) 2024/1183 of the European Parliament and of the Council of <DATE ISO="20240411">11 April 2024</DATE> amending Regulation (EU) No 910/2014 as regards establishing the European Digital Identity Framework (<REF.DOC COLL="L" CONTEXT="EUR-LEX" DATE.PUB="20240430" NO.DOC="1183" URI="http://data.europa.eu/eli/reg/2024/1183/oj">OJ L, 2024/1183, 30.4.2024, ELI: http://data.europa.eu/eli/reg/2024/1183/oj</REF.DOC>).</P></NOTE>, the Commission should review and update this implementing regulation, if necessary, to keep it in line with global developments, the architecture and reference framework and to follow the best practices on the internal market.</TXT></NP></CONSID><CONSID><NP><NO.P>(5)</NO.P><TXT>To ensure data protection by design and by default, the wallets should be provided with several privacy enhancing features to prevent providers of electronic identification means and electronic attestation of attributes from combining personal data obtained when providing other services with the personal data processed to provide the services falling within the scope of Regulation (EU) No 910/2014.</TXT></NP></CONSID><CONSID><NP><NO.P>(6)</NO.P><TXT>To ensure harmonisation, certain common functionalities should be available in all wallets, including the ability to securely request, obtain, select, combine, store, delete, share, and present, under the sole control of the wallet user, person identification data and electronic attestations of attributes. To ensure that person identification data and electronic attestations of attributes can be processed via every wallet unit, technical specifications concerning person identification data attributes, the data format, and the infrastructure required to ensure appropriate trustworthiness of person identification data need to be supported by all wallet solutions. Further, common specifications in relation to attributes of person identification data aim at ensuring that this data can be used for identity matching as required.</TXT></NP></CONSID><CONSID><NP><NO.P>(7)</NO.P><TXT>Member States are to ensure that the wallets are able to authenticate relying parties, providers of person identification data and providers of electronic attestations of attributes irrespective of where they are established in the Union. To achieve this, these entities should use wallet-relying party access certificates when they identify themselves to wallet units. To guarantee interoperability of these certificates across all wallets provided within the Union, wallet-relying parties’ access certificates should adhere to common standards. The Commission, in collaboration with Member States, should closely monitor the development of new or alternative standards on which relying-party access certificates could be built. In particular, trust models that have proven their efficacy and security in Member States should be assessed.</TXT></NP></CONSID><CONSID><NP><NO.P>(8)</NO.P><TXT>To ensure transparency towards wallet users, Member States should publish information indicating which wallet solutions are supported by providers of person identification data established in their territories. Since the identity of the user must be as reliable as possible, a common assurance level high should be imposed on the identity proofing of wallet users prior to the issuance of person identification data, according to assurance level high as laid down for electronic identification means under Regulation (EU) No 910/2014. In this manner, the wallet units ensure the highest available degree of trustworthiness for means of identification across the Union. During enrolment of wallet users at level of assurance high, various secure processes are possible, for instance, where the wallet user has been verified to be in possession of photo or biometric identification evidence recognised but not issued by the Member State in which the application for the electronic identification means is made and that evidence represents the claimed identity, the evidence should be checked to determine that it is valid according to a relevant authoritative source.</TXT></NP></CONSID><CONSID><NP><NO.P>(9)</NO.P><TXT>In order to support interoperability, electronic attestations of attributes should comply with harmonised requirements on the format.</TXT></NP></CONSID><CONSID><NP><NO.P>(10)</NO.P><TXT>To protect the data of wallet users and to ensure the authenticity of electronic attestations of attributes, mechanisms for the authentication of providers of electronic attestations of attributes, and for the verification of the authenticity and validity of wallet units by that provider should apply prior to the issuance of the attestations to wallet units.</TXT></NP></CONSID><?PAGE NO="3"?><CONSID><NP><NO.P>(11)</NO.P><TXT>In order to avoid the use of, and the reliance on, person identification data and electronic attestations of attributes that have lost their legal validity after being issued to a wallet unit, providers of person identification data and of electronic attestations of attributes should publish a policy outlining the circumstances and procedures for revocation.</TXT></NP></CONSID><CONSID><NP><NO.P>(12)</NO.P><TXT>To ensure that the person identification data uniquely represents the wallet user, Member States should, in addition to the mandatory attributes in the person identification data set out in this Regulation, provide optional attributes needed to ensure that the set of person identification data is unique.</TXT></NP></CONSID><CONSID><NP><NO.P>(13)</NO.P><TXT>The European Data Protection Supervisor was consulted in accordance with Article 42(1) of Regulation (EU) 2018/1725 of the European Parliament and of the Council<NOTE NOTE.ID="E0010" NUMBERING="ARAB" NUMBERING.CONTINUED="YES" TYPE="FOOTNOTE"><P>Regulation (EU) 2018/1725 of the European Parliament and of the Council of <DATE ISO="20181023">23 October 2018</DATE> on the protection of natural persons with regard to the processing of personal data by the Union institutions, bodies, offices and agencies and on the free movement of such data, and repealing Regulation (EC) No 45/2001 and Decision No 1247/2002/EC (<REF.DOC.OJ COLL="L" DATE.PUB="20181121" NO.OJ="295" PAGE.FIRST="39">OJ L 295, 21.11.2018, p. 39</REF.DOC.OJ>, ELI: <LINK URI="http://data.europa.eu/eli/reg/2018/1725/oj">http://data.europa.eu/eli/reg/2018/1725/oj</LINK>).</P></NOTE> and delivered its opinion on <DATE ISO="20240930">30 September 2024</DATE>.</TXT></NP></CONSID><CONSID><NP><NO.P>(14)</NO.P><TXT>The measures provided for in this Regulation are in accordance with the opinion of the committee referred to in Article 48 of Regulation (EU) No 910/2014,</TXT></NP></CONSID></GR.CONSID><PREAMBLE.FINAL>HAS ADOPTED THIS REGULATION:</PREAMBLE.FINAL></PREAMBLE><ENACTING.TERMS><ARTICLE IDENTIFIER="001"><TI.ART>Article 1</TI.ART><STI.ART>Subject matter and scope</STI.ART><ALINEA>This Regulation lays down rules for the issuance of person identification data and electronic attestations of attributes to wallet units, to be updated on a regular basis to keep in line with technology and standards developments and with the work carried out on the basis of Recommendation (EU) 2021/946, and in particular the architecture and reference framework.</ALINEA></ARTICLE><ARTICLE IDENTIFIER="002"><TI.ART>Article 2</TI.ART><STI.ART>Definitions</STI.ART><ALINEA><P>For the purpose of this Regulation, the following definitions apply:</P><LIST TYPE="ARAB"><ITEM><NP><NO.P>(1)</NO.P><TXT><QUOT.START CODE="2018" ID="QS0002" REF.END="QE0002"/>wallet user<QUOT.END CODE="2019" ID="QE0002" REF.START="QS0002"/> means a user who is in control of the wallet unit;</TXT></NP></ITEM><ITEM><NP><NO.P>(2)</NO.P><TXT><QUOT.START CODE="2018" ID="QS0003" REF.END="QE0003"/>wallet unit<QUOT.END CODE="2019" ID="QE0003" REF.START="QS0003"/> means a unique configuration of a wallet solution that includes wallet instances, wallet secure cryptographic applications and wallet secure cryptographic devices provided by a wallet provider to an individual wallet user;</TXT></NP></ITEM><ITEM><NP><NO.P>(3)</NO.P><TXT><QUOT.START CODE="2018" ID="QS0004" REF.END="QE0004"/>wallet solution<QUOT.END CODE="2019" ID="QE0004" REF.START="QS0004"/> means a combination of software, hardware, services, settings, and configurations, including wallet instances, one or more wallet secure cryptographic applications and one or more wallet secure cryptographic devices;</TXT></NP></ITEM><ITEM><NP><NO.P>(4)</NO.P><TXT><QUOT.START CODE="2018" ID="QS0005" REF.END="QE0005"/>provider of person identification data<QUOT.END CODE="2019" ID="QE0005" REF.START="QS0005"/> means a natural or legal person responsible for issuing and revoking the person identification data and ensuring that the person identification data of a user is cryptographically bound to a wallet unit;</TXT></NP></ITEM><ITEM><NP><NO.P>(5)</NO.P><TXT><QUOT.START CODE="2018" ID="QS0006" REF.END="QE0006"/>wallet unit attestation<QUOT.END CODE="2019" ID="QE0006" REF.START="QS0006"/> means a data object that describes the components of the wallet unit or allows authentication and validation of those components;</TXT></NP></ITEM><ITEM><NP><NO.P>(6)</NO.P><TXT><QUOT.START CODE="2018" ID="QS0007" REF.END="QE0007"/>wallet instance<QUOT.END CODE="2019" ID="QE0007" REF.START="QS0007"/> means the application installed and configured on a wallet user’s device or environment, which is part of a wallet unit, and that the wallet user uses to interact with the wallet unit;</TXT></NP></ITEM><ITEM><NP><NO.P>(7)</NO.P><TXT><QUOT.START CODE="2018" ID="QS0008" REF.END="QE0008"/>wallet secure cryptographic application<QUOT.END CODE="2019" ID="QE0008" REF.START="QS0008"/> means an application that manages critical assets by being linked to and using the cryptographic and non-cryptographic functions provided by the wallet secure cryptographic device;</TXT></NP></ITEM><?PAGE NO="4"?><ITEM><NP><NO.P>(8)</NO.P><TXT><QUOT.START CODE="2018" ID="QS0009" REF.END="QE0009"/>wallet secure cryptographic device<QUOT.END CODE="2019" ID="QE0009" REF.START="QS0009"/> means a tamper-resistant device that provides an environment that is linked to and used by the wallet secure cryptographic application to protect critical assets and provide cryptographic functions for the secure execution of critical operations;</TXT></NP></ITEM><ITEM><NP><NO.P>(9)</NO.P><TXT><QUOT.START CODE="2018" ID="QS0010" REF.END="QE0010"/>wallet provider<QUOT.END CODE="2019" ID="QE0010" REF.START="QS0010"/> means a natural or legal person who provides wallet solutions;</TXT></NP></ITEM><ITEM><NP><NO.P>(10)</NO.P><TXT><QUOT.START CODE="2018" ID="QS0011" REF.END="QE0011"/>critical assets<QUOT.END CODE="2019" ID="QE0011" REF.START="QS0011"/> means assets within or in relation to a wallet unit of such extraordinary importance that where their availability, confidentiality or integrity are compromised, this would have a very serious, debilitating effect on the ability to rely on the wallet unit;</TXT></NP></ITEM><ITEM><NP><NO.P>(11)</NO.P><TXT><QUOT.START CODE="2018" ID="QS0012" REF.END="QE0012"/>wallet-relying party<QUOT.END CODE="2019" ID="QE0012" REF.START="QS0012"/> means a relying party that intends to rely upon wallet units for the provision of public or private services by means of digital interaction;</TXT></NP></ITEM><ITEM><NP><NO.P>(12)</NO.P><TXT><QUOT.START CODE="2018" ID="QS0013" REF.END="QE0013"/>wallet-relying party access certificate<QUOT.END CODE="2019" ID="QE0013" REF.START="QS0013"/> means a certificate for electronic seals or signatures authenticating and validating the wallet-relying party issued by a provider of wallet-relying party access certificates;</TXT></NP></ITEM><ITEM><NP><NO.P>(13)</NO.P><TXT><QUOT.START CODE="2018" ID="QS0014" REF.END="QE0014"/>provider of wallet-relying party access certificates<QUOT.END CODE="2019" ID="QE0014" REF.START="QS0014"/> means a natural or legal person mandated by a Member State to issue relying party access certificates to wallet-relying parties registered in that Member State.</TXT></NP></ITEM></LIST></ALINEA></ARTICLE><ARTICLE IDENTIFIER="003"><TI.ART>Article 3</TI.ART><STI.ART>Issuance of person identification data to wallet units</STI.ART><PARAG IDENTIFIER="003.001"><NO.PARAG>1.</NO.PARAG><ALINEA>Providers of person identification data shall issue person identification data to wallet units in accordance with the electronic identification schemes under which wallet solutions are provided.</ALINEA></PARAG><PARAG IDENTIFIER="003.002"><NO.PARAG>2.</NO.PARAG><ALINEA>Providers of person identification data shall ensure that person identification data issued to wallet units contains the information necessary for authentication and validation of the person identification data.</ALINEA></PARAG><PARAG IDENTIFIER="003.003"><NO.PARAG>3.</NO.PARAG><ALINEA>Providers of person identification data shall ensure that person identification data issued to wallet units comply with the technical specifications set out in the Annex.</ALINEA></PARAG><PARAG IDENTIFIER="003.004"><NO.PARAG>4.</NO.PARAG><ALINEA>Member States shall ensure that the person identification data issued to a given wallet user is unique for the Member State.</ALINEA></PARAG><PARAG IDENTIFIER="003.005"><NO.PARAG>5.</NO.PARAG><ALINEA>Providers of person identification data shall ensure that person identification data that they issue is cryptographically bound to the wallet unit to which it is issued.</ALINEA></PARAG><PARAG IDENTIFIER="003.006"><NO.PARAG>6.</NO.PARAG><ALINEA>Member States shall make publicly available a list of wallet solutions that are supported by providers of person identification data that is part of electronic identification schemes of that Member State.</ALINEA></PARAG><PARAG IDENTIFIER="003.007"><NO.PARAG>7.</NO.PARAG><ALINEA>Member States shall enroll wallet users in accordance with the requirements relating to enrolment at assurance level high, as set out in Commission Implementing Regulation (EU) 2015/1502<NOTE NOTE.ID="E0011" NUMBERING="ARAB" NUMBERING.CONTINUED="YES" TYPE="FOOTNOTE"><P>Commission Implementing Regulation (EU) 2015/1502 of <DATE ISO="20150908">8 September 2015</DATE> on setting out minimum technical specifications and procedures for assurance levels for electronic identification means pursuant to Article 8(3) of Regulation (EU) No 910/2014 of the European Parliament and of the Council on electronic identification and trust services for electronic transactions in the internal market (<REF.DOC.OJ COLL="L" DATE.PUB="20150909" NO.OJ="235" PAGE.FIRST="7">OJ L 235, 9.9.2015, p. 7</REF.DOC.OJ>, ELI: <LINK URI="http://data.europa.eu/eli/reg_impl/2015/1502/oj">http://data.europa.eu/eli/reg_impl/2015/1502/oj</LINK>).</P></NOTE>. In the context of the enrolment process, providers of person identification data shall perform identity verification of the wallet user in accordance with the requirements related to identity proofing and verification before issuing the person identification data to the wallet unit of the corresponding wallet user.</ALINEA></PARAG><PARAG IDENTIFIER="003.008"><NO.PARAG>8.</NO.PARAG><ALINEA>When issuing person identification data to wallet units, providers of person identification data shall identify themselves to wallet units using their wallet-relying party access certificate or by using another authentication mechanism in accordance with an electronic identity scheme notified at assurance level high.</ALINEA></PARAG><?PAGE NO="5"?><PARAG IDENTIFIER="003.009"><NO.PARAG>9.</NO.PARAG><ALINEA>Before issuing person identification data to a wallet unit, providers of person identification data shall authenticate and validate the wallet unit attestation of the wallet unit and verify that the wallet unit belongs to a wallet solution the provider of person identification data accepts or use another authentication mechanism in accordance with an electronic identity scheme notified at assurance level high.</ALINEA></PARAG></ARTICLE><ARTICLE IDENTIFIER="004"><TI.ART>Article 4</TI.ART><STI.ART>Issuance of electronic attestations of attributes to wallet units</STI.ART><PARAG IDENTIFIER="004.001"><NO.PARAG>1.</NO.PARAG><ALINEA>Electronic attestations of attributes issued to wallet units shall comply with at least one of the standards in the list set out in Annex I of Implementing Regulation (EU) 2024/2979.</ALINEA></PARAG><PARAG IDENTIFIER="004.002"><NO.PARAG>2.</NO.PARAG><ALINEA>Providers of electronic attestations of attributes shall identify themselves to wallet units using their wallet-relying party access certificate.</ALINEA></PARAG><PARAG IDENTIFIER="004.003"><NO.PARAG>3.</NO.PARAG><ALINEA>Providers of electronic attestations of attributes shall ensure that electronic attestations of attributes issued to wallet units contain the information necessary for authentication and validation of those electronic attestations of attributes.</ALINEA></PARAG></ARTICLE><ARTICLE IDENTIFIER="005"><TI.ART>Article 5</TI.ART><STI.ART>Revocation of person identification data</STI.ART><PARAG IDENTIFIER="005.001"><NO.PARAG>1.</NO.PARAG><ALINEA>Providers of person identification data issued to a wallet unit shall have written and publicly accessible policies relating to validity status management, including, where applicable, the conditions under which such person identification data can be revoked without delay.</ALINEA></PARAG><PARAG IDENTIFIER="005.002"><NO.PARAG>2.</NO.PARAG><ALINEA>Only providers of person identification data or electronic attestation of attributes can revoke the person identification data or electronic attestations of attributes issued by them.</ALINEA></PARAG><PARAG IDENTIFIER="005.003"><NO.PARAG>3.</NO.PARAG><ALINEA>Where providers of person identification data have revoked person identification data, they shall, through dedicated and secure channels, inform wallet users subject of those person identification data within 24 hours of the revocation and of the reasons for the revocation. This shall be done in a manner that is concise, easily accessible and using clear and plain language.</ALINEA></PARAG><PARAG IDENTIFIER="005.004"><NO.PARAG>4.</NO.PARAG><ALINEA><P>Where providers of person identification data revoke person identification data issued to wallet units, they shall do so in each of the following circumstances:</P><LIST TYPE="alpha"><ITEM><NP><NO.P>(a)</NO.P><TXT>upon the explicit request of the wallet user to whose wallet unit the person identification data or electronic attestation of attributes were issued to;</TXT></NP></ITEM><ITEM><NP><NO.P>(b)</NO.P><TXT>where the wallet unit attestation to which the person identification data was issued to has been revoked;</TXT></NP></ITEM><ITEM><NP><NO.P>(c)</NO.P><TXT>in other situations determined by the providers of person identification data or electronic attestations of attributes in their policies referred to in paragraph 1.</TXT></NP></ITEM></LIST></ALINEA></PARAG><PARAG IDENTIFIER="005.005"><NO.PARAG>5.</NO.PARAG><ALINEA>Providers of person identification data issued to a wallet unit shall ensure that revocations cannot be reverted.</ALINEA></PARAG><PARAG IDENTIFIER="005.006"><NO.PARAG>6.</NO.PARAG><ALINEA>The revoked person identification data shall remain accessible for as long as required by Union law or national law.</ALINEA></PARAG><PARAG IDENTIFIER="005.007"><NO.PARAG>7.</NO.PARAG><ALINEA>Where providers of person identification data revoke person identification data issued to wallet units, they shall make publicly available the validity status of person identification data they issue, in a privacy preserving manner, and indicate the location of that information in the person identification data.</ALINEA></PARAG><PARAG IDENTIFIER="005.008"><NO.PARAG>8.</NO.PARAG><ALINEA>Providers of person identification data shall enable privacy preserving techniques which ensure unlinkability where the electronic attestations of attributes do not require the identification of the user.</ALINEA></PARAG></ARTICLE><?PAGE NO="6"?><ARTICLE IDENTIFIER="006"><TI.ART>Article 6</TI.ART><STI.ART>Entry into force</STI.ART><ALINEA>This Regulation shall enter into force on the twentieth day following that of its publication in the <HT TYPE="ITALIC">Official Journal of the European Union</HT>.</ALINEA></ARTICLE></ENACTING.TERMS><FINAL><P>This Regulation shall be binding in its entirety and directly applicable in all Member States.</P><SIGNATURE><PL.DATE><P>Done at Brussels, <DATE ISO="20241128">28 November 2024</DATE>.</P></PL.DATE><SIGNATORY><P><HT TYPE="ITALIC">For the Commission</HT></P><P><HT TYPE="ITALIC">The President</HT></P><P>Ursula <HT TYPE="UC">von der Leyen</HT></P></SIGNATORY></SIGNATURE></FINAL></ACT>
