<?xml version="1.0" encoding="UTF-8"?>
<ANNEX xmlns:xsi="http://www.w3.org/2001/XMLSchema-instance" xsi:noNamespaceSchemaLocation="http://formex.publications.europa.eu/schema/formex-06.02.1-20231031.xd" NNC="YES"><BIB.INSTANCE><DOCUMENT.REF FILE="L_202402977EN.doc.fmx.xml"><COLL>L</COLL><NO.DOC FORMAT="YN" TYPE="OJ"><COM>EU</COM><YEAR>2024</YEAR><NO.CURRENT>2977</NO.CURRENT></NO.DOC><LG.OJ>EN</LG.OJ><PAGE.FIRST>1</PAGE.FIRST><PAGE.SEQ>1</PAGE.SEQ><VOLUME.REF>01</VOLUME.REF></DOCUMENT.REF><DATE ISO="20241128">20241128</DATE><LG.DOC>EN</LG.DOC><NO.SEQ>0001.0001</NO.SEQ><PAGE.FIRST>7</PAGE.FIRST><PAGE.SEQ>1</PAGE.SEQ><PAGE.LAST>10</PAGE.LAST><PAGE.TOTAL>4</PAGE.TOTAL></BIB.INSTANCE><TITLE><TI><P>ANNEX</P></TI><STI><P>TECHNICAL SPECIFICATIONS FOR PERSON IDENTIFICATION DATA REFERRED TO IN ARTICLE 3(3)</P></STI></TITLE><CONTENTS><GR.SEQ LEVEL="1"><TITLE><TI><NP><NO.P>1.</NO.P><TXT><HT TYPE="BOLD">Set of natural person identification data</HT></TXT></NP></TI></TITLE><TBL COLS="3" NO.SEQ="0001"><TITLE><TI><P><HT TYPE="ITALIC">Table 1</HT></P></TI><STI><P><HT TYPE="BOLD">Mandatory person identification data for the natural person</HT></P></STI></TITLE><CORPUS><ROW TYPE="HEADER"><CELL COL="1" TYPE="HEADER">Data identifier</CELL><CELL COL="2" TYPE="HEADER">Definition</CELL><CELL COL="3" TYPE="HEADER">Presence</CELL></ROW><ROW><CELL COL="1">family_name</CELL><CELL COL="2">Current last name(s) or surname(s) of the user to whom the person identification data relates.</CELL><CELL COL="3">mandatory</CELL></ROW><ROW><CELL COL="1">given_name</CELL><CELL COL="2">Current first name(s), including middle name(s) where applicable, of the user to whom the person identification data relates.</CELL><CELL COL="3">mandatory</CELL></ROW><ROW><CELL COL="1">birth_date</CELL><CELL COL="2">Day, month, and year on which the user to whom the person identification data relates was born.</CELL><CELL COL="3">mandatory</CELL></ROW><ROW><CELL COL="1">birth_place</CELL><CELL COL="2">The country as an alpha-2 country code as specified in ISO 3166-1, or the state, province, district, or local area or the municipality, city, town, or village where the user to whom the person identification data relates was born.</CELL><CELL COL="3">mandatory</CELL></ROW><ROW><CELL COL="1">nationality</CELL><CELL COL="2">One or more alpha-2 country codes as specified in ISO 3166-1, representing the nationality of the user to whom the person identification data relates.</CELL><CELL COL="3">mandatory</CELL></ROW></CORPUS></TBL><P>Where an attribute value is not known for the person or cannot otherwise be issued as part of the person identification dataset, Member States shall use an attribute value appropriate to the situation instead.</P><TBL COLS="3" NO.SEQ="0002"><TITLE><TI><P><HT TYPE="ITALIC">Table 2</HT></P></TI><STI><P><HT TYPE="BOLD">Optional person identification data for the natural person</HT></P></STI></TITLE><CORPUS><ROW TYPE="HEADER"><CELL COL="1" TYPE="HEADER">Data identifier</CELL><CELL COL="2" TYPE="HEADER">Definition</CELL><CELL COL="3" TYPE="HEADER">Presence</CELL></ROW><ROW><CELL COL="1">resident_address</CELL><CELL COL="2">The full address of the place where the user to whom the person identification data relates currently resides or can be contacted (street name, house number, city etc.).</CELL><CELL COL="3">optional</CELL></ROW><ROW><CELL COL="1">resident_country</CELL><CELL COL="2">The country where the user to whom the person identification data relates currently resides, as an alpha-2 country code as specified in ISO 3166-1.</CELL><CELL COL="3">optional</CELL></ROW><ROW><CELL COL="1">resident_state</CELL><CELL COL="2">The state, province, district, or local area where the user to whom the person identification data relates currently resides.</CELL><CELL COL="3">optional</CELL></ROW><?PAGE NO="8"?><ROW><CELL COL="1">resident_city</CELL><CELL COL="2">The municipality, city, town, or village where the user to whom the person identification data relates currently resides.</CELL><CELL COL="3">optional</CELL></ROW><ROW><CELL COL="1">resident_postal_code</CELL><CELL COL="2">The postal code of the place where the user to whom the person identification data relates currently resides.</CELL><CELL COL="3">optional</CELL></ROW><ROW><CELL COL="1">resident_street</CELL><CELL COL="2">The name of the street where the user to whom the person identification data relates currently resides.</CELL><CELL COL="3">optional</CELL></ROW><ROW><CELL COL="1">resident_house_number</CELL><CELL COL="2">The house number where the user to whom the person identification data relates currently resides, including any affix or suffix.</CELL><CELL COL="3">optional</CELL></ROW><ROW><CELL COL="1">personal_administrative_number</CELL><CELL COL="2">A value assigned to the natural person that is unique among all personal administrative numbers issued by the provider of person identification data. Where Member States opt to include this attribute, they shall describe in their electronic identification schemes under which the person identification data is issued, the policy that they apply to the values of this attribute, including, where applicable, specific conditions for the processing of this value.</CELL><CELL COL="3">optional</CELL></ROW><ROW><CELL COL="1">portrait</CELL><CELL COL="2">Facial image of the wallet user compliant with ISO 19794-5 or ISO 39794 specifications.</CELL><CELL COL="3">optional</CELL></ROW><ROW><CELL COL="1">family_name_birth</CELL><CELL COL="2">Last name(s) or surname(s) of the person identification data user at the time of birth.</CELL><CELL COL="3">optional</CELL></ROW><ROW><CELL COL="1">given_name_birth</CELL><CELL COL="2">First name(s), including middle name(s), of the person identification data user at the time of birth.</CELL><CELL COL="3">optional</CELL></ROW><ROW><CELL COL="1">sex</CELL><CELL COL="2"><P>Values shall be one of the following:</P><LIST TYPE="NONE"><ITEM><P>0 = not known;</P></ITEM><ITEM><P>1 = male;</P></ITEM><ITEM><P>2 = female;</P></ITEM><ITEM><P>3 = other;</P></ITEM><ITEM><P>4 = inter;</P></ITEM><ITEM><P>5 = diverse;</P></ITEM><ITEM><P>6 = open;</P></ITEM><ITEM><P>9 = not applicable.</P></ITEM></LIST><P>For values 0, 1, 2 and 9, ISO/IEC 5218 applies.</P></CELL><CELL COL="3">optional</CELL></ROW><ROW><CELL COL="1">email_address</CELL><CELL COL="2">Electronic mail address of the user to whom the person identification data relates [in conformance with RFC 5322].</CELL><CELL COL="3">optional</CELL></ROW><ROW><CELL COL="1">mobile_phone_number</CELL><CELL COL="2">Mobile telephone number of the user to whom the person identification data relates, starting with the <QUOT.START CODE="2018" ID="QS0001" REF.END="QE0001"/>+<QUOT.END CODE="2019" ID="QE0001" REF.START="QS0001"/> symbol as the international code prefix and the country code, followed by numbers only.</CELL><CELL COL="3">optional</CELL></ROW></CORPUS></TBL></GR.SEQ><?PAGE NO="9"?><GR.SEQ LEVEL="1"><TITLE><TI><NP><NO.P>2.</NO.P><TXT><HT TYPE="BOLD">Set of legal person identification data</HT></TXT></NP></TI></TITLE><TBL COLS="2" NO.SEQ="0003"><TITLE><TI><P><HT TYPE="ITALIC">Table 3</HT></P></TI><STI><P><HT TYPE="BOLD">Mandatory person identification data for the legal person</HT></P></STI></TITLE><CORPUS><ROW TYPE="HEADER"><CELL COL="1" TYPE="HEADER">Data element</CELL><CELL COL="2" TYPE="HEADER">Presence</CELL></ROW><ROW><CELL COL="1">current legal name</CELL><CELL COL="2">mandatory</CELL></ROW><ROW><CELL COL="1">a unique identifier constructed by the sending Member State in accordance with the technical specifications for the purposes of cross-border identification and which is as persistent as possible in time</CELL><CELL COL="2">mandatory</CELL></ROW></CORPUS></TBL><P>Where a data element is not known for the person or cannot otherwise be issued as part of the person identification dataset, Member States shall use an attribute value appropriate to the situation instead.</P><TBL COLS="2" NO.SEQ="0004"><TITLE><TI><P><HT TYPE="ITALIC">Table 4</HT></P></TI><STI><P><HT TYPE="BOLD">Optional person identification data for the legal person</HT></P></STI></TITLE><CORPUS><ROW TYPE="HEADER"><CELL COL="1" TYPE="HEADER">Data element</CELL><CELL COL="2" TYPE="HEADER">Presence</CELL></ROW><ROW><CELL COL="1">current address</CELL><CELL COL="2">optional</CELL></ROW><ROW><CELL COL="1">VAT registration number</CELL><CELL COL="2">optional</CELL></ROW><ROW><CELL COL="1">tax reference number</CELL><CELL COL="2">optional</CELL></ROW><ROW><CELL COL="1">European unique identifier referred to in Directive (EU) 2017/1132 of the European Parliament and of the Council</CELL><CELL COL="2">optional</CELL></ROW><ROW><CELL COL="1">Legal Entity Identifier (LEI) referred to in Commission Implementing Regulation (EU) 2022/1860</CELL><CELL COL="2">optional</CELL></ROW><ROW><CELL COL="1">Economic Operator Registration and Identification (EORI) referred to in Commission Implementing Regulation (EU) No 1352/2013</CELL><CELL COL="2">optional</CELL></ROW><ROW><CELL COL="1">excise number provided in Article 2(12) of Council Regulation (EU) No 389/2012</CELL><CELL COL="2">optional</CELL></ROW></CORPUS></TBL></GR.SEQ><GR.SEQ LEVEL="1"><TITLE><TI><NP><NO.P>3.</NO.P><TXT><HT TYPE="BOLD">Set of metadata about person identification data</HT></TXT></NP></TI></TITLE><TBL COLS="3" NO.SEQ="0005"><TITLE><TI><P><HT TYPE="ITALIC">Table 5</HT></P></TI><STI><P><HT TYPE="BOLD">Metadata about the person identification data</HT></P></STI></TITLE><CORPUS><ROW TYPE="HEADER"><CELL COL="1" TYPE="HEADER">Data identifier</CELL><CELL COL="2" TYPE="HEADER">Definition</CELL><CELL COL="3" TYPE="HEADER">Presence</CELL></ROW><ROW><CELL COL="1">expiry_date</CELL><CELL COL="2">Date (and if possible time) when the person identification data will expire.</CELL><CELL COL="3">mandatory</CELL></ROW><ROW><CELL COL="1">issuing_authority</CELL><CELL COL="2">Name of the administrative authority that issued the person identification data, or the ISO 3166 alpha-2 country code of the respective Member State if there is no separate authority entitled to issue person identification data.</CELL><CELL COL="3">mandatory</CELL></ROW><ROW><CELL COL="1">issuing_country</CELL><CELL COL="2">Alpha-2 country code, as specified in ISO 3166-1, of the country or territory of the provider of the person identification data.</CELL><CELL COL="3">mandatory</CELL></ROW><?PAGE NO="10"?><ROW><CELL COL="1">document_number</CELL><CELL COL="2">A number for the person identification data, assigned by the provider of person identification data.</CELL><CELL COL="3">optional</CELL></ROW><ROW><CELL COL="1">issuing_jurisdiction</CELL><CELL COL="2">Country subdivision code of the jurisdiction that issued the person identification data, as specified in ISO 3166-2:2020, Clause 8. The first part of the code shall be the same as the value for the issuing country.</CELL><CELL COL="3">optional</CELL></ROW><ROW><CELL COL="1">location_status</CELL><CELL COL="2">The location of validity status information on the person identification data where the providers of person identification data revoke person identification data.</CELL><CELL COL="3">optional</CELL></ROW></CORPUS></TBL></GR.SEQ><GR.SEQ LEVEL="1"><TITLE><TI><NP><NO.P>4.</NO.P><TXT><HT TYPE="BOLD">Encoding of person identification data attributes</HT></TXT></NP></TI></TITLE><P>Person identification data shall be issued in two formats:</P><LIST TYPE="ARAB"><ITEM><NP><NO.P>(1)</NO.P><TXT>the format specified in ISO/IEC 18013-5:2021;</TXT></NP></ITEM><ITEM><NP><NO.P>(2)</NO.P><TXT><QUOT.START CODE="2018" ID="QS0002" REF.END="QE0002"/>Verifiable Credentials Data Model 1.1.<QUOT.END CODE="2019" ID="QE0002" REF.START="QS0002"/>, W3C Recommendation, <DATE ISO="20220303">3 March 2022</DATE>.</TXT></NP></ITEM></LIST></GR.SEQ><GR.SEQ LEVEL="1"><TITLE><TI><NP><NO.P>5.</NO.P><TXT><HT TYPE="BOLD">Trust infrastructure details</HT></TXT></NP></TI></TITLE><P>The list of providers of person identification data made available by the Commission in accordance with Implementing Regulation (EU) 2024/2980 laying down rules for the application of Regulation (EU) No 910/2014 of the European Parliament and of the Council as regards notifications to the Commission concerning the European Digital Identity Wallet ecosystem as regards notifications shall enable authentication of person identification data.</P></GR.SEQ></CONTENTS></ANNEX>
