<?xml version="1.0" encoding="UTF-8"?>
<ACT xmlns:xsi="http://www.w3.org/2001/XMLSchema-instance" xsi:noNamespaceSchemaLocation="http://formex.publications.europa.eu/schema/formex-06.02.3-20250123.xd" NNC="YES"><BIB.INSTANCE><DOCUMENT.REF FILE="L_202502160EN.doc.fmx.xml"><COLL>L</COLL><NO.DOC FORMAT="YN" TYPE="OJ"><COM>EU</COM><YEAR>2025</YEAR><NO.CURRENT>2160</NO.CURRENT></NO.DOC><LG.OJ>EN</LG.OJ><PAGE.FIRST>1</PAGE.FIRST><PAGE.SEQ>1</PAGE.SEQ><VOLUME.REF>01</VOLUME.REF></DOCUMENT.REF><DATE ISO="20251027">20251027</DATE><LG.DOC>EN</LG.DOC><NO.SEQ>0001</NO.SEQ><PAGE.FIRST>1</PAGE.FIRST><PAGE.SEQ>1</PAGE.SEQ><PAGE.LAST>5</PAGE.LAST><PAGE.TOTAL>5</PAGE.TOTAL><NO.DOC FORMAT="YN" TYPE="OJ"><COM>EU</COM><YEAR>2025</YEAR><NO.CURRENT>2160</NO.CURRENT></NO.DOC></BIB.INSTANCE><TITLE><TI><P><HT TYPE="UC">Commission Implementing Regulation</HT> (EU) 2025/2160</P><P>of <DATE ISO="20251027">27 October 2025</DATE></P><P>laying down rules for the application of Regulation (EU) No 910/2014 of the European Parliament and of the Council as regards reference standards, specifications and procedures for the management of risks to the provision of non-qualified trust services</P></TI></TITLE><PREAMBLE><PREAMBLE.INIT>THE EUROPEAN COMMISSION,</PREAMBLE.INIT><GR.VISA><VISA>Having regard to the Treaty on the Functioning of the European Union,</VISA><VISA>Having regard to Regulation (EU) No 910/2014 of the European Parliament and of the Council of <DATE ISO="20140723">23 July 2014</DATE> on electronic identification and trust services for electronic transactions in the internal market and repealing Directive 1999/93/EC<NOTE NOTE.ID="E0001" NUMBERING="ARAB" NUMBERING.CONTINUED="YES" TYPE="FOOTNOTE"><P><REF.DOC.OJ COLL="L" DATE.PUB="20140828" NO.OJ="257" PAGE.FIRST="73">OJ L 257, 28.8.2014, p. 73</REF.DOC.OJ>, ELI: <LINK URI="http://data.europa.eu/eli/reg/2014/910/oj">http://data.europa.eu/eli/reg/2014/910/oj</LINK>.</P></NOTE>, and in particular Article 19a(2) thereof,</VISA></GR.VISA><GR.CONSID><GR.CONSID.INIT>Whereas:</GR.CONSID.INIT><CONSID><NP><NO.P>(1)</NO.P><TXT>Non-qualified trust service providers play an important role in the digital environment by providing trust services that facilitate secure electronic transactions. Regulation (EU) No 910/2014 places fewer regulatory requirements on non-qualified trust service providers than on qualified trust service providers. However, all trust service providers are subject to requirements on security and liability to ensure due diligence, transparency and accountability of their operations and services.</TXT></NP></CONSID><CONSID><NP><NO.P>(2)</NO.P><TXT>Non-qualified trust service providers can be considered important or essential entities in accordance with Article 3 of Directive (EU) 2022/2555 of the European Parliament and of the Council<NOTE NOTE.ID="E0002" NUMBERING="ARAB" NUMBERING.CONTINUED="YES" TYPE="FOOTNOTE"><P>Directive (EU) 2022/2555 of the European Parliament and of the Council of <DATE ISO="20221214">14 December 2022</DATE> on measures for a high common level of cybersecurity across the Union, amending Regulation (EU) No 910/2014 and Directive (EU) 2018/1972, and repealing Directive (EU) 2016/1148 (NIS 2 Directive) (<REF.DOC.OJ COLL="L" DATE.PUB="20221227" NO.OJ="333" PAGE.FIRST="80">OJ L 333, 27.12.2022, p. 80</REF.DOC.OJ>, ELI: <LINK URI="http://data.europa.eu/eli/dir/2022/2555/oj">http://data.europa.eu/eli/dir/2022/2555/oj</LINK>).</P></NOTE>. Thus, Commission Implementing Regulation (EU) 2024/2690<NOTE NOTE.ID="E0003" NUMBERING="ARAB" NUMBERING.CONTINUED="YES" TYPE="FOOTNOTE"><P>Commission Implementing Regulation (EU) 2024/2690 of <DATE ISO="20241017">17 October 2024</DATE> laying down rules for the application of Directive (EU) 2022/2555 as regards technical and methodological requirements of cybersecurity risk-management measures and further specification of the cases in which an incident is considered to be significant with regard to DNS service providers, TLD name registries, cloud computing service providers, data centre service providers, content delivery network providers, managed service providers, managed security service providers, providers of online market places, of online search engines and of social networking services platforms, and trust service providers (<REF.DOC COLL="L" CONTEXT="EUR-LEX" DATE.PUB="20241018" NO.DOC="2690" URI="http://data.europa.eu/eli/reg_impl/2024/2690/oj">OJ L, 2024/2690, 18.10.2024, ELI: http://data.europa.eu/eli/reg_impl/2024/2690/oj</REF.DOC>).</P></NOTE> laying down technical and methodological requirements of cybersecurity risk management measures applies to them. However, the scope of the requirements laid down in Article 19a(1), point (a), of Regulation (EU) No 910/2014 relates to the risk management procedures concerning legal, business, operational and other direct or indirect risks to the provision of non-qualified trust services. To complement the risk management framework set out in Implementing Regulation (EU) 2024/2690 and to enable a coherent approach to the management of all relevant types of risks, specifications and procedures concerning the management of those risks by non-qualified trust service providers should be laid down. Guidance provided by the European Union Agency for Cybersecurity (ENISA) or national competent authorities under Directive (EU) 2022/2555 can support non-qualified trust service providers in the design and implementation of appropriate risk management policies.</TXT></NP></CONSID><?PAGE NO="2"?><CONSID><NP><NO.P>(3)</NO.P><TXT>The presumption of compliance laid down in Article 19a(2) of Regulation (EU) No 910/2014 should only apply where non-qualified trust service providers comply with the requirements set out in this Regulation. The reference standards referred to in the Annex should reflect established practices and be widely recognised within the relevant sectors. In order to ensure that non-qualified trust service providers manage legal, business, operational and other direct or indirect risks to the provision of the non-qualified trust service in accordance with Article 19a(1) of Regulation (EU) No 910/2014, non-qualified trust services providers should comply with the referenced elements of the standards as set out in the Annex and with the risk management requirements set out in this Regulation for the presumption of compliance.</TXT></NP></CONSID><CONSID><NP><NO.P>(4)</NO.P><TXT>If a non-qualified trust service provider adheres to the requirements set out in this Implementing Regulation, supervisory bodies should presume compliance with the relevant requirements of Regulation (EU) No 910/2014. However, a non-qualified trust services provider may still rely on other practices to demonstrate compliance with the requirements of the Regulation (EU) No 910/2014.</TXT></NP></CONSID><CONSID><NP><NO.P>(5)</NO.P><TXT>To ensure that the identified risks are adequately addressed, the risk management policies followed by non-qualified trust service providers should include procedures for risk documentation and evaluation, as well as for the identification, selection and implementation of appropriate risk treatment measures. The implementation of risk treatment measures should be continuously monitored. As regards the information that non-qualified trust service providers record and retain as part of their risk treatment measures, non-qualified trust service providers should ensure the integrity and confidentiality of such data. Moreover, to enhance transparency and to support supervisory activities, non-qualified trust service providers should publish the identity verification methods they apply. As not all identified risks may be fully addressed through their avoidance, mitigation or transfer to other entities, any residual risks should be approved by the management bodies of non-qualified trust service providers. Criteria for the acceptance of residual risks should be justified in a comprehensible manner.</TXT></NP></CONSID><CONSID><NP><NO.P>(6)</NO.P><TXT>The Commission regularly assesses new technologies, practices, standards or technical specifications. In accordance with Recital 75 of Regulation (EU) 2024/1183 of the European Parliament and of the Council<NOTE NOTE.ID="E0004" NUMBERING="ARAB" NUMBERING.CONTINUED="YES" TYPE="FOOTNOTE"><P>Regulation (EU) 2024/1183 of the European Parliament and of the Council of <DATE ISO="20240411">11 April 2024</DATE> amending Regulation (EU) No 910/2014 as regards establishing the European Digital Identity Framework (<REF.DOC COLL="L" CONTEXT="EUR-LEX" DATE.PUB="20240430" NO.DOC="1183" URI="http://data.europa.eu/eli/reg/2024/1183/oj">OJ L, 2024/1183, 30.4.2024, ELI: http://data.europa.eu/eli/reg/2024/1183/oj</REF.DOC>).</P></NOTE>, the Commission should review and, if necessary, update this Implementing Regulation, to keep it in line with global developments, new technologies, practices, standards or technical specifications and to follow the best practices on the internal market.</TXT></NP></CONSID><CONSID><NP><NO.P>(7)</NO.P><TXT>Regulation (EU) 2016/679 of the European Parliament and of the Council<NOTE NOTE.ID="E0005" NUMBERING="ARAB" NUMBERING.CONTINUED="YES" TYPE="FOOTNOTE"><P>Regulation (EU) 2016/679 of the European Parliament and of the Council of <DATE ISO="20160427">27 April 2016</DATE> on the protection of natural persons with regard to the processing of personal data and on the free movement of such data, and repealing Directive 95/46/EC (General Data Protection Regulation) (<REF.DOC.OJ COLL="L" DATE.PUB="20160504" NO.OJ="119" PAGE.FIRST="1">OJ L 119, 4.5.2016, p. 1</REF.DOC.OJ>, ELI: <LINK URI="http://data.europa.eu/eli/reg/2016/679/oj">http://data.europa.eu/eli/reg/2016/679/oj</LINK>).</P></NOTE> and, where relevant, Directive 2002/58/EC of the European Parliament and of the Council<NOTE NOTE.ID="E0006" NUMBERING="ARAB" NUMBERING.CONTINUED="YES" TYPE="FOOTNOTE"><P>Directive 2002/58/EC of the European Parliament and of the Council of <DATE ISO="20020712">12 July 2002</DATE> concerning the processing of personal data and the protection of privacy in the electronic communications sector (Directive on privacy and electronic communications) (<REF.DOC.OJ COLL="L" DATE.PUB="20020731" NO.OJ="201" PAGE.FIRST="37">OJ L 201, 31.7.2002, p. 37</REF.DOC.OJ>, ELI: <LINK URI="http://data.europa.eu/eli/dir/2002/58/oj">http://data.europa.eu/eli/dir/2002/58/oj</LINK>).</P></NOTE> apply to the personal data processing activities under this Regulation.</TXT></NP></CONSID><CONSID><NP><NO.P>(8)</NO.P><TXT>The European Data Protection Supervisor was consulted in accordance with Article 42(1) of Regulation (EU) 2018/1725 of the European Parliament and of the Council<NOTE NOTE.ID="E0007" NUMBERING="ARAB" NUMBERING.CONTINUED="YES" TYPE="FOOTNOTE"><P>Regulation (EU) 2018/1725 of the European Parliament and of the Council of <DATE ISO="20181023">23 October 2018</DATE> on the protection of natural persons with regard to the processing of personal data by the Union institutions, bodies, offices and agencies and on the free movement of such data, and repealing Regulation (EC) No 45/2001 and Decision No 1247/2002/EC (<REF.DOC.OJ COLL="L" DATE.PUB="20181121" NO.OJ="295" PAGE.FIRST="39">OJ L 295, 21.11.2018, p. 39</REF.DOC.OJ>, ELI: <LINK URI="http://data.europa.eu/eli/reg/2018/1725/oj">http://data.europa.eu/eli/reg/2018/1725/oj</LINK>).</P></NOTE> and delivered its opinion on <DATE ISO="20250808">8 August 2025</DATE><NOTE NOTE.ID="E0008" NUMBERING="ARAB" NUMBERING.CONTINUED="YES" TYPE="FOOTNOTE"><P><LINK URI="https://www.edps.europa.eu/data-protection/our-work/publications/formal-comments/2025-08-08-edps-regulation-regards-specifications-and-procedures-management-risks-provision-non-qualified-trust-services_en">EDPS Formal comments on the draft Implementing Regulation as regards specifications and procedures for the management of risks to the provision of non-qualified trust services | European Data Protection Supervisor</LINK>.</P></NOTE>.</TXT></NP></CONSID><?PAGE NO="3"?><CONSID><NP><NO.P>(9)</NO.P><TXT>The measures provided for in this Regulation are in accordance with the opinion of the committee established by Article 48 of Regulation (EU) No 910/2014,</TXT></NP></CONSID></GR.CONSID><PREAMBLE.FINAL>HAS ADOPTED THIS REGULATION:</PREAMBLE.FINAL></PREAMBLE><ENACTING.TERMS><ARTICLE IDENTIFIER="001"><TI.ART>Article 1</TI.ART><STI.ART>Reference standards</STI.ART><ALINEA>The reference standards referred to in Article 19a(2) of Regulation (EU) No 910/2014 are set out in the Annex to this Regulation.</ALINEA></ARTICLE><ARTICLE IDENTIFIER="002"><TI.ART>Article 2</TI.ART><STI.ART>Risk management policies</STI.ART><PARAG IDENTIFIER="002.001"><NO.PARAG>1.</NO.PARAG><ALINEA>The risk management policies referred to in Article 19a(1) of Regulation (EU) No 910/2014 shall clearly identify the trust services they apply to, shall be specific to the trust services concerned and shall be approved by the management body of the non-qualified trust service provider.</ALINEA></PARAG><PARAG IDENTIFIER="002.002"><NO.PARAG>2.</NO.PARAG><ALINEA><P>The risk management policies shall include at least all the following elements:</P><LIST TYPE="alpha"><ITEM><NP><NO.P>(a)</NO.P><TXT>the overall risk tolerance level in accordance with the criticality and required level of security of the trust services, having regard to the latest technological developments;</TXT></NP></ITEM><ITEM><NP><NO.P>(b)</NO.P><TXT>the relevant risk criteria, including at least the likelihood, impact and level of the risk, taking into account cyber threat intelligence and vulnerabilities;</TXT></NP></ITEM><ITEM><NP><NO.P>(c)</NO.P><TXT>an approach for the identification and documentation of the risks to the provision of the trust services, taking into account the complete scope of the information system used by the non-qualified trust service provider, including risks associated with the components of the system as well as with any active or passive parties involved in the implementation of the system or in the provision of the trust services;</TXT></NP></ITEM><ITEM><NP><NO.P>(d)</NO.P><TXT>a process for the evaluation of the identified risks based on the risk criteria referred to in point (b);</TXT></NP></ITEM><ITEM><NP><NO.P>(e)</NO.P><TXT>a process for the identification, prioritisation and continuous monitoring of the implementation of appropriate risk treatment measures;</TXT></NP></ITEM><ITEM><NP><NO.P>(f)</NO.P><TXT>a process for continuous monitoring of the implementation of the risk management policies.</TXT></NP></ITEM></LIST></ALINEA></PARAG><PARAG IDENTIFIER="002.003"><NO.PARAG>3.</NO.PARAG><ALINEA>Non-qualified trust service providers shall establish appropriate procedures and maintain documents to ensure that the requirements set out in the applicable legislation are implemented.</ALINEA></PARAG><PARAG IDENTIFIER="002.004"><NO.PARAG>4.</NO.PARAG><ALINEA>Non-qualified trust service providers shall establish appropriate documented procedures ensuring the monitoring of Union and national legislative and regulatory changes that may impact the provision of trust services.</ALINEA></PARAG></ARTICLE><ARTICLE IDENTIFIER="003"><TI.ART>Article 3</TI.ART><STI.ART>Identification, documentation and evaluation of risks</STI.ART><ALINEA><P>Non-qualified trust service providers shall identify, document and evaluate all risks referred to in Article 19a(1) of Regulation (EU) No 910/2014 in accordance with the risk management policies referred to in Article 2, and shall in particular:</P><LIST TYPE="alpha"><ITEM><NP><NO.P>(a)</NO.P><TXT>identify risks in relation to third parties;</TXT></NP></ITEM><ITEM><NP><NO.P>(b)</NO.P><TXT>identify potential single point of failure in the provision of the trust services;</TXT></NP></ITEM><ITEM><NP><NO.P>(c)</NO.P><TXT>evaluate the identified risks based on the risk criteria referred to in Article 2(2), point (b).</TXT></NP></ITEM></LIST></ALINEA></ARTICLE><?PAGE NO="4"?><ARTICLE IDENTIFIER="004"><TI.ART>Article 4</TI.ART><STI.ART>Risk treatment measures</STI.ART><PARAG IDENTIFIER="004.001"><NO.PARAG>1.</NO.PARAG><ALINEA><P>In accordance with the policies referred to in Article 2, non-qualified trust service providers shall plan, document and implement risk treatment measures, and shall, in particular, carry out the following tasks:</P><LIST TYPE="alpha"><ITEM><NP><NO.P>(a)</NO.P><TXT>identify and prioritise appropriate risk treatment measures;</TXT></NP></ITEM><ITEM><NP><NO.P>(b)</NO.P><TXT>select, approve and document the chosen risk treatment measures, including their security requirements and operational procedures, in a risk treatment plan, identify who is responsible for implementing the risk treatment measures and when they are to be implemented;</TXT></NP></ITEM><ITEM><NP><NO.P>(c)</NO.P><TXT>continuously monitor the implementation of the risk treatment measures.</TXT></NP></ITEM></LIST></ALINEA></PARAG><PARAG IDENTIFIER="004.002"><NO.PARAG>2.</NO.PARAG><ALINEA>The risk treatment plan set out in paragraph 1, point (b), shall provide reasons justifying the acceptance of residual risks in a comprehensible manner.</ALINEA></PARAG><PARAG IDENTIFIER="004.003"><NO.PARAG>3.</NO.PARAG><ALINEA><P>As part of the risk treatment measures referred to in paragraph 1, non-qualified trust service providers shall also:</P><LIST TYPE="alpha"><ITEM><NP><NO.P>(a)</NO.P><TXT>verify, where applicable, the identity of the users of the trust service directly or by means of a third party and publish information on the identity verification methods used;</TXT></NP></ITEM><ITEM><NP><NO.P>(b)</NO.P><TXT>for the purposes of providing evidence in legal proceedings and of ensuring service continuity, record and securely retain for as long as necessary in accordance with Union or national laws, including after the activities of the non-qualified trust service provider have ceased, the following information:</TXT><P><LIST TYPE="DASH"><ITEM><P>all relevant information collected in the process of registration and onboarding of the trust service users, including, where applicable, the identity verification of the users,</P></ITEM><ITEM><P>authentication data assigned to the user of the trust service, where applicable, and</P></ITEM><ITEM><P>any change of the status of public key certificates or other cryptographic material used in the provision of the trust service.</P></ITEM></LIST></P></NP></ITEM><ITEM><NP><NO.P>(c)</NO.P><TXT>ensure, where applicable, that authentication data assigned to the user of the trust service are unique.</TXT></NP></ITEM></LIST></ALINEA></PARAG><PARAG IDENTIFIER="004.004"><NO.PARAG>4.</NO.PARAG><ALINEA><P>When identifying, selecting, approving and prioritising appropriate risk treatment measures, non-qualified trust service providers shall take into account the following elements:</P><LIST TYPE="alpha"><ITEM><NP><NO.P>(a)</NO.P><TXT>the results of the risk evaluation referred to in Article 3;</TXT></NP></ITEM><ITEM><NP><NO.P>(b)</NO.P><TXT>the effectiveness of the risk treatment measures;</TXT></NP></ITEM><ITEM><NP><NO.P>(c)</NO.P><TXT>conformity assessments;</TXT></NP></ITEM><ITEM><NP><NO.P>(d)</NO.P><TXT>significant incidents;</TXT></NP></ITEM><ITEM><NP><NO.P>(e)</NO.P><TXT>the cost of implementation in relation to the expected benefit;</TXT></NP></ITEM><ITEM><NP><NO.P>(f)</NO.P><TXT>the applicable appropriate asset classification;</TXT></NP></ITEM><ITEM><NP><NO.P>(g)</NO.P><TXT>the analysis of any business impact of the risks identified in accordance with Article 3.</TXT></NP></ITEM></LIST></ALINEA></PARAG><PARAG IDENTIFIER="004.005"><NO.PARAG>5.</NO.PARAG><ALINEA>The management bodies of non-qualified trust service providers shall approve the residual risks remaining after the implementation of the risk treatment measures as set out in the risk treatment plan.</ALINEA></PARAG><PARAG IDENTIFIER="004.006"><NO.PARAG>6.</NO.PARAG><ALINEA>Non-qualified trust service providers shall review, document and, where appropriate, update the risk evaluation results and the risk treatment plan at planned intervals, and at least annually, and when significant changes to the infrastructure, operations or risks, or significant incidents, occur.</ALINEA></PARAG><PARAG IDENTIFIER="004.007"><NO.PARAG>7.</NO.PARAG><ALINEA>Non-qualified trust service providers shall ensure the availability, integrity and confidentiality of the information referred to in paragraph 3, point (b).</ALINEA></PARAG></ARTICLE><?PAGE NO="5"?><ARTICLE IDENTIFIER="005"><TI.ART>Article 5</TI.ART><STI.ART>Entry into force</STI.ART><ALINEA>This Regulation shall enter into force on the twentieth day following that of its publication in the <HT TYPE="ITALIC">Official Journal of the European Union</HT>.</ALINEA></ARTICLE></ENACTING.TERMS><FINAL><P>This Regulation shall be binding in its entirety and directly applicable in all Member States.</P><SIGNATURE><PL.DATE><P>Done at Brussels, <DATE ISO="20251027">27 October 2025</DATE>.</P></PL.DATE><SIGNATORY><P><HT TYPE="ITALIC">For the Commission</HT></P><P><HT TYPE="ITALIC">The President</HT></P><P>Ursula <HT TYPE="UC">von der Leyen</HT></P></SIGNATORY></SIGNATURE></FINAL></ACT>
