<?xml version="1.0" encoding="UTF-8"?>
<ANNEX xmlns:xsi="http://www.w3.org/2001/XMLSchema-instance" xsi:noNamespaceSchemaLocation="http://formex.publications.europa.eu/schema/formex-06.02.3-20250123.xd" NNC="YES"><BIB.INSTANCE><DOCUMENT.REF FILE="L_202502160EN.doc.fmx.xml"><COLL>L</COLL><NO.DOC FORMAT="YN" TYPE="OJ"><COM>EU</COM><YEAR>2025</YEAR><NO.CURRENT>2160</NO.CURRENT></NO.DOC><LG.OJ>EN</LG.OJ><PAGE.FIRST>1</PAGE.FIRST><PAGE.SEQ>1</PAGE.SEQ><VOLUME.REF>01</VOLUME.REF></DOCUMENT.REF><DATE ISO="20251027">20251027</DATE><LG.DOC>EN</LG.DOC><NO.SEQ>0001.0001</NO.SEQ><PAGE.FIRST>6</PAGE.FIRST><PAGE.SEQ>1</PAGE.SEQ><PAGE.LAST>6</PAGE.LAST><PAGE.TOTAL>1</PAGE.TOTAL></BIB.INSTANCE><TITLE><TI><P>ANNEX</P></TI><STI><P>List of reference standards for non-qualified trust service providers</P></STI></TITLE><CONTENTS><P>Requirements under the following clauses of the standard ETSI EN <FT TYPE="NUMBER">319401</FT> V3.1.1 (2024-06): <QUOT.START CODE="2018" ID="QS0001" REF.END="QE0001"/>Electronic Signatures and Trust Infrastructures (ESI); General Policy Requirements for Trust Service Providers<QUOT.END CODE="2019" ID="QE0001" REF.START="QS0001"/> shall apply:</P><LIST TYPE="ARAB"><ITEM><NP><NO.P>5.</NO.P><TXT>Risk Assessment;</TXT></NP></ITEM><ITEM><NP><NO.P>6.</NO.P><TXT>Policies and practices;</TXT></NP></ITEM><ITEM><NP><NO.P>7.1</NO.P><TXT>Internal organization;</TXT></NP></ITEM><ITEM><NP><NO.P>7.2</NO.P><TXT>Human resources;</TXT></NP></ITEM><ITEM><NP><NO.P>7.3</NO.P><TXT>Asset management;</TXT></NP></ITEM><ITEM><NP><NO.P>7.4</NO.P><TXT>Access control;</TXT></NP></ITEM><ITEM><NP><NO.P>7.6</NO.P><TXT>Physical and environmental security.</TXT></NP></ITEM></LIST></CONTENTS></ANNEX>
