<?xml version="1.0" encoding="UTF-8"?>
<ANNEX xmlns:xsi="http://www.w3.org/2001/XMLSchema-instance" xsi:noNamespaceSchemaLocation="http://formex.publications.europa.eu/schema/formex-06.02.3-20250123.xd" NNC="YES"><BIB.INSTANCE><DOCUMENT.REF FILE="L_202501566EN.doc.fmx.xml"><COLL>L</COLL><NO.DOC FORMAT="YN" TYPE="OJ"><COM>EU</COM><YEAR>2025</YEAR><NO.CURRENT>1566</NO.CURRENT></NO.DOC><LG.OJ>EN</LG.OJ><PAGE.FIRST>1</PAGE.FIRST><PAGE.SEQ>1</PAGE.SEQ><VOLUME.REF>01</VOLUME.REF></DOCUMENT.REF><DATE ISO="20250729">20250729</DATE><LG.DOC>EN</LG.DOC><NO.SEQ>0001.0001</NO.SEQ><PAGE.FIRST>3</PAGE.FIRST><PAGE.SEQ>1</PAGE.SEQ><PAGE.LAST>3</PAGE.LAST><PAGE.TOTAL>1</PAGE.TOTAL></BIB.INSTANCE><TITLE><TI><P>ANNEX</P></TI><STI><P>Reference standard for the verification of the identity and attributes of persons to whom a qualified certificate or qualified electronic attestation of attributes is to be issued</P></STI></TITLE><CONTENTS><P>The standard ETSI TS 119 461 V2.1.1 (2025-02) for conformance with Annex C clause C.3 applies, with the following adaptations:</P><LIST TYPE="ARAB"><ITEM><NP><NO.P>(1)</NO.P><TXT>2.1 Normative references</TXT><P><LIST TYPE="DASH"><ITEM><P>[1] ETSI EN 319 401 V3.1.1 (2024-06): <QUOT.START CODE="2018" ID="QS0001" REF.END="QE0001"/>Electronic Signatures and Trust Infrastructures (ESI); General Policy Requirements for Trust Service Providers<QUOT.END CODE="2019" ID="QE0001" REF.START="QS0001"/>.</P></ITEM></LIST></P></NP></ITEM><ITEM><NP><NO.P>(2)</NO.P><TXT>C.3 Use cases for issuance of qualified certificate or qualified electronic attestations of attributes in accordance with Article 24(1), (1a) and (1b) of Regulation (EU) No 910/2014</TXT><P><LIST TYPE="DASH"><ITEM><P>[CONDITIONAL] QTS-C3-01: If identity verification for qualified certificate or a qualified electronic attestation is done in conjunction with identity verification to issue authoritative evidence, that identity verification process shall:</P><P><LIST TYPE="DASH"><ITEM><P>have been peer reviewed or certified by an accredited conformity assessment body to comply with assurance level high in accordance with Regulation (EU) No 910/2014, or</P></ITEM><ITEM><P>comply with the requirements set out in clauses C3.1 to C3.6.</P></ITEM></LIST></P></ITEM></LIST></P></NP></ITEM><ITEM><NP><NO.P>(3)</NO.P><TXT>C.3.4 Use case for identity proofing by other identification means</TXT><P><LIST TYPE="DASH"><ITEM><P>QTS-C.3.4-06A: The independent conformity assessment body referred to in [CONDITIONAL] QTS-C.3.4-06, point c) shall be accredited as per Article 3 (18) of Regulation (EU) No 910/2014, and, if all applicable requirements are fulfilled, the assessment should result in a certificate of compliance based on a certification audit. This formal certification process shall be based on a security evaluation process that refers to the levels of assurance defined for notified electronic identification means or certified European Digital Identity Wallets under Regulation (EU) No 910/2014 and shall include rigorous testing to evaluate resistance against potential security threats. These evaluations shall employ pertinent technical standards to demonstrate robustness against such attacks.</P></ITEM></LIST></P></NP></ITEM><ITEM><NP><NO.P>(4)</NO.P><TXT>9.2.3.4 Use case for automated operation</TXT><P><LIST TYPE="DASH"><ITEM><P>USE-9.2.3.4-04: The IPSP shall establish target values for the FAR and FRR, based on a risk analysis and its threats intelligence procedure, by following the methodology established in the ENISA report <QUOT.START CODE="2018" ID="QS0002" REF.END="QE0002"/>Methodology for sectoral cybersecurity assessments<QUOT.END CODE="2019" ID="QE0002" REF.START="QS0002"/> [i.28] or an equivalent methodology, in fully automated identity proofing processes. These target values shall be equal to or lower than those set for hybrid use cases, when they exist. The IPSP shall maintain these target values for FAR and FRR consistently, supported by a risk analysis and its threats intelligence procedure.</P></ITEM></LIST></P></NP></ITEM><ITEM><NP><NO.P>(5)</NO.P><TXT>8.3.3 Validation of physical identity document</TXT><P><LIST TYPE="DASH"><ITEM><P>VAL-8.3.3-21: The effectiveness of the measures for complying with the requirements VAL-8.3.3-05X, VAL-8.3.3-05A, VAL-8.3.3-05B, VAL-8.3.3-05C, VAL-8.3.3-07A and VAL-8.3.3-07X, shall be tested by an accredited laboratory or a national competent authority, whenever they are designated, at the latest by <DATE ISO="20270819">19 August 2027</DATE> and then be repeated every second year.</P></ITEM></LIST></P></NP></ITEM><ITEM><NP><NO.P>(6)</NO.P><TXT>7.12. Termination and termination plans</TXT><P><LIST TYPE="DASH"><ITEM><P>OVR-7.12-02: The termination plan shall comply with the requirements set out in the implementing acts adopted pursuant to Article 24(5) of Regulation (EU) No 910/2014 [i.1]</P></ITEM></LIST></P></NP></ITEM></LIST></CONTENTS></ANNEX>
