<?xml version="1.0" encoding="UTF-8"?>
<DOC xmlns:xsi="http://www.w3.org/2001/XMLSchema-instance" xsi:noNamespaceSchemaLocation="http://formex.publications.europa.eu/schema/formex-06.02.3-20250123.xd"><BIB.DOC><PROD.ID>20250724007</PROD.ID><FIN.ID>604373</FIN.ID><NO.DOC FORMAT="YN" TYPE="OJ"><COM>EU</COM><YEAR>2025</YEAR><NO.CURRENT>1566</NO.CURRENT></NO.DOC><DURAB TYPE="DUR"/><AUTHOR>COM</AUTHOR><NO.ELI ID="http://data.europa.eu/eli/reg_impl/2025/1566/oj">ELI:http://data.europa.eu/eli/reg_impl/2025/1566/oj</NO.ELI></BIB.DOC><PUBLICATION.REF FILE="L_202501566EN.toc.fmx.xml"><COLL>L</COLL><NO.DOC FORMAT="YN" TYPE="OJ"><COM>EU</COM><YEAR>2025</YEAR><NO.CURRENT>1566</NO.CURRENT></NO.DOC><DATE ISO="20250730">20250730</DATE><LG.OJ>EN</LG.OJ><VOLUME.REF>01</VOLUME.REF></PUBLICATION.REF><FMX><DOC.MAIN.PUB NO.SEQ="0001" SYNOPTISM="D0001"><LG.DOC>EN</LG.DOC><LEGAL.VALUE>REG_IMPL</LEGAL.VALUE><DATE ISO="20250729">20250729</DATE><PAGE.FIRST>1</PAGE.FIRST><PAGE.LAST>2</PAGE.LAST><PAGE.TOTAL>2</PAGE.TOTAL><PAGE.SEQ>1</PAGE.SEQ><REF.PHYS FILE="L_202501566EN.000101.fmx.xml" TYPE="DOC.XML"/></DOC.MAIN.PUB><DOC.SUB.PUB NO.SEQ="0001.0001" SYNOPTISM="D0001.0001" TYPE="ANNEX" IN.SUMMARY="NO"><PAGE.FIRST>3</PAGE.FIRST><PAGE.LAST>3</PAGE.LAST><PAGE.TOTAL>1</PAGE.TOTAL><PAGE.SEQ>1</PAGE.SEQ><REF.PHYS FILE="L_202501566EN.000301.fmx.xml" TYPE="DOC.XML"/></DOC.SUB.PUB></FMX><PAPER><VOLUME.PAPER><ITEM.VOLUME REF.NO.SEQ="0001"><TITLE REF.TITLE="T0001"/><ITEM.REF>1</ITEM.REF></ITEM.VOLUME></VOLUME.PAPER></PAPER><PDF><ITEM.VOLUME REF.NO.SEQ="0001"><TITLE ID.TITLE="T0001"><TI><P>Commission Implementing Regulation (EU) 2025/1566 of <DATE ISO="20250729">29 July 2025</DATE> laying down rules for the application of Regulation (EU) No 910/2014 of the European Parliament and of the Council as regards reference standards for the verification of the identity and attributes of the person to whom the qualified certificate or the qualified electronic attestation of attributes is to be issued</P></TI></TITLE><ITEM.REF REF.PDF="L_202501566EN.pdf">1</ITEM.REF></ITEM.VOLUME></PDF></DOC>
