<?xml version="1.0" encoding="UTF-8"?>
<ANNEX xmlns:xsi="http://www.w3.org/2001/XMLSchema-instance" xsi:noNamespaceSchemaLocation="http://formex.publications.europa.eu/schema/formex-06.02.3-20250123.xd" NNC="YES"><BIB.INSTANCE><DOCUMENT.REF FILE="L_202501570EN.doc.fmx.xml"><COLL>L</COLL><NO.DOC FORMAT="YN" TYPE="OJ"><COM>EU</COM><YEAR>2025</YEAR><NO.CURRENT>1570</NO.CURRENT></NO.DOC><LG.OJ>EN</LG.OJ><PAGE.FIRST>1</PAGE.FIRST><PAGE.SEQ>1</PAGE.SEQ><VOLUME.REF>01</VOLUME.REF></DOCUMENT.REF><DATE ISO="20250724">20250724</DATE><LG.DOC>EN</LG.DOC><NO.SEQ>0001.0001</NO.SEQ><PAGE.FIRST>3</PAGE.FIRST><PAGE.SEQ>1</PAGE.SEQ><PAGE.LAST>4</PAGE.LAST><PAGE.TOTAL>2</PAGE.TOTAL></BIB.INSTANCE><TITLE><TI><P>ANNEX</P></TI><STI><P>Information to be notified by Member States in accordance with Article 31(1)</P></STI></TITLE><CONTENTS><NP><NO.P>1.</NO.P><TXT>The identification of the qualified electronic signature creation device or qualified we electronic seal creation device, as covered by the certification or certification cancellation notification and specified through the following elements:</TXT><P><LIST TYPE="alpha"><ITEM><NP><NO.P>(a)</NO.P><TXT>product name;</TXT></NP></ITEM><ITEM><NP><NO.P>(b)</NO.P><TXT>reference to the configured software component, including the relevant version;</TXT></NP></ITEM><ITEM><NP><NO.P>(c)</NO.P><TXT>reference to the configured hardware component, including the relevant version;</TXT></NP></ITEM><ITEM><NP><NO.P>(d)</NO.P><TXT>version;</TXT></NP></ITEM></LIST></P></NP><NP><NO.P>2.</NO.P><TXT>The identity of the body that applied for certification;</TXT></NP><NP><NO.P>3.</NO.P><TXT>The description of the qualified electronic signature creation device or qualified electronic seal creation device, including</TXT><P><LIST TYPE="alpha"><ITEM><NP><NO.P>(a)</NO.P><TXT>whether it is a qualified electronic signature creation device or/and a qualified electronic seal creation device;</TXT></NP></ITEM><ITEM><NP><NO.P>(b)</NO.P><TXT>which of the following categories the device belongs to:</TXT><P><LIST TYPE="DASH"><ITEM><P>devices where the electronic signature creation data or electronic seal creation data is held in an entirely (but not necessarily exclusively) user-managed environment;</P></ITEM><ITEM><P>devices where a qualified trust service provider manages the electronic signature creation data or electronic seal creation data on behalf of a signatory or of a creator of a seal;</P></ITEM></LIST></P></NP></ITEM></LIST></P></NP><NP><NO.P>4.</NO.P><TXT>The certificate of conformity of the device with the requirements of Annex II to Regulation (EU) No 910/2014;</TXT></NP><NP><NO.P>5.</NO.P><TXT>A reference to the certification report issued in accordance with Article 30 of Regulation (EU) No 910/2014 that shall not change at least for the validity period of the certificate of conformity;</TXT></NP><NP><NO.P>6.</NO.P><TXT>The identity of the issuer of the certification report, including appropriate reference to its qualification as a certification body designated by a Member State in accordance with Article 30(1) of Regulation (EU) No 910/2014 and as compliant for the certification of those devices in accordance with Article 30(3) of that Regulation;</TXT></NP><NP><NO.P>7.</NO.P><TXT>A uniform resource locator (<QUOT.START CODE="2018" ID="QS0001" REF.END="QE0001"/>URL<QUOT.END CODE="2019" ID="QE0001" REF.START="QS0001"/>) of a location from where the certification report is publicly available free of charge;</TXT></NP><NP><NO.P>8.</NO.P><TXT>The effective starting date of certification;</TXT></NP><NP><NO.P>9.</NO.P><TXT>The certification status;</TXT></NP><NP><NO.P>10.</NO.P><TXT>The expiry date of certification;</TXT></NP><NP><NO.P>11.</NO.P><TXT>Whether certification is planned not to be continued after the current certification for the current configuration of the qualified electronic signature creation devices or qualified electronic seal creation devices;</TXT></NP><NP><NO.P>12.</NO.P><TXT>Contact details of the designated body;</TXT></NP><?PAGE NO="4"?><NP><NO.P>13.</NO.P><TXT>Whether the certification method is in accordance with Article 30(3), first subparagraph, point (a) or point (b) of Regulation (EU) No 910/2014, and as applicable, the reference and URL to the alternative procedures that have been notified to the Commission pursuant to Article 30(3), first subparagraph, point (b), of that Regulation;</TXT></NP><NP><NO.P>14.</NO.P><TXT>All related certification reports established in accordance with the implementing acts adopted pursuant to Article 30(3), second subparagraph of Regulation (EU) No 910/2014 including:</TXT><P><LIST TYPE="alpha"><ITEM><NP><NO.P>(a)</NO.P><TXT>a reference to each certification report;</TXT></NP></ITEM><ITEM><NP><NO.P>(b)</NO.P><TXT>the identification of the issuer of each certification report;</TXT></NP></ITEM><ITEM><NP><NO.P>(c)</NO.P><TXT>a URL to a location from where each certification report is publicly available free of charge;</TXT></NP></ITEM><ITEM><NP><NO.P>(d)</NO.P><TXT>the issuance date of each certification report;</TXT></NP></ITEM><ITEM><NP><NO.P>(e)</NO.P><TXT>where publicly available, a version of the corresponding security target document describing the device, or any component thereof, being targeted by the certification evaluation covered by the certification report.</TXT></NP></ITEM></LIST></P></NP></CONTENTS></ANNEX>
