<?xml version="1.0" encoding="UTF-8"?>
<ANNEX xmlns:xsi="http://www.w3.org/2001/XMLSchema-instance" xsi:noNamespaceSchemaLocation="http://formex.publications.europa.eu/schema/formex-06.02.3-20250123.xd" NNC="YES"><BIB.INSTANCE><DOCUMENT.REF FILE="L_202500848EN.doc.fmx.xml"><COLL>L</COLL><NO.DOC FORMAT="YN" TYPE="OJ"><COM>EU</COM><YEAR>2025</YEAR><NO.CURRENT>848</NO.CURRENT></NO.DOC><LG.OJ>EN</LG.OJ><PAGE.FIRST>1</PAGE.FIRST><PAGE.SEQ>1</PAGE.SEQ><VOLUME.REF>01</VOLUME.REF></DOCUMENT.REF><DATE ISO="20250506">20250506</DATE><LG.DOC>EN</LG.DOC><NO.SEQ>0001.0002</NO.SEQ><PAGE.FIRST>10</PAGE.FIRST><PAGE.SEQ>1</PAGE.SEQ><PAGE.LAST>10</PAGE.LAST><PAGE.TOTAL>1</PAGE.TOTAL></BIB.INSTANCE><TITLE><TI><P>ANNEX II</P></TI></TITLE><CONTENTS><GR.SEQ LEVEL="1"><TITLE><TI><NP><NO.P>1.</NO.P><TXT>REQUIREMENTS FOR ELECTRONIC SIGNATURES OR SEALS APPLIED TO THE INFORMATION MADE AVAILABLE ON REGISTERED WALLET-RELYING PARTIES REFERRED TO IN ARTICLE 3</TXT></NP></TI></TITLE><LIST TYPE="DASH"><ITEM><P>JavaScript Object Notation (<QUOT.START CODE="2018" ID="QS0001" REF.END="QE0001"/>JSON<QUOT.END CODE="2019" ID="QE0001" REF.START="QS0001"/>);</P></ITEM><ITEM><P>IETF 7515 for JSON Web Signatures.</P></ITEM></LIST></GR.SEQ><GR.SEQ LEVEL="1"><TITLE><TI><NP><NO.P>2.</NO.P><TXT>REQUIREMENTS ON THE SINGLE COMMON API REFERRED TO IN ARTICLE 3</TXT></NP></TI></TITLE><LIST TYPE="ARAB"><ITEM><NP><NO.P>(1)</NO.P><TXT>The single common API shall:</TXT><P><LIST TYPE="alpha"><ITEM><NP><NO.P>(a)</NO.P><TXT>be a REST API, supporting JSON as a format and signed in accordance with the relevant requirements specified in Section 1;</TXT></NP></ITEM><ITEM><NP><NO.P>(b)</NO.P><TXT>allow any requestor, without prior authentication, to search and request complete lists to the register, for information about registered wallet-relying parties, allowing for partial matches based on defined parameters including, where applicable, the official or business registration number of the wallet-relying party, the name of the wallet-relying party or the information referred to in Article 8, paragraph 2, point (g) and Annex I points 12, 13, 14 and 15;</TXT></NP></ITEM><ITEM><NP><NO.P>(c)</NO.P><TXT>ensure that replies to requests referred to in point (b) that match at least one wallet-relying party shall include one or more statements on information about registered wallet-relying parties and information according to Annex I, current and historic wallet-relying party access certificates and wallet-relying party registration certificates but exclude the contact information in Annex I point 4;</TXT></NP></ITEM><ITEM><NP><NO.P>(d)</NO.P><TXT>be published as an OpenAPI version 3, together with the appropriate documentation and technical specifications ensuring interoperability across the Union;</TXT></NP></ITEM><ITEM><NP><NO.P>(e)</NO.P><TXT>provide security functions, including security by default and by design, to ensure the availability and integrity of the API and the availability of information through it.</TXT></NP></ITEM></LIST></P></NP></ITEM><ITEM><NP><NO.P>(2)</NO.P><TXT>The statements referred to in point (c) shall be expressed under the form of electronically signed or sealed JSON files, with a format and structure in accordance with the requirements on electronic signatures or seals set out Section 1.</TXT></NP></ITEM></LIST></GR.SEQ></CONTENTS></ANNEX>
