<?xml version="1.0" encoding="UTF-8"?>
<DOC xmlns:xsi="http://www.w3.org/2001/XMLSchema-instance" xsi:noNamespaceSchemaLocation="http://formex.publications.europa.eu/schema/formex-06.02.3-20250123.xd"><BIB.DOC><PROD.ID>20250428011</PROD.ID><FIN.ID>581926</FIN.ID><NO.DOC FORMAT="YN" TYPE="OJ"><COM>EU</COM><YEAR>2025</YEAR><NO.CURRENT>848</NO.CURRENT></NO.DOC><DURAB TYPE="DUR"/><AUTHOR>COM</AUTHOR><NO.ELI ID="http://data.europa.eu/eli/reg_impl/2025/848/oj">ELI:http://data.europa.eu/eli/reg_impl/2025/848/oj</NO.ELI></BIB.DOC><PUBLICATION.REF FILE="L_202500848EN.toc.fmx.xml"><COLL>L</COLL><NO.DOC FORMAT="YN" TYPE="OJ"><COM>EU</COM><YEAR>2025</YEAR><NO.CURRENT>848</NO.CURRENT></NO.DOC><DATE ISO="20250507">20250507</DATE><LG.OJ>EN</LG.OJ><VOLUME.REF>01</VOLUME.REF></PUBLICATION.REF><FMX><DOC.MAIN.PUB NO.SEQ="0001" SYNOPTISM="D0001"><LG.DOC>EN</LG.DOC><LEGAL.VALUE>REG_IMPL</LEGAL.VALUE><DATE ISO="20250506">20250506</DATE><PAGE.FIRST>1</PAGE.FIRST><PAGE.LAST>7</PAGE.LAST><PAGE.TOTAL>7</PAGE.TOTAL><PAGE.SEQ>1</PAGE.SEQ><REF.PHYS FILE="L_202500848EN.000101.fmx.xml" TYPE="DOC.XML"/></DOC.MAIN.PUB><DOC.SUB.PUB NO.SEQ="0001.0001" SYNOPTISM="D0001.0001" TYPE="ANNEX" IN.SUMMARY="NO"><PAGE.FIRST>8</PAGE.FIRST><PAGE.LAST>9</PAGE.LAST><PAGE.TOTAL>2</PAGE.TOTAL><PAGE.SEQ>1</PAGE.SEQ><REF.PHYS FILE="L_202500848EN.000801.fmx.xml" TYPE="DOC.XML"/></DOC.SUB.PUB><DOC.SUB.PUB NO.SEQ="0001.0002" SYNOPTISM="D0001.0002" TYPE="ANNEX" IN.SUMMARY="NO"><PAGE.FIRST>10</PAGE.FIRST><PAGE.LAST>10</PAGE.LAST><PAGE.TOTAL>1</PAGE.TOTAL><PAGE.SEQ>1</PAGE.SEQ><REF.PHYS FILE="L_202500848EN.001001.fmx.xml" TYPE="DOC.XML"/></DOC.SUB.PUB><DOC.SUB.PUB NO.SEQ="0001.0003" SYNOPTISM="D0001.0003" TYPE="ANNEX" IN.SUMMARY="NO"><PAGE.FIRST>11</PAGE.FIRST><PAGE.LAST>11</PAGE.LAST><PAGE.TOTAL>1</PAGE.TOTAL><PAGE.SEQ>1</PAGE.SEQ><REF.PHYS FILE="L_202500848EN.001101.fmx.xml" TYPE="DOC.XML"/></DOC.SUB.PUB><DOC.SUB.PUB NO.SEQ="0001.0004" SYNOPTISM="D0001.0004" TYPE="ANNEX" IN.SUMMARY="NO"><PAGE.FIRST>12</PAGE.FIRST><PAGE.LAST>13</PAGE.LAST><PAGE.TOTAL>2</PAGE.TOTAL><PAGE.SEQ>1</PAGE.SEQ><REF.PHYS FILE="L_202500848EN.001201.fmx.xml" TYPE="DOC.XML"/></DOC.SUB.PUB><DOC.SUB.PUB NO.SEQ="0001.0005" SYNOPTISM="D0001.0005" TYPE="ANNEX" IN.SUMMARY="NO"><PAGE.FIRST>14</PAGE.FIRST><PAGE.LAST>15</PAGE.LAST><PAGE.TOTAL>2</PAGE.TOTAL><PAGE.SEQ>1</PAGE.SEQ><REF.PHYS FILE="L_202500848EN.001401.fmx.xml" TYPE="DOC.XML"/></DOC.SUB.PUB></FMX><PAPER><VOLUME.PAPER><ITEM.VOLUME REF.NO.SEQ="0001"><TITLE REF.TITLE="T0001"/><ITEM.REF>1</ITEM.REF></ITEM.VOLUME></VOLUME.PAPER></PAPER><PDF><ITEM.VOLUME REF.NO.SEQ="0001"><TITLE ID.TITLE="T0001"><TI><P>Commission Implementing Regulation (EU) 2025/848 of <DATE ISO="20250506">6 May 2025</DATE> laying down rules for the application of Regulation (EU) No 910/2014 of the European Parliament and of the Council as regards the registration of wallet-relying parties</P></TI></TITLE><ITEM.REF REF.PDF="L_202500848EN.pdf">1</ITEM.REF></ITEM.VOLUME></PDF></DOC>
