<?xml version="1.0" encoding="UTF-8"?>
<ACT xmlns:xsi="http://www.w3.org/2001/XMLSchema-instance" xsi:noNamespaceSchemaLocation="http://formex.publications.europa.eu/schema/formex-06.02.3-20250123.xd" NNC="YES"><BIB.INSTANCE><DOCUMENT.REF FILE="L_202500848EN.doc.fmx.xml"><COLL>L</COLL><NO.DOC FORMAT="YN" TYPE="OJ"><COM>EU</COM><YEAR>2025</YEAR><NO.CURRENT>848</NO.CURRENT></NO.DOC><LG.OJ>EN</LG.OJ><PAGE.FIRST>1</PAGE.FIRST><PAGE.SEQ>1</PAGE.SEQ><VOLUME.REF>01</VOLUME.REF></DOCUMENT.REF><DATE ISO="20250506">20250506</DATE><LG.DOC>EN</LG.DOC><NO.SEQ>0001</NO.SEQ><PAGE.FIRST>1</PAGE.FIRST><PAGE.SEQ>1</PAGE.SEQ><PAGE.LAST>7</PAGE.LAST><PAGE.TOTAL>7</PAGE.TOTAL><NO.DOC FORMAT="YN" TYPE="OJ"><COM>EU</COM><YEAR>2025</YEAR><NO.CURRENT>848</NO.CURRENT></NO.DOC></BIB.INSTANCE><TITLE><TI><P><HT TYPE="UC">Commission Implementing Regulation</HT> (EU) 2025/848</P><P>of <DATE ISO="20250506">6 May 2025</DATE></P><P>laying down rules for the application of Regulation (EU) No 910/2014 of the European Parliament and of the Council as regards the registration of wallet-relying parties</P></TI></TITLE><PREAMBLE><PREAMBLE.INIT>THE EUROPEAN COMMISSION,</PREAMBLE.INIT><GR.VISA><VISA>Having regard to the Treaty on the Functioning of the European Union,</VISA><VISA>Having regard to Regulation (EU) No 910/2014 of the European Parliament and of the Council of <DATE ISO="20140723">23 July 2014</DATE> on electronic identification and trust services for electronic transactions in the internal market and repealing Directive 1999/93/EC<NOTE NOTE.ID="E0001" NUMBERING="ARAB" NUMBERING.CONTINUED="YES" TYPE="FOOTNOTE"><P><REF.DOC.OJ COLL="L" DATE.PUB="20140828" NO.OJ="257" PAGE.FIRST="73">OJ L 257, 28.8.2014, p. 73</REF.DOC.OJ>, ELI: <LINK URI="http://data.europa.eu/eli/reg/2014/910/oj">http://data.europa.eu/eli/reg/2014/910/oj</LINK>.</P></NOTE>, in particular Article 5b(11) thereof,</VISA></GR.VISA><GR.CONSID><GR.CONSID.INIT>Whereas:</GR.CONSID.INIT><CONSID><NP><NO.P>(1)</NO.P><TXT>For the purposes of registering relying parties that intend to rely on European Digital Identity Wallets (<QUOT.START CODE="2018" ID="QS0001" REF.END="QE0001"/>wallets<QUOT.END CODE="2019" ID="QE0001" REF.START="QS0001"/>) for the provision of digital public or private services, as required by Regulation (EU) No 910/2014, Member States should establish and maintain national registers of wallet-relying parties established in their territory.</TXT></NP></CONSID><CONSID><NP><NO.P>(2)</NO.P><TXT>The Commission regularly assesses new technologies, practices, standards and technical specifications. To ensure the highest level of harmonisation among Member States for the development and certification of the wallets, the technical specifications set out in this Regulation rely on the work carried out on under Commission Recommendation (EU) 2021/946<NOTE NOTE.ID="E0002" NUMBERING="ARAB" NUMBERING.CONTINUED="YES" TYPE="FOOTNOTE"><P>Commission Recommendation (EU) 2021/946 of <DATE ISO="20210603">3 June 2021</DATE> on a common Union Toolbox for a coordinated approach towards a European Digital Identity Framework (<REF.DOC.OJ COLL="L" DATE.PUB="20210614" NO.OJ="210" PAGE.FIRST="51">OJ L 210, 14.6.2021, p. 51</REF.DOC.OJ>, ELI: <LINK URI="http://data.europa.eu/eli/reco/2021/946/oj">http://data.europa.eu/eli/reco/2021/946/oj</LINK>).</P></NOTE> and in particular the Architecture and Reference Framework which is part of it. In accordance with recital 75 of Regulation (EU) 2024/1183 of the European Parliament and of the Council<NOTE NOTE.ID="E0003" NUMBERING="ARAB" NUMBERING.CONTINUED="YES" TYPE="FOOTNOTE"><P>Regulation (EU) 2024/1183 of the European Parliament and of the Council of <DATE ISO="20240411">11 April 2024</DATE> amending Regulation (EU) No 910/2014 as regards establishing the European Digital Identity Framework (<REF.DOC COLL="L" CONTEXT="EUR-LEX" DATE.PUB="20240430" NO.DOC="1183" URI="http://data.europa.eu/eli/reg/2024/1183/oj">OJ L, 2024/1183, 30.4.2024, ELI: http://data.europa.eu/eli/reg/2024/1183/oj</REF.DOC>).</P></NOTE>, the Commission should review and, if necessary, update this Regulation, to keep it in line with global developments, the Architecture and Reference Framework and to follow the best practices on the internal market.</TXT></NP></CONSID><CONSID><NP><NO.P>(3)</NO.P><TXT>To ensure broad access to the registers and to achieve interoperability, Member States should set up both human and machine-readable interfaces that meet the technical specifications set out in this Regulation. Providers of wallet-relying party access certificates and wallet-relying party registration certificates, where available, should, for the purpose of issuing those certificates, also be able to rely upon these interfaces.</TXT></NP></CONSID><CONSID><NP><NO.P>(4)</NO.P><TXT>As registration policies provide clear guidance to the wallet-relying parties on the registration process, Member States should set out and publish the registration policies applicable to the national registers established in their territory.</TXT></NP></CONSID><CONSID><NP><NO.P>(5)</NO.P><TXT>The purpose of registering wallet-relying parties is to build trust in the use of the wallets through greater transparency. Therefore, Member States should make the relevant information available to the public in a manner that is both human and machine-readable. To this end, wallet-relying parties should provide the necessary information, including their entitlement or entitlements, to the national registers.</TXT></NP></CONSID><CONSID><NP><NO.P>(6)</NO.P><TXT>Further, for the purpose of transparency, wallet-relying parties should declare, whether they intend to rely upon electronic identification of natural persons.</TXT></NP></CONSID><CONSID><NP><NO.P>(7)</NO.P><TXT>To ensure that the registration process is cost-effective and proportionate to risk, registrars should set up online and, where applicable, automated registration processes for wallet-relying parties that are easy to use. Registrars should verify applications for registration without undue delay.</TXT></NP></CONSID><?PAGE NO="2"?><CONSID><NP><NO.P>(8)</NO.P><TXT>Member States are to ensure that the wallets are able to authenticate wallet-relying parties, irrespective of where they are established in the Union. For this purpose, wallet-relying parties should use wallet-relying party access certificates when they identify themselves to wallet units. To guarantee interoperability of those certificates across all wallets provided within the Union, wallet-relying party access certificates should adhere to common requirements set out in the Annex. The Commission should develop harmonized certificate policies and certificate practice statements that should be implemented by the Member States. The Commission, in collaboration with Member States, should closely monitor the development of new or alternative standards on which relying-party access certificates could be implemented. In particular, trust models that have proven their efficacy and security in Member States should be assessed.</TXT></NP></CONSID><CONSID><NP><NO.P>(9)</NO.P><TXT>As set out in Regulation (EU) No 910/2014, wallet-relying parties are not to request users to provide any data other than those indicated for the intended use of wallets during the registration process. Wallet users should be able to verify the registration data of wallet-relying parties. To enable wallet users to verify that the attributes being requested by the wallet-relying party are within the scope of their registered attributes, Member States may require the issuance of wallet-relying party registration certificates to registered wallet-relying parties. To ensure the interoperability of the wallet-relying party registration certificates, Member States should ensure that those certificates meet the requirements and standards set out in the Annex. In particular, wallet-relying parties should declare, whether they intend to rely upon electronic identification of natural persons to meet one of the requirements set out in paragraph 1 of Article 6 of Regulation (EU) 2016/679 of the European Parliament and of the Council<NOTE NOTE.ID="E0004" NUMBERING="ARAB" NUMBERING.CONTINUED="YES" TYPE="FOOTNOTE"><P>Regulation (EU) 2016/679 of the European Parliament and of the Council of <DATE ISO="20160427">27 April 2016</DATE> on the protection of natural persons with regard to the processing of personal data and on the free movement of such data, and repealing Directive 95/46/EC (General Data Protection Regulation) (<REF.DOC.OJ COLL="L" DATE.PUB="20160504" NO.OJ="119" PAGE.FIRST="1">OJ L 119, 4.5.2016, p. 1</REF.DOC.OJ>, ELI: <LINK URI="http://data.europa.eu/eli/reg/2016/679/oj">http://data.europa.eu/eli/reg/2016/679/oj</LINK>).</P></NOTE> for the purpose of transparency. Further, relying parties are not to refuse the use of pseudonyms, where the identification of the user is not required by Union or national law.</TXT></NP></CONSID><CONSID><NP><NO.P>(10)</NO.P><TXT>To protect users against oversharing information with wallet-relying parties and warn them in such cases, Member States should include common access policies in their certificate policies that would enable a wallet solution to inform the wallet user whenever a wallet-relying party is asking for more information than what they have registered or been authorised to access.</TXT></NP></CONSID><CONSID><NP><NO.P>(11)</NO.P><TXT>To protect wallet users, registrars should be able to suspend or cancel the registration of any wallet-relying party without prior notice where the registrars have reason to believe that the registration contains information which is inaccurate, out of date or misleading; that the wallet-relying party is not complying with the registration policy; or that the wallet-relying party is otherwise acting in breach of Union or national law or of the European Declaration on Digital Rights and Principles for the Digital Decade<NOTE NOTE.ID="E0005" NUMBERING="ARAB" NUMBERING.CONTINUED="YES" TYPE="FOOTNOTE"><P><REF.DOC.OJ COLL="C" DATE.PUB="20230123" NO.OJ="023" PAGE.FIRST="1">OJ C 23, 23.1.2023, p. 1</REF.DOC.OJ>.</P></NOTE> in a way that relates to their role as a wallet-relying party, for example if the wallet-relying party has not rightfully minimised the set of attributes it requests access to. To safeguard the stability of the European Digital Identity Wallet ecosystem (<QUOT.START CODE="2018" ID="QS0002" REF.END="QE0002"/>wallet ecosystem<QUOT.END CODE="2019" ID="QE0002" REF.START="QS0002"/>), the decision to suspend or cancel a registration should be proportionate to the service disruption caused by the suspension or cancellation and the associated cost and inconvenience for the service provider and the user. Pursuant to Article 46a(4), point (f) of Regulation (EU) No 910/2014, supervisory bodies are also to be empowered to suspend and cancel the registration if required.</TXT></NP></CONSID><CONSID><NP><NO.P>(12)</NO.P><TXT>For the purpose of <HT TYPE="ITALIC">ex post</HT> monitoring, investigations by law enforcement and dispute handling, registrars should keep records of all the information provided by wallet-relying parties established in their national register for 10 years.</TXT></NP></CONSID><CONSID><NP><NO.P>(13)</NO.P><TXT>Regulation (EU) 2016/679 and, where relevant, Directive 2002/58/EC of the European Parliament and of the Council<NOTE NOTE.ID="E0006" NUMBERING="ARAB" NUMBERING.CONTINUED="YES" TYPE="FOOTNOTE"><P>Directive 2002/58/EC of the European Parliament and of the Council of <DATE ISO="20020712">12 July 2002</DATE> concerning the processing of personal data and the protection of privacy in the electronic communications sector (Directive on privacy and electronic communications) (<REF.DOC.OJ COLL="L" DATE.PUB="20020731" NO.OJ="201" PAGE.FIRST="37">OJ L 201, 31.7.2002, p. 37</REF.DOC.OJ>, ELI: <LINK URI="http://data.europa.eu/eli/dir/2002/58/oj">http://data.europa.eu/eli/dir/2002/58/oj</LINK>).</P></NOTE> apply to the personal data processing activities under this Regulation.</TXT></NP></CONSID><?PAGE NO="3"?><CONSID><NP><NO.P>(14)</NO.P><TXT>The European Data Protection Supervisor was consulted in accordance with Article 42(1) of Regulation (EU) 2018/1725 of the European Parliament and of the Council<NOTE NOTE.ID="E0007" NUMBERING="ARAB" NUMBERING.CONTINUED="YES" TYPE="FOOTNOTE"><P>Regulation (EU) 2018/1725 of the European Parliament and of the Council of <DATE ISO="20181023">23 October 2018</DATE> on the protection of natural persons with regard to the processing of personal data by the Union institutions, bodies, offices and agencies and on the free movement of such data, and repealing Regulation (EC) No 45/2001 and Decision No 1247/2002/EC (<REF.DOC.OJ COLL="L" DATE.PUB="20181121" NO.OJ="295" PAGE.FIRST="39">OJ L 295, 21.11.2018, p. 39</REF.DOC.OJ>, ELI: <LINK URI="http://data.europa.eu/eli/reg/2018/1725/oj">http://data.europa.eu/eli/reg/2018/1725/oj</LINK>).</P></NOTE>, and delivered its opinion on <DATE ISO="20250131">31 January 2025</DATE>.</TXT></NP></CONSID><CONSID><NP><NO.P>(15)</NO.P><TXT>The measures provided for in this Regulation are in accordance with the opinion of the committee established by Article 48 of Regulation (EU) No 910/2014,</TXT></NP></CONSID></GR.CONSID><PREAMBLE.FINAL>HAS ADOPTED THIS REGULATION:</PREAMBLE.FINAL></PREAMBLE><ENACTING.TERMS><ARTICLE IDENTIFIER="001"><TI.ART>Article 1</TI.ART><STI.ART>Subject matter and scope</STI.ART><ALINEA>This Regulation lays down rules for the registration of wallet-relying parties.</ALINEA></ARTICLE><ARTICLE IDENTIFIER="002"><TI.ART>Article 2</TI.ART><STI.ART>Definitions</STI.ART><ALINEA><P>For the purposes of this Regulation, the following definitions apply:</P><LIST TYPE="ARAB"><ITEM><NP><NO.P>(1)</NO.P><TXT><QUOT.START CODE="2018" ID="QS0003" REF.END="QE0003"/>wallet-relying party<QUOT.END CODE="2019" ID="QE0003" REF.START="QS0003"/> means a relying party that intends to rely upon wallet units for the provision of public or private services by means of digital interaction;</TXT></NP></ITEM><ITEM><NP><NO.P>(2)</NO.P><TXT><QUOT.START CODE="2018" ID="QS0004" REF.END="QE0004"/>wallet unit<QUOT.END CODE="2019" ID="QE0004" REF.START="QS0004"/> means a unique configuration of a wallet solution that includes wallet instances, wallet secure cryptographic applications and wallet secure cryptographic devices provided by a wallet provider to an individual wallet user;</TXT></NP></ITEM><ITEM><NP><NO.P>(3)</NO.P><TXT><QUOT.START CODE="2018" ID="QS0005" REF.END="QE0005"/>wallet solution<QUOT.END CODE="2019" ID="QE0005" REF.START="QS0005"/> means a combination of software, hardware, services, settings, and configurations, including wallet instances, one or more wallet secure cryptographic applications and one or more wallet secure cryptographic devices;</TXT></NP></ITEM><ITEM><NP><NO.P>(4)</NO.P><TXT><QUOT.START CODE="2018" ID="QS0006" REF.END="QE0006"/>wallet instance<QUOT.END CODE="2019" ID="QE0006" REF.START="QS0006"/> means the application installed and configured on a wallet user’s device or environment, which is part of a wallet unit, and that the wallet user uses to interact with the wallet unit;</TXT></NP></ITEM><ITEM><NP><NO.P>(5)</NO.P><TXT><QUOT.START CODE="2018" ID="QS0007" REF.END="QE0007"/>wallet secure cryptographic application<QUOT.END CODE="2019" ID="QE0007" REF.START="QS0007"/> means an application that manages critical assets by being linked to and using the cryptographic and non-cryptographic functions provided by the wallet secure cryptographic device;</TXT></NP></ITEM><ITEM><NP><NO.P>(6)</NO.P><TXT><QUOT.START CODE="2018" ID="QS0008" REF.END="QE0008"/>wallet secure cryptographic device<QUOT.END CODE="2019" ID="QE0008" REF.START="QS0008"/> means a tamper-resistant device that provides an environment that is linked to and used by the wallet secure cryptographic application to protect critical assets and provide cryptographic functions for the secure execution of critical operations;</TXT></NP></ITEM><ITEM><NP><NO.P>(7)</NO.P><TXT><QUOT.START CODE="2018" ID="QS0009" REF.END="QE0009"/>critical assets<QUOT.END CODE="2019" ID="QE0009" REF.START="QS0009"/> means assets within or in relation to a wallet unit of such extraordinary importance that where their availability, confidentiality or integrity are compromised, this would have a very serious, debilitating effect on the ability to rely on the wallet unit;</TXT></NP></ITEM><ITEM><NP><NO.P>(8)</NO.P><TXT><QUOT.START CODE="2018" ID="QS0010" REF.END="QE0010"/>wallet provider<QUOT.END CODE="2019" ID="QE0010" REF.START="QS0010"/> means a natural or legal person who provides wallet solutions;</TXT></NP></ITEM><ITEM><NP><NO.P>(9)</NO.P><TXT><QUOT.START CODE="2018" ID="QS0011" REF.END="QE0011"/>wallet user<QUOT.END CODE="2019" ID="QE0011" REF.START="QS0011"/> means a user who is in control of the wallet unit;</TXT></NP></ITEM><ITEM><NP><NO.P>(10)</NO.P><TXT><QUOT.START CODE="2018" ID="QS0012" REF.END="QE0012"/>national register of wallet-relying parties<QUOT.END CODE="2019" ID="QE0012" REF.START="QS0012"/> means a national electronic register used by a Member State to make information on wallet-relying parties registered in that Member State publicly available as set out in Article 5b(5) of Regulation (EU) No 910/2014;</TXT></NP></ITEM><ITEM><NP><NO.P>(11)</NO.P><TXT><QUOT.START CODE="2018" ID="QS0013" REF.END="QE0013"/>provider of wallet-relying party access certificates<QUOT.END CODE="2019" ID="QE0013" REF.START="QS0013"/> means a natural or legal person mandated by a Member State to issue wallet-relying party access certificates to wallet-relying parties registered in that Member State;</TXT></NP></ITEM><?PAGE NO="4"?><ITEM><NP><NO.P>(12)</NO.P><TXT><QUOT.START CODE="2018" ID="QS0014" REF.END="QE0014"/>wallet-relying party access certificate<QUOT.END CODE="2019" ID="QE0014" REF.START="QS0014"/> means a certificate for electronic seals or signatures authenticating and validating the wallet-relying party issued by a provider of wallet-relying party access certificates;</TXT></NP></ITEM><ITEM><NP><NO.P>(13)</NO.P><TXT><QUOT.START CODE="2018" ID="QS0015" REF.END="QE0015"/>provider of person identification data<QUOT.END CODE="2019" ID="QE0015" REF.START="QS0015"/> means a natural or legal person responsible for issuing and revoking the person identification data and ensuring that the person identification data of a user is cryptographically bound to a wallet unit;</TXT></NP></ITEM><ITEM><NP><NO.P>(14)</NO.P><TXT><QUOT.START CODE="2018" ID="QS0016" REF.END="QE0016"/>registrar of wallet-relying parties<QUOT.END CODE="2019" ID="QE0016" REF.START="QS0016"/> means the body responsible for establishing and maintaining the list of registered wallet-relying parties established in their territory and who has been designated by a Member State;</TXT></NP></ITEM><ITEM><NP><NO.P>(15)</NO.P><TXT><QUOT.START CODE="2018" ID="QS0017" REF.END="QE0017"/>wallet-relying party registration certificate<QUOT.END CODE="2019" ID="QE0017" REF.START="QS0017"/> means a data object that describes the intended use of the relying party and indicates the attributes the relying party has registered to intend to request from users;</TXT></NP></ITEM><ITEM><NP><NO.P>(16)</NO.P><TXT><QUOT.START CODE="2018" ID="QS0018" REF.END="QE0018"/>provider of wallet-relying party registration certificates<QUOT.END CODE="2019" ID="QE0018" REF.START="QS0018"/> means a natural or legal person mandated by a Member State to issue wallet-relying party registration certificates to wallet-relying parties registered in that Member State.</TXT></NP></ITEM></LIST></ALINEA></ARTICLE><ARTICLE IDENTIFIER="003"><TI.ART>Article 3</TI.ART><STI.ART>National registers</STI.ART><PARAG IDENTIFIER="003.001"><NO.PARAG>1.</NO.PARAG><ALINEA>Member States shall establish and maintain at least one national register of wallet-relying parties with information regarding registered wallet-relying parties established in that Member State.</ALINEA></PARAG><PARAG IDENTIFIER="003.002"><NO.PARAG>2.</NO.PARAG><ALINEA>The register shall include at least the information set out in Annex I.</ALINEA></PARAG><PARAG IDENTIFIER="003.003"><NO.PARAG>3.</NO.PARAG><ALINEA>Member States shall designate at least one registrar to manage and operate at least one national register of wallet-relying parties.</ALINEA></PARAG><PARAG IDENTIFIER="003.004"><NO.PARAG>4.</NO.PARAG><ALINEA>Member States shall make the information set out in Annex I on registered wallet-relying parties publicly available online, both in human-readable form and in a form suitable for automated processing.</ALINEA></PARAG><PARAG IDENTIFIER="003.005"><NO.PARAG>5.</NO.PARAG><ALINEA>The information referred to in paragraph 2 shall be available through a single common application programming interface (<QUOT.START CODE="2018" ID="QS0019" REF.END="QE0019"/>API<QUOT.END CODE="2019" ID="QE0019" REF.START="QS0019"/>) and through a national website. It shall be electronically signed or sealed by or on behalf of the registrar, in accordance with the common requirements for a single API set out in Section 1 of Annex II.</ALINEA></PARAG><PARAG IDENTIFIER="003.006"><NO.PARAG>6.</NO.PARAG><ALINEA>Member States shall ensure that the API referred to in paragraph 5 complies with the common requirements set out in Section 2 of Annex II.</ALINEA></PARAG><PARAG IDENTIFIER="003.007"><NO.PARAG>7.</NO.PARAG><ALINEA>Member States shall ensure that the registers comply with the relevant common registration policies set out in Article 4.</ALINEA></PARAG></ARTICLE><ARTICLE IDENTIFIER="004"><TI.ART>Article 4</TI.ART><STI.ART>Registration policies</STI.ART><PARAG IDENTIFIER="004.001"><NO.PARAG>1.</NO.PARAG><ALINEA>Member States shall lay down and publish one or more national registration policies applicable to the national registers established in their territory.</ALINEA></PARAG><PARAG IDENTIFIER="004.002"><NO.PARAG>2.</NO.PARAG><ALINEA>Member States may include or reuse existing sectoral or national registration policies.</ALINEA></PARAG><PARAG IDENTIFIER="004.003"><NO.PARAG>3.</NO.PARAG><ALINEA><P>The national registration policy shall include at least information on:</P><LIST TYPE="alpha"><ITEM><NP><NO.P>(a)</NO.P><TXT>the identification and authentication procedures applicable to wallet-relying parties during the registration process;</TXT></NP></ITEM><ITEM><NP><NO.P>(b)</NO.P><TXT>the required supporting documentation, regarding the identity, business registration, applicable entitlement or entitlements, and other relevant information on the wallet-relying party;</TXT></NP></ITEM><ITEM><NP><NO.P>(c)</NO.P><TXT>the authentic sources or other official electronic records and where those sources or records can be relied upon to provide accurate data;</TXT></NP></ITEM><?PAGE NO="5"?><ITEM><NP><NO.P>(d)</NO.P><TXT>any other information or other evidence required as part of the registration process;</TXT></NP></ITEM><ITEM><NP><NO.P>(e)</NO.P><TXT>where applicable, the automated means of enabling wallet-relying parties to register or to update an existing registration;</TXT></NP></ITEM><ITEM><NP><NO.P>(f)</NO.P><TXT>the redress mechanism available to wallet-relying parties under the laws and procedures of the Member State where the national register is established;</TXT></NP></ITEM><ITEM><NP><NO.P>(g)</NO.P><TXT>the rules and procedures for the verification of the identity of the registered wallet-relying parties and of any other relevant information provided by that party.</TXT></NP></ITEM></LIST></ALINEA></PARAG><PARAG IDENTIFIER="004.004"><NO.PARAG>4.</NO.PARAG><ALINEA>The procedures and documentation referred to in paragraph 3, points (a) and (b), shall enable the wallet-relying parties to indicate which specific entitlement or entitlements it is acting under, as set out in Annex I.</ALINEA></PARAG><PARAG IDENTIFIER="004.005"><NO.PARAG>5.</NO.PARAG><ALINEA>Where appropriate, the requirements set out in the national registration policy shall not impede an automated registration process.</ALINEA></PARAG></ARTICLE><ARTICLE IDENTIFIER="005"><TI.ART>Article 5</TI.ART><STI.ART>Information to be provided to the national registers</STI.ART><PARAG IDENTIFIER="005.001"><NO.PARAG>1.</NO.PARAG><ALINEA>Wallet-relying parties shall at least provide the information set out in Annex I to national registers.</ALINEA></PARAG><PARAG IDENTIFIER="005.002"><NO.PARAG>2.</NO.PARAG><ALINEA>Wallet-relying parties shall ensure that the information provided is accurate at the time of registration.</ALINEA></PARAG><PARAG IDENTIFIER="005.003"><NO.PARAG>3.</NO.PARAG><ALINEA>Wallet-relying parties shall update any information previously registered in the national register of wallet-relying parties without undue delay.</ALINEA></PARAG></ARTICLE><ARTICLE IDENTIFIER="006"><TI.ART>Article 6</TI.ART><STI.ART>Registration processes</STI.ART><PARAG IDENTIFIER="006.001"><NO.PARAG>1.</NO.PARAG><ALINEA>Registrars shall establish easy to use electronic, and where possible, automated registration processes for wallet-relying parties.</ALINEA></PARAG><PARAG IDENTIFIER="006.002"><NO.PARAG>2.</NO.PARAG><ALINEA>Registrars shall process applications for registration without undue delay and provide a response to the application for registration to the applicant within the timeframe defined in the applicable registration policy, using appropriate means and in accordance with the laws and procedures of the Member State where the national register is established.</ALINEA></PARAG><PARAG IDENTIFIER="006.003"><NO.PARAG>3.</NO.PARAG><ALINEA><P>Where possible, registrars shall verify in an automated manner:</P><LIST TYPE="alpha"><ITEM><NP><NO.P>(a)</NO.P><TXT>the accuracy, validity, authenticity and integrity of the information required under Article 5;</TXT></NP></ITEM><ITEM><NP><NO.P>(b)</NO.P><TXT>where applicable, the power of attorney of representatives of the wallet-relying parties drawn up and submitted in accordance with the laws and procedures of the Member State where the national register is established;</TXT></NP></ITEM><ITEM><NP><NO.P>(c)</NO.P><TXT>the type of entitlement or entitlements of the wallet-relying parties as set out in Annex I;</TXT></NP></ITEM><ITEM><NP><NO.P>(d)</NO.P><TXT>the absence of an existing registration in another national register.</TXT></NP></ITEM></LIST></ALINEA></PARAG><PARAG IDENTIFIER="006.004"><NO.PARAG>4.</NO.PARAG><ALINEA>Registrars shall verify the information set out in paragraph 3 against the supporting documentation provided by the wallet-relying parties or against appropriate authentic sources or other official electronic records in the Member State where the national register is established and to which the registrars have access in accordance with the applicable national laws and procedures.</ALINEA></PARAG><PARAG IDENTIFIER="006.005"><NO.PARAG>5.</NO.PARAG><ALINEA>The verification of entitlements of wallet-relying parties referred to in paragraph 3, point (c) shall be carried out in accordance with Annex III.</ALINEA></PARAG><PARAG IDENTIFIER="006.006"><NO.PARAG>6.</NO.PARAG><ALINEA>Where the registrar cannot verify the information in accordance with paragraphs 3 to 5, the registrar shall reject the registration.</ALINEA></PARAG><?PAGE NO="6"?><PARAG IDENTIFIER="006.007"><NO.PARAG>7.</NO.PARAG><ALINEA>When a wallet-relying party no longer intends to rely upon wallet units for the provision of public or private services under a specific registration, it shall notify the relevant registrar without undue delay and request the cancellation of that registration.</ALINEA></PARAG></ARTICLE><ARTICLE IDENTIFIER="007"><TI.ART>Article 7</TI.ART><STI.ART>Wallet-relying party access certificates</STI.ART><PARAG IDENTIFIER="007.001"><NO.PARAG>1.</NO.PARAG><ALINEA>Member States shall authorise at least one certificate authority to issue wallet-relying party access certificates.</ALINEA></PARAG><PARAG IDENTIFIER="007.002"><NO.PARAG>2.</NO.PARAG><ALINEA>Member States shall ensure that providers of wallet-relying party access certificates issue wallet-relying party access certificates exclusively to registered wallet-relying parties.</ALINEA></PARAG><PARAG IDENTIFIER="007.003"><NO.PARAG>3.</NO.PARAG><ALINEA>Member States shall implement in a syntactically and semantically harmonised manner the certificate policies and certificate practice statements for the wallet-relying party access certificates, in accordance with the requirements set out in Annex IV.</ALINEA></PARAG></ARTICLE><ARTICLE IDENTIFIER="008"><TI.ART>Article 8</TI.ART><STI.ART>Wallet-relying party registration certificates</STI.ART><PARAG IDENTIFIER="008.001"><NO.PARAG>1.</NO.PARAG><ALINEA>Member States may authorise at least one certificate authority to issue wallet-relying party registration certificates.</ALINEA></PARAG><PARAG IDENTIFIER="008.002"><NO.PARAG>2.</NO.PARAG><ALINEA><P>Where a Member State authorised the issuance of a wallet-relying party registration certificate, that Member State shall;</P><LIST TYPE="alpha"><ITEM><NP><NO.P>(a)</NO.P><TXT>require providers of wallet-relying party registration certificates to issue wallet-relying party registration certificates exclusively to registered wallet-relying parties;</TXT></NP></ITEM><ITEM><NP><NO.P>(b)</NO.P><TXT>ensure that each intended use is expressed in the wallet-relying party registration certificates;</TXT></NP></ITEM><ITEM><NP><NO.P>(c)</NO.P><TXT>ensure that wallet-relying party registration certificates include a general access policy, being syntactically and semantically harmonised across the Union, informing users that the wallet-relying party is only allowed to request the data specified in the registration certificates for the intended use registered in the registration certificates;</TXT></NP></ITEM><ITEM><NP><NO.P>(d)</NO.P><TXT>ensure that providers of wallet solutions established in that Member State comply with the general access policy by informing users when a wallet-relying party requests data that is not specified in the registration certificates;</TXT></NP></ITEM><ITEM><NP><NO.P>(e)</NO.P><TXT>implement wallet-relying party registration certificates in a syntactically and semantically harmonised manner and in line with the requirements set out in Annex V;</TXT></NP></ITEM><ITEM><NP><NO.P>(f)</NO.P><TXT>implement dedicated certificate policies and certificate practice statements for the wallet-relying party registration certificates in accordance with the requirements set out in Annex V;</TXT></NP></ITEM><ITEM><NP><NO.P>(g)</NO.P><TXT>ensure that wallet-relying parties provide a URL to the privacy policy regarding the intended use.</TXT></NP></ITEM></LIST></ALINEA></PARAG><PARAG IDENTIFIER="008.003"><NO.PARAG>3.</NO.PARAG><ALINEA>The policy referred to in point (g) shall be expressed in the wallet-relying party registration certificate.</ALINEA></PARAG></ARTICLE><ARTICLE IDENTIFIER="009"><TI.ART>Article 9</TI.ART><STI.ART>Suspension and cancellation of registration</STI.ART><PARAG IDENTIFIER="009.001"><NO.PARAG>1.</NO.PARAG><ALINEA>Registrars shall suspend or cancel a registration of a wallet-relying party where such a suspension or cancellation is requested by a supervisory body pursuant to Article 46a(4), point (f) of Regulation (EU) No 910/2014.</ALINEA></PARAG><PARAG IDENTIFIER="009.002"><NO.PARAG>2.</NO.PARAG><ALINEA><P>Registrars may suspend or cancel a registration of a wallet-relying party where the registrars have reasons to believe one of the following:</P><LIST TYPE="alpha"><ITEM><NP><NO.P>(a)</NO.P><TXT>the registration contains information, which is inaccurate, out of date or misleading;</TXT></NP></ITEM><?PAGE NO="7"?><ITEM><NP><NO.P>(b)</NO.P><TXT>the wallet-relying party is not compliant with the registration policy;</TXT></NP></ITEM><ITEM><NP><NO.P>(c)</NO.P><TXT>the wallet-relying party is requesting more attributes than they have registered in accordance with Article 5 and Article 6;</TXT></NP></ITEM><ITEM><NP><NO.P>(d)</NO.P><TXT>the wallet-relying party is otherwise acting in breach of Union or national law in a manner related to their role as wallet-relying party.</TXT></NP></ITEM></LIST></ALINEA></PARAG><PARAG IDENTIFIER="009.003"><NO.PARAG>3.</NO.PARAG><ALINEA>Registrars shall suspend or cancel a registration of a wallet-relying party where the request for cancellation or suspension is made by the same wallet-relying party.</ALINEA></PARAG><PARAG IDENTIFIER="009.004"><NO.PARAG>4.</NO.PARAG><ALINEA>When considering the suspension or cancellation in accordance with paragraph 2, the registrar shall conduct a proportionality assessment, taking into account the impact on the fundamental rights, security and confidentiality of the users in the ecosystem, as well as the severity of the disruption envisaged to be caused by the suspension or cancellation and the associated costs, both for the wallet-relying party and the user. Based on the result of this assessment, the registrar may suspend or cancel the registration with or without prior notice to the affected wallet-relying party.</ALINEA></PARAG><PARAG IDENTIFIER="009.005"><NO.PARAG>5.</NO.PARAG><ALINEA>Where the registration of a wallet-relying party is suspended or cancelled, the registrar shall inform the provider of the relevant wallet-relying party access certificates, the provider of the relevant wallet-relying party registration certificates, and the affected wallet-relying party of this action without undue delay and not later than 24 hours after the suspension or cancellation. This notification shall include information on the reasons for the suspension or cancellation and on the available means of redress or appeal.</ALINEA></PARAG><PARAG IDENTIFIER="009.006"><NO.PARAG>6.</NO.PARAG><ALINEA>The provider of wallet-relying party access certificates and the provider of wallet-relying registration certificates, shall, where applicable, revoke without undue delay the wallet-relying party access certificates, and the wallet-relying party registration certificates, respectively, of the wallet-relying party for which registration has been suspended or cancelled.</ALINEA></PARAG></ARTICLE><ARTICLE IDENTIFIER="010"><TI.ART>Article 10</TI.ART><STI.ART>Record keeping</STI.ART><ALINEA>Registrars shall keep records of the information provided by wallet-relying parties and registered in accordance with Annex I for the registration of a wallet-relying party and the issuance of the wallet-relying party access certificates and the wallet-relying party registration certificates, and of any subsequent changes to this information, for 10 years.</ALINEA></ARTICLE><ARTICLE IDENTIFIER="011"><TI.ART>Article 11</TI.ART><STI.ART>Entry into force</STI.ART><ALINEA>This Regulation shall enter into force on the twentieth day following that of its publication in the <HT TYPE="ITALIC">Official Journal of the European Union</HT>.</ALINEA><ALINEA>It shall apply from the <DATE ISO="20261224">24 December 2026</DATE>.</ALINEA><ALINEA>This Regulation shall be binding in its entirety and directly applicable in all Member States.</ALINEA></ARTICLE></ENACTING.TERMS><FINAL><SIGNATURE><PL.DATE><P>Done at Brussels, <DATE ISO="20250506">6 May 2025</DATE>.</P></PL.DATE><SIGNATORY><P><HT TYPE="ITALIC">For the Commission</HT></P><P><HT TYPE="ITALIC">The President</HT></P><P>Ursula <HT TYPE="UC">von der Leyen</HT></P></SIGNATORY></SIGNATURE></FINAL></ACT>
