<?xml version="1.0" encoding="UTF-8"?>
<ANNEX xmlns:xsi="http://www.w3.org/2001/XMLSchema-instance" xsi:noNamespaceSchemaLocation="http://formex.publications.europa.eu/schema/formex-06.02.3-20250123.xd" NNC="YES"><BIB.INSTANCE><DOCUMENT.REF FILE="L_202500848EN.doc.fmx.xml"><COLL>L</COLL><NO.DOC FORMAT="YN" TYPE="OJ"><COM>EU</COM><YEAR>2025</YEAR><NO.CURRENT>848</NO.CURRENT></NO.DOC><LG.OJ>EN</LG.OJ><PAGE.FIRST>1</PAGE.FIRST><PAGE.SEQ>1</PAGE.SEQ><VOLUME.REF>01</VOLUME.REF></DOCUMENT.REF><DATE ISO="20250506">20250506</DATE><LG.DOC>EN</LG.DOC><NO.SEQ>0001.0003</NO.SEQ><PAGE.FIRST>11</PAGE.FIRST><PAGE.SEQ>1</PAGE.SEQ><PAGE.LAST>11</PAGE.LAST><PAGE.TOTAL>1</PAGE.TOTAL></BIB.INSTANCE><TITLE><TI><P>ANNEX III</P></TI></TITLE><CONTENTS><GR.SEQ LEVEL="1"><TITLE><TI><P><HT TYPE="BOLD">Source of documentary evidence for the verification of entitlements of wallet-relying parties referred to in Article 6</HT></P></TI></TITLE><LIST TYPE="ARAB"><ITEM><NP><NO.P>1.</NO.P><TXT>The verification that a wallet-relying party is a provider of qualified electronic attestations of attributes, a provider of qualified certificates for electronic signatures or seals, or a provider of a qualified trust service for the management of remote qualified electronic signature or seal creation devices, shall be based on the national trusted lists published in accordance with Article 22 of Regulation (EU) No 910/2014.</TXT></NP></ITEM><ITEM><NP><NO.P>2.</NO.P><TXT>The verification that a wallet-relying party is a provider of non-qualified electronic attestations of attributes or a provider of remote creation of electronic signatures or seals as a non-qualified trust service shall be based, where applicable, on the national trusted lists published in accordance with Article 22 of Regulation (EU) No 910/2014, or, for non-qualified trust service providers who are not registered in the national trusted lists, on verification procedures that Members States have set out in their registration policies as laid out in Article 4.</TXT></NP></ITEM><ITEM><NP><NO.P>3.</NO.P><TXT>The verification that a wallet-relying party is a provider of person identification data shall be based on the list of providers of person identification data published by the Commission in accordance with Article 5a(18) of Regulation (EU) No 910/2014.</TXT></NP></ITEM><ITEM><NP><NO.P>4.</NO.P><TXT>The verification that a wallet-relying party is a provider of electronic attestations of attributes issued by or on behalf of a public sector body responsible for an authentic source shall be based on the list published by the Commission in accordance with Article 45f(3) of Regulation (EU) No 910/2014.</TXT></NP></ITEM></LIST></GR.SEQ></CONTENTS></ANNEX>
