<?xml version="1.0" encoding="UTF-8"?>
<ANNEX xmlns:xsi="http://www.w3.org/2001/XMLSchema-instance" xsi:noNamespaceSchemaLocation="http://formex.publications.europa.eu/schema/formex-06.02.3-20250123.xd" NNC="YES"><BIB.INSTANCE><DOCUMENT.REF FILE="L_202500848EN.doc.fmx.xml"><COLL>L</COLL><NO.DOC FORMAT="YN" TYPE="OJ"><COM>EU</COM><YEAR>2025</YEAR><NO.CURRENT>848</NO.CURRENT></NO.DOC><LG.OJ>EN</LG.OJ><PAGE.FIRST>1</PAGE.FIRST><PAGE.SEQ>1</PAGE.SEQ><VOLUME.REF>01</VOLUME.REF></DOCUMENT.REF><DATE ISO="20250506">20250506</DATE><LG.DOC>EN</LG.DOC><NO.SEQ>0001.0001</NO.SEQ><PAGE.FIRST>8</PAGE.FIRST><PAGE.SEQ>1</PAGE.SEQ><PAGE.LAST>9</PAGE.LAST><PAGE.TOTAL>2</PAGE.TOTAL></BIB.INSTANCE><TITLE><TI><P>ANNEX I</P></TI></TITLE><CONTENTS><GR.SEQ LEVEL="1"><TITLE><TI><P><HT TYPE="BOLD">Information regarding wallet-relying parties</HT></P></TI></TITLE><LIST TYPE="ARAB"><ITEM><NP><NO.P>1.</NO.P><TXT>Where applicable, the name of the wallet-relying party, as stated in an official record together with identification data of that official record.</TXT><P><LIST TYPE="alpha"><ITEM><NP><NO.P>(a)</NO.P><TXT>if none are applicable, paragraph 2 shall be used.</TXT></NP></ITEM></LIST></P></NP></ITEM><ITEM><NP><NO.P>2.</NO.P><TXT>Where applicable, a user-friendly name of the wallet-relying party that can be either a trade name or service name that is recognisable to the user.</TXT></NP></ITEM><ITEM><NP><NO.P>3.</NO.P><TXT>Where applicable, one or more identifiers of the wallet-relying party, as stated in an official record together with identification data of that official record, expressed as:</TXT><P><LIST TYPE="alpha"><ITEM><NP><NO.P>(a)</NO.P><TXT>an economic operators registration and identification (<QUOT.START CODE="2018" ID="QS0001" REF.END="QE0001"/>EORI<QUOT.END CODE="2019" ID="QE0001" REF.START="QS0001"/>) number as referred to in Commission Implementing Regulation (EU) No 1352/2013<NOTE NOTE.ID="E0001" NUMBERING="ARAB" NUMBERING.CONTINUED="YES" TYPE="FOOTNOTE"><P>Commission Implementing Regulation (EU) No 1352/2013 of <DATE ISO="20131204">4 December 2013</DATE> establishing the forms provided for in Regulation (EU) No 608/2013 of the European Parliament and of the Council concerning customs enforcement of intellectual property rights (<REF.DOC.OJ COLL="L" DATE.PUB="20131218" NO.OJ="341" PAGE.FIRST="10">OJ L 341, 18.12.2013, p. 10</REF.DOC.OJ>, ELI: <LINK URI="http://data.europa.eu/eli/reg_impl/2013/1352/oj">http://data.europa.eu/eli/reg_impl/2013/1352/oj</LINK>).</P></NOTE>;</TXT></NP></ITEM><ITEM><NP><NO.P>(b)</NO.P><TXT>a registration number as registered in a national business register;</TXT></NP></ITEM><ITEM><NP><NO.P>(c)</NO.P><TXT>a legal entity identifier (<QUOT.START CODE="2018" ID="QS0002" REF.END="QE0002"/>LEI<QUOT.END CODE="2019" ID="QE0002" REF.START="QS0002"/>) as referred to in Commission Implementing Regulation (EU) 2022/1860<NOTE NOTE.ID="E0002" NUMBERING="ARAB" NUMBERING.CONTINUED="YES" TYPE="FOOTNOTE"><P>Commission Implementing Regulation (EU) 2022/1860 of <DATE ISO="20220610">10 June 2022</DATE> laying down implementing technical standards for the application of Regulation (EU) No 648/2012 of the European Parliament and of the Council with regard to the standards, formats, frequency and methods and arrangements for reporting (<REF.DOC.OJ COLL="L" DATE.PUB="20221007" NO.OJ="262" PAGE.FIRST="68">OJ L 262, 7.10.2022, p. 68</REF.DOC.OJ>, ELI: <LINK URI="http://data.europa.eu/eli/reg_impl/2022/1860/oj">http://data.europa.eu/eli/reg_impl/2022/1860/oj</LINK>).</P></NOTE>;</TXT></NP></ITEM><ITEM><NP><NO.P>(d)</NO.P><TXT>a value-added tax (<QUOT.START CODE="2018" ID="QS0003" REF.END="QE0003"/>VAT<QUOT.END CODE="2019" ID="QE0003" REF.START="QS0003"/>) registration number;</TXT></NP></ITEM><ITEM><NP><NO.P>(e)</NO.P><TXT>an excise number as referred to in Article 2(12) of Council Regulation (EU) No 389/2012<NOTE NOTE.ID="E0003" NUMBERING="ARAB" NUMBERING.CONTINUED="YES" TYPE="FOOTNOTE"><P>Council Regulation (EU) No 389/2012 of <DATE ISO="20120502">2 May 2012</DATE> on administrative cooperation in the field of excise duties and repealing Regulation (EC) No 2073/2004 (<REF.DOC.OJ COLL="L" DATE.PUB="20120508" NO.OJ="121" PAGE.FIRST="1">OJ L 121, 8.5.2012, p. 1</REF.DOC.OJ>, ELI: <LINK URI="http://data.europa.eu/eli/reg/2012/389/oj">http://data.europa.eu/eli/reg/2012/389/oj</LINK>).</P></NOTE>;</TXT></NP></ITEM><ITEM><NP><NO.P>(f)</NO.P><TXT>a tax reference number;</TXT></NP></ITEM><ITEM><NP><NO.P>(g)</NO.P><TXT>an european unique identifier (<QUOT.START CODE="2018" ID="QS0004" REF.END="QE0004"/>EUID<QUOT.END CODE="2019" ID="QE0004" REF.START="QS0004"/>) as referred to in Commission Implementing Regulation (EU) 2021/1042<NOTE NOTE.ID="E0004" NUMBERING="ARAB" NUMBERING.CONTINUED="YES" TYPE="FOOTNOTE"><P>Commission Implementing Regulation (EU) 2021/1042 of <DATE ISO="20210618">18 June 2021</DATE> laying down rules for the application of Directive (EU) 2017/1132 of the European Parliament and of the Council as regards technical specifications and procedures for the system of interconnection of registers and repealing Commission Implementing Regulation (EU) 2020/2244 (<REF.DOC.OJ COLL="L" DATE.PUB="20210625" NO.OJ="225" PAGE.FIRST="7">OJ L 225, 25.6.2021, p. 7</REF.DOC.OJ>, ELI: <LINK URI="http://data.europa.eu/eli/reg_impl/2021/1042/oj">http://data.europa.eu/eli/reg_impl/2021/1042/oj</LINK>).</P></NOTE>;</TXT></NP></ITEM><ITEM><NP><NO.P>(h)</NO.P><TXT>other national identifier or identifiers.</TXT></NP></ITEM></LIST></P></NP></ITEM><ITEM><NP><NO.P>4.</NO.P><TXT>The physical address where the wallet-relying party is established.</TXT></NP></ITEM><ITEM><NP><NO.P>5.</NO.P><TXT>Where applicable, a uniform resource locator (<QUOT.START CODE="2018" ID="QS0005" REF.END="QE0005"/>URL<QUOT.END CODE="2019" ID="QE0005" REF.START="QS0005"/>) belonging to the wallet-relying party.</TXT></NP></ITEM><ITEM><NP><NO.P>6.</NO.P><TXT>Where the identifier is expressed in accordance with points 3(a), (d), (f) or (h), the country indicator of the Member State where the wallet-relying party is established shall be prefixed using ISO 3166-1 Alpha 2 codes, with the exception of the country indicator for Greece which shall be <QUOT.START CODE="2018" ID="QS0006" REF.END="QE0006"/>EL<QUOT.END CODE="2019" ID="QE0006" REF.START="QS0006"/>.</TXT></NP></ITEM><ITEM><NP><NO.P>7.</NO.P><TXT>Contact information of the wallet-relying party, at least one of the following:</TXT><P><LIST TYPE="alpha"><ITEM><NP><NO.P>(a)</NO.P><TXT>a website where the wallet-relying party can be contacted for matters pertaining to provision of helpdesk and support;</TXT></NP></ITEM><ITEM><NP><NO.P>(b)</NO.P><TXT>a phone number where the wallet-relying party can be contacted for matters pertaining to its registration and intended use of the wallet units;</TXT></NP></ITEM><ITEM><NP><NO.P>(c)</NO.P><TXT>an email address where the wallet-relying party can be contacted for matters pertaining to its registration and intended use of the wallet unit.</TXT></NP></ITEM></LIST></P></NP></ITEM><ITEM><NP><NO.P>8.</NO.P><TXT>A description of the type of services the wallet-relying party provides.</TXT></NP></ITEM><?PAGE NO="9"?><ITEM><NP><NO.P>9.</NO.P><TXT>For each intended use, a list of the data, including attestations and attributes, that the relying party intends to request, a user-friendly name and a technical name, the attestation type and any other syntaxes that the data is grouped under, in a machine-readable format for automated processing.</TXT></NP></ITEM><ITEM><NP><NO.P>10.</NO.P><TXT>For each intended use, a description of intended use of the data that the wallet-relying party intends to request from wallet units.</TXT></NP></ITEM><ITEM><NP><NO.P>11.</NO.P><TXT>An indication whether the wallet-relying party is a public sector body.</TXT></NP></ITEM><ITEM><NP><NO.P>12.</NO.P><TXT>The entitlement or entitlments of the wallet-relying party, that shall be expressed as follows:</TXT><P><LIST TYPE="alpha"><ITEM><NP><NO.P>(a)</NO.P><TXT><QUOT.START CODE="2018" ID="QS0007" REF.END="QE0007"/>Service_Provider<QUOT.END CODE="2019" ID="QE0007" REF.START="QS0007"/> to express the entitlement of the wallet-relying party as a provider of services;</TXT></NP></ITEM><ITEM><NP><NO.P>(b)</NO.P><TXT><QUOT.START CODE="2018" ID="QS0008" REF.END="QE0008"/>QEAA_Provider<QUOT.END CODE="2019" ID="QE0008" REF.START="QS0008"/> to express the entitlement of the wallet-relying party as a qualified trust service provider issuing qualified electronic attestations of attributes;</TXT></NP></ITEM><ITEM><NP><NO.P>(c)</NO.P><TXT><QUOT.START CODE="2018" ID="QS0009" REF.END="QE0009"/>Non_Q_EAA_Provider<QUOT.END CODE="2019" ID="QE0009" REF.START="QS0009"/> to express the entitlement of the wallet-relying party as a trust service provider issuing non-qualified electronic attestations of attributes;</TXT></NP></ITEM><ITEM><NP><NO.P>(d)</NO.P><TXT><QUOT.START CODE="2018" ID="QS0010" REF.END="QE0010"/>PUB_EAA_Provider<QUOT.END CODE="2019" ID="QE0010" REF.START="QS0010"/> to express the entitlement of the wallet-relying party as a provider of electronic attestations of attributes issued by or on behalf of a public sector body responsible for an authentic source;</TXT></NP></ITEM><ITEM><NP><NO.P>(e)</NO.P><TXT><QUOT.START CODE="2018" ID="QS0011" REF.END="QE0011"/>PID_Provider<QUOT.END CODE="2019" ID="QE0011" REF.START="QS0011"/> to express the entitlement of the wallet-relying party as a provider of person identification data;</TXT></NP></ITEM><ITEM><NP><NO.P>(f)</NO.P><TXT><QUOT.START CODE="2018" ID="QS0012" REF.END="QE0012"/>QCert_for_ESeal_Provider<QUOT.END CODE="2019" ID="QE0012" REF.START="QS0012"/> to express the entitlement of the wallet-relying party as a qualified trust service provider issuing qualified certificates for electronic seals;</TXT></NP></ITEM><ITEM><NP><NO.P>(g)</NO.P><TXT><QUOT.START CODE="2018" ID="QS0013" REF.END="QE0013"/>QCert_for_ESig_Provider<QUOT.END CODE="2019" ID="QE0013" REF.START="QS0013"/> to express the entitlement of the wallet-relying party as a qualified trust service provider issuing qualified certificates for electronic signatures;</TXT></NP></ITEM><ITEM><NP><NO.P>(h)</NO.P><TXT><QUOT.START CODE="2018" ID="QS0014" REF.END="QE0014"/>rQSigCDs_Provider<QUOT.END CODE="2019" ID="QE0014" REF.START="QS0014"/> to express the entitlement of the wallet-relying party as a qualified trust service provider providing qualified trust services for the management of a remote qualified electronic signature creation device;</TXT></NP></ITEM><ITEM><NP><NO.P>(i)</NO.P><TXT><QUOT.START CODE="2018" ID="QS0015" REF.END="QE0015"/>rQSealCDs_Provider<QUOT.END CODE="2019" ID="QE0015" REF.START="QS0015"/> to express the entitlement of the wallet-relying party as a qualified trust service provider providing qualified trust services for the management of a remote qualified electronic seal creation device;</TXT></NP></ITEM><ITEM><NP><NO.P>(j)</NO.P><TXT><QUOT.START CODE="2018" ID="QS0016" REF.END="QE0016"/>ESig_ESeal_Creation_Provider<QUOT.END CODE="2019" ID="QE0016" REF.START="QS0016"/> to express the entitlement of the wallet-relying party as a non-qualified trust service provider providing a non-qualified trust service for remote creation of electronic signatures or electronic seals.</TXT></NP></ITEM></LIST></P></NP></ITEM><ITEM><NP><NO.P>13.</NO.P><TXT>With regard to paragraph 12, point (c), Member States may provide additional sub-entitlements to state which attestations a specific non-qualified issuer of electronic attestation of attributes shall issue.</TXT></NP></ITEM><ITEM><NP><NO.P>14.</NO.P><TXT>Where applicable, an indication that the wallet-relying party relies upon an intermediary acting on behalf of the relying party who intends to rely upon the wallet.</TXT></NP></ITEM><ITEM><NP><NO.P>15.</NO.P><TXT>Where applicable, an association to the intermediary that the wallet-relying party is relying upon that is acting on behalf of the relying party who intends to rely upon the wallet.</TXT></NP></ITEM></LIST></GR.SEQ></CONTENTS></ANNEX>
