<?xml version="1.0" encoding="UTF-8"?>
<ANNEX xmlns:xsi="http://www.w3.org/2001/XMLSchema-instance" xsi:noNamespaceSchemaLocation="http://formex.publications.europa.eu/schema/formex-06.02.3-20250123.xd" NNC="YES"><BIB.INSTANCE><DOCUMENT.REF FILE="L_202500848EN.doc.fmx.xml"><COLL>L</COLL><NO.DOC FORMAT="YN" TYPE="OJ"><COM>EU</COM><YEAR>2025</YEAR><NO.CURRENT>848</NO.CURRENT></NO.DOC><LG.OJ>EN</LG.OJ><PAGE.FIRST>1</PAGE.FIRST><PAGE.SEQ>1</PAGE.SEQ><VOLUME.REF>01</VOLUME.REF></DOCUMENT.REF><DATE ISO="20250506">20250506</DATE><LG.DOC>EN</LG.DOC><NO.SEQ>0001.0004</NO.SEQ><PAGE.FIRST>12</PAGE.FIRST><PAGE.SEQ>1</PAGE.SEQ><PAGE.LAST>13</PAGE.LAST><PAGE.TOTAL>2</PAGE.TOTAL></BIB.INSTANCE><TITLE><TI><P>ANNEX IV</P></TI></TITLE><CONTENTS><GR.SEQ LEVEL="1"><TITLE><TI><P><HT TYPE="BOLD">Requirements for wallet-relying party access certificates referred to in Article 7</HT></P></TI></TITLE><LIST TYPE="ARAB"><ITEM><NP><NO.P>1.</NO.P><TXT>The wallet-relying party access certificate policy applicable to the provision of wallet-relying party access certificates shall describe the security requirements that apply to, and the rules that indicate the applicability of, a wallet-relying party access certificate so that wallet-relying parties can be issued with and use those certificates in their interactions with wallet solutions.</TXT></NP></ITEM><ITEM><NP><NO.P>2.</NO.P><TXT>The wallet-relying party access certificate practice statement applicable to the provision of wallet-relying party access certificates shall describe the practices that a provider of wallet-relying party access certificates employs in issuing, managing, revoking, and re-keying wallet-relying party access certificates.</TXT></NP></ITEM><ITEM><NP><NO.P>3.</NO.P><TXT>The certificate policy and certificate practice statement applicable to the provision of wallet-relying party access certificates shall be syntactically and semantically harmonised across the Union and shall, as applicable, comply with at least the normalised certificate policy (<QUOT.START CODE="2018" ID="QS0001" REF.END="QE0001"/>NCP<QUOT.END CODE="2019" ID="QE0001" REF.START="QS0001"/>) requirements as specified in standard ETSI EN 319411-1 version 1.4.1 (2023-10), and shall include:</TXT><P><LIST TYPE="alpha"><ITEM><NP><NO.P>(a)</NO.P><TXT>a clear description of the public key infrastructure hierarchy and certification paths from the end-entity wallet-relying party access certificates up to the top of the hierarchy used for issuing them, indicating the expected trust anchor(s) in such hierarchy and paths which should rely on the trust framework established in accordance with Article 5a(18) of Regulation (EU) No 910/2014;</TXT></NP></ITEM><ITEM><NP><NO.P>(b)</NO.P><TXT>a comprehensive description of the procedures for the issuance of wallet-relying party access certificates, including for the verification of the identity and any other attributes of the wallet-relying party to which a wallet-relying party certificate is to be issued;</TXT></NP></ITEM><ITEM><NP><NO.P>(c)</NO.P><TXT>the obligation for the providers of wallet-relying party access certificates, when issuing a wallet-relying party access certificate, to verify that:</TXT><P><LIST TYPE="DASH"><ITEM><P>the wallet-relying party is included, with a valid registration status, in a national register of wallet-relying parties of the Member State in which that wallet-relying party is established;</P></ITEM><ITEM><P>any information in the wallet-relying party access certificate is accurate and consistent with the registration information available from that register.</P></ITEM></LIST></P></NP></ITEM><ITEM><NP><NO.P>(d)</NO.P><TXT>a comprehensive description of the procedures for revocation of wallet-relying party access certificates;</TXT></NP></ITEM><ITEM><NP><NO.P>(e)</NO.P><TXT>the obligation for the providers of wallet-relying party access certificates to implement measures and processes on:</TXT><P><LIST TYPE="DASH"><ITEM><P>continuously monitoring any changes in the national register for wallet-relying parties in which wallet-relying parties to whom they have issued wallet-relying party access certificates are registered;</P></ITEM><ITEM><P>revoking, when changes require, any wallet-relying party certificate that the provider issued to the corresponding wallet-relying party, in particular when the content of the certificate is no longer accurate and consistent with the information registered, or when the registration of the wallet-relying party is suspended or cancelled.</P></ITEM></LIST></P></NP></ITEM><ITEM><NP><NO.P>(f)</NO.P><TXT>a comprehensive description of the procedures and mechanisms for the harmonised validation of wallet-relying party access certificates across the Union;</TXT></NP></ITEM><ITEM><NP><NO.P>(g)</NO.P><TXT>the obligation for the providers of wallet-relying party access certificates to allow relevant stakeholders, including wallet-relying parties as regards their own certificates, competent supervisory bodies and data protection authorities, to request the revocation of wallet-relying party access certificates;</TXT></NP></ITEM><ITEM><NP><NO.P>(h)</NO.P><TXT>the obligation for the providers of wallet-relying party access certificates to register all such revocations in its certificate database and to publish the revocation status of the certificate in a timely manner, and in any event within 24 hours after receipt of the revocation request;</TXT></NP></ITEM><?PAGE NO="13"?><ITEM><NP><NO.P>(i)</NO.P><TXT>the obligation for the providers of wallet-relying party access certificates to provide information on the validity or revocation status of wallet-relying party certificates issued by that provider;</TXT></NP></ITEM><ITEM><NP><NO.P>(j)</NO.P><TXT>a description, where relevant, on how a provider of wallet-relying party access certificates logs all wallet-relying party access certificates they have issued, in compliance with internet engineering task force (<QUOT.START CODE="2018" ID="QS0002" REF.END="QE0002"/>IETF<QUOT.END CODE="2019" ID="QE0002" REF.START="QS0002"/>) request for comments (<QUOT.START CODE="2018" ID="QS0003" REF.END="QE0003"/>RFC<QUOT.END CODE="2019" ID="QE0003" REF.START="QS0003"/>) 9162 Certificate Transparency version 2.0;</TXT></NP></ITEM><ITEM><NP><NO.P>(k)</NO.P><TXT>the obligation for the wallet-relying party access certificates to include:</TXT><P><LIST TYPE="DASH"><ITEM><P>the location where the certificate supporting the advanced electronic signature or advanced electronic seal on that certificate is available, for the entire certification path to be built up to the expected trust anchor in the public key infrastructure hierarchy used by the provider;</P></ITEM><ITEM><P>a machine processable reference to the applicable certificate policy and certificate practice statement;</P></ITEM><ITEM><P>the information referred to in Annex I, points 1, 2, 3, 5, 6 and 7, (a), (b) and (c).</P></ITEM></LIST></P></NP></ITEM></LIST></P></NP></ITEM><ITEM><NP><NO.P>4.</NO.P><TXT>The revocation set out in point 3(g) shall become effective immediately upon its publication.</TXT></NP></ITEM><ITEM><NP><NO.P>5.</NO.P><TXT>The information set out in point 3(h) shall be made available at least on a per certificate basis at any time and at least beyond the validity period of the certificate in an automated manner that is reliable, free of charge and effectively in accordance with the certificate policy.</TXT></NP></ITEM></LIST></GR.SEQ></CONTENTS></ANNEX>
