<?xml version="1.0" encoding="UTF-8"?>
<ANNEX xmlns:xsi="http://www.w3.org/2001/XMLSchema-instance" xsi:noNamespaceSchemaLocation="http://formex.publications.europa.eu/schema/formex-06.02.3-20250123.xd" NNC="YES"><BIB.INSTANCE><DOCUMENT.REF FILE="L_202500848EN.doc.fmx.xml"><COLL>L</COLL><NO.DOC FORMAT="YN" TYPE="OJ"><COM>EU</COM><YEAR>2025</YEAR><NO.CURRENT>848</NO.CURRENT></NO.DOC><LG.OJ>EN</LG.OJ><PAGE.FIRST>1</PAGE.FIRST><PAGE.SEQ>1</PAGE.SEQ><VOLUME.REF>01</VOLUME.REF></DOCUMENT.REF><DATE ISO="20250506">20250506</DATE><LG.DOC>EN</LG.DOC><NO.SEQ>0001.0005</NO.SEQ><PAGE.FIRST>14</PAGE.FIRST><PAGE.SEQ>1</PAGE.SEQ><PAGE.LAST>15</PAGE.LAST><PAGE.TOTAL>2</PAGE.TOTAL></BIB.INSTANCE><TITLE><TI><P>ANNEX V</P></TI></TITLE><CONTENTS><GR.SEQ LEVEL="1"><TITLE><TI><P><HT TYPE="BOLD">Requirements for wallet-relying party registration certificates referred to in Article 8</HT></P></TI></TITLE><LIST TYPE="ARAB"><ITEM><NP><NO.P>1.</NO.P><TXT>The wallet-relying party registration certificate policy applicable to the provision of wallet-relying party registration certificates shall describe the security requirements that apply to, and the rules that indicate the applicability of, a wallet-relying party registration certificate for their issuance to and use by wallet-relying parties in their interactions with wallet solutions. The wallet relying party registration certificate policy shall be published in human-readable.</TXT></NP></ITEM><ITEM><NP><NO.P>2.</NO.P><TXT>The wallet-relying party registration certificate practice statement applicable to the provisioning of wallet-relying party registration certificates shall describe the practices that a provider of wallet-relying party registration certificates employs in issuing, managing, revoking, and re-keying wallet-relying party registration certificates, and, where applicable, how they relate to wallet-relying party access certificates issued to wallet-relying parties. The wallet relying party registration certificate practice statement shall be published in human-readable.</TXT></NP></ITEM><ITEM><NP><NO.P>3.</NO.P><TXT>The wallet-relying party registration certificate policy and certificate practice statement applicable to the provisioning of wallet-relying party registration certificates shall be syntactically and semantically harmonised across the Union and shall comply with at least the applicable NCP requirements as specified in standard ETSI EN 319411-1 version 1.4.1 (2023-10), and shall include:</TXT><P><LIST TYPE="alpha"><ITEM><NP><NO.P>(a)</NO.P><TXT>a clear description of the public key infrastructure hierarchy and certification paths from the end-entity wallet-relying party registration certificates up to the top of the hierarchy used for issuing them, while indicating the expected trust anchor(s) in such hierarchy and paths;</TXT></NP></ITEM><ITEM><NP><NO.P>(b)</NO.P><TXT>a comprehensive description of the procedures for the issuance of wallet-relying party registration certificates, including for the verification of the identity and of any attribute of the wallet-relying party to which a wallet-relying party certificate is to be issued;</TXT></NP></ITEM><ITEM><NP><NO.P>(c)</NO.P><TXT>the obligation for the provider of wallet-relying party registration certificates, when issuing a wallet-relying party registration certificate, to verify that:</TXT><P><LIST TYPE="DASH"><ITEM><P>the wallet-relying party is included, with a valid registration status, in a national register for wallet-relying parties of the Member State in which that wallet-relying party is established;</P></ITEM><ITEM><P>the information in the wallet-relying party registration certificate is accurate and consistent with the registration information available from that register;</P></ITEM><ITEM><P>the wallet-relying party access certificate is valid;</P></ITEM><ITEM><P>the description of the procedures for revocation of wallet-relying party registration certificates is comprehensive.</P></ITEM></LIST></P></NP></ITEM><ITEM><NP><NO.P>(d)</NO.P><TXT>the obligation for the provider of wallet-relying party registration certificates implements measures and processes on:</TXT><P><LIST TYPE="DASH"><ITEM><P>continuously monitoring in an automated manner any changes in the national register for wallet-relying parties in which wallet-relying parties to whom they have issued wallet-relying party registration certificates are registered;</P></ITEM><ITEM><P>reissue the wallet-relying party registration certificate;</P></ITEM><ITEM><P>revoking any wallet-relying party registration certificate that they issued to the corresponding wallet-relying party, when such changes so require, in particular when the content of the certificate is no longer accurate and consistent with the information registered, or when the registration of the wallet-relying party is modified, suspended or cancelled.</P></ITEM></LIST></P></NP></ITEM><ITEM><NP><NO.P>(e)</NO.P><TXT>a comprehensive description of the procedures and mechanisms for the harmonised validation of wallet-relying party registration certificates;</TXT></NP></ITEM><?PAGE NO="15"?><ITEM><NP><NO.P>(f)</NO.P><TXT>the obligation for the provider of wallet-relying party registration certificates to allow relevant stakeholders, including wallet-relying parties as regards their own certificates, competent supervisory bodies and data protection authorities, to request the revocation of wallet-relying party registration certificates;</TXT></NP></ITEM><ITEM><NP><NO.P>(g)</NO.P><TXT>the obligation for the provider of wallet-relying party registration certificates to register all such revocations in its certificate database and to publish the revocation status of the certificate in a timely manner, and in any event within 24 hours after the receipt of the request for revocation;</TXT></NP></ITEM><ITEM><NP><NO.P>(h)</NO.P><TXT>the obligation for the providers of wallet-relying party registration certificates to provide information on the validity or revocation status of wallet-relying party registration certificates issued by that provider;</TXT></NP></ITEM><ITEM><NP><NO.P>(i)</NO.P><TXT>a description, where relevant, on how a provider of wallet-relying party registration certificates logs all wallet-relying party registration certificates they have issued;</TXT></NP></ITEM><ITEM><NP><NO.P>(j)</NO.P><TXT>the obligation for the wallet-relying party registration certificates:</TXT><P><LIST TYPE="DASH"><ITEM><P>to include the location where the validation data of the advanced electronic signature or advanced electronic seal for the certificate used to sign or seal the registration certificate is available, for the entire trust chain to be built up to the expected trust anchor;</P></ITEM><ITEM><P>to include a machine-readable reference to the applicable certificate policy and certificate practice statement;</P></ITEM><ITEM><P>to include the information referred to in Annex I, points 1, 2, 3, 5, 6 and 8, 9, 10, 11, 12, 13, 14 and 15;</P></ITEM><ITEM><P>to include the URL to the privacy policy referred to in Article 8(2)g;</P></ITEM><ITEM><P>to include a general access policy as referred to in Article 8(3);</P></ITEM></LIST></P></NP></ITEM></LIST></P></NP></ITEM><ITEM><NP><NO.P>4.</NO.P><TXT>The data exchange format for the relying party registration certificate shall be signed JSON Web Tokens (IETF RFC 7519) and CBOR Web Tokens (IETF RFC 8392).</TXT></NP></ITEM><ITEM><NP><NO.P>5.</NO.P><TXT>The revocation referred to in point 3(g) shall become effective immediately upon its publication.</TXT></NP></ITEM><ITEM><NP><NO.P>6.</NO.P><TXT>The information referred to in point 3(h) shall be made available at least on a per certificate basis at any time and at least beyond the validity period of the certificate in an automated manner that is reliable, free of charge and effectively in accordance with the certificate policy.</TXT></NP></ITEM></LIST></GR.SEQ></CONTENTS></ANNEX>
